true_label,predicted_label,true_class,predicted_class,prob_Day 0,prob_Day 28,prob_Day 56,prob_Day 84,prob_Mature
0,0,Day 0,Day 0,0.35204667579393223,0.1761534559953274,0.1549367716130121,0.19826526402613517,0.11859783257159308
0,0,Day 0,Day 0,0.2897703789670787,0.2891169256638408,0.15909435455145804,0.11755438542047963,0.14446395539714277
0,0,Day 0,Day 0,0.3729285900817108,0.2177298446803222,0.1895751933599061,0.11032413231691271,0.10944223956114807
0,0,Day 0,Day 0,0.3619124562870177,0.18487144367672353,0.1923470732241259,0.14266665813113683,0.11820236868099616
0,0,Day 0,Day 0,0.4720696589331758,0.17898675676677198,0.13888068878666324,0.09602641874286705,0.11403647677052188
0,0,Day 0,Day 0,0.38602055509176625,0.15899637711337247,0.17499059524555186,0.13836355628617217,0.14162891626313726
0,1,Day 0,Day 28,0.27361472328373804,0.32523504098679246,0.13491641495695383,0.10481112020909293,0.1614227005634228
0,0,Day 0,Day 0,0.31028873115213995,0.2684712099466066,0.10835451218002799,0.13013784451284305,0.1827477022083822
0,0,Day 0,Day 0,0.4147376472541393,0.21326750669774422,0.1405518248371666,0.13650453989560415,0.09493848131534567
0,0,Day 0,Day 0,0.3148678498135664,0.19679734830716308,0.21148716253260572,0.17904788353860127,0.09779975580806355
0,0,Day 0,Day 0,0.36132566840405556,0.17598203009680224,0.11786243367744485,0.16793108438656237,0.17689878343513485
0,0,Day 0,Day 0,0.40783338946316167,0.14861302176849975,0.12500211824921129,0.15048364287083682,0.16806782764829054
0,0,Day 0,Day 0,0.3420620502474222,0.21756846049811943,0.12296876286547934,0.12243297454283208,0.19496775184614695
0,0,Day 0,Day 0,0.42209090275892747,0.17219523932022945,0.1629619676438889,0.14055848412834238,0.10219340614861187
0,0,Day 0,Day 0,0.33295238940699745,0.28115690540694593,0.12706793661439633,0.1963392436644153,0.062483524907244944
0,0,Day 0,Day 0,0.42371010422972727,0.20803429794733128,0.13396960457531826,0.1511409213705448,0.08314507187707844
0,0,Day 0,Day 0,0.32227705865914125,0.22441959192175065,0.21204080841582568,0.12860890309169115,0.11265363791159119
0,0,Day 0,Day 0,0.2971457029660347,0.2619738078932152,0.15604660626313235,0.12722304161028974,0.1576108412673279
0,0,Day 0,Day 0,0.3502629925625361,0.2684094298507725,0.12041093035111218,0.1352671833823073,0.1256494638532718
0,0,Day 0,Day 0,0.2631270308002602,0.24873324913443023,0.17434309702249645,0.16624794318734565,0.14754867985546752
0,0,Day 0,Day 0,0.29522941785681556,0.22368911685606493,0.1651151914603439,0.1493297644491345,0.16663650937764116
0,0,Day 0,Day 0,0.3228128976646664,0.29835289665867526,0.12869044890331244,0.13401915935674108,0.1161245974166049
0,3,Day 0,Day 84,0.21448481272001493,0.20776312489673462,0.1518327070558061,0.28903922279441024,0.13688013253303408
0,0,Day 0,Day 0,0.35385935874364616,0.19197960955677396,0.1021702912990145,0.18992536235555424,0.16206537804501123
0,0,Day 0,Day 0,0.4005467907474331,0.14831652277169924,0.19871841151445055,0.09767845453437082,0.15473982043204626
0,0,Day 0,Day 0,0.5233908920562174,0.13154722963513468,0.10815579306289684,0.13106842048860326,0.1058376647571478
0,0,Day 0,Day 0,0.27812763948099023,0.25169503434617735,0.13362717814632838,0.20303668300737784,0.1335134650191262
0,0,Day 0,Day 0,0.4696444702502844,0.14810324888632487,0.12215088253162211,0.1672529761367819,0.09284842219498672
0,0,Day 0,Day 0,0.3427651193927924,0.2802118198223775,0.09001354918511062,0.1461905122771619,0.14081899932255756
0,0,Day 0,Day 0,0.42650909348443955,0.14390591158005656,0.10448473893317616,0.17192606818702438,0.15317418781530348
0,0,Day 0,Day 0,0.35871824589114115,0.22036710779821442,0.11917615363980252,0.1539757419395185,0.14776275073132342
0,1,Day 0,Day 28,0.2653957772803191,0.3261205562092366,0.15295597564740646,0.1011105699897582,0.15441712087327972
0,0,Day 0,Day 0,0.26174798228856233,0.2513882136109245,0.19287344066872322,0.11749807760765031,0.17649228582413973
0,0,Day 0,Day 0,0.337486470370799,0.22828304838865832,0.21005482250718155,0.12265818100944632,0.10151747772391488
0,0,Day 0,Day 0,0.3070026857316446,0.1808316146716038,0.1604662761610114,0.18233210208818318,0.16936732134755703
0,0,Day 0,Day 0,0.3368168139955101,0.16162158538227897,0.16773584977238257,0.10936170494713583,0.2244640459026925
0,0,Day 0,Day 0,0.4154713141150958,0.1630628617926678,0.11310402976157931,0.17263557848941685,0.13572621584124034
0,0,Day 0,Day 0,0.41227641202147636,0.2329585859750736,0.14218348645323028,0.11849698677558602,0.09408452877463362
0,0,Day 0,Day 0,0.3139047299878226,0.2681554229070465,0.15772417714185352,0.10997920882667359,0.15023646113660366
0,0,Day 0,Day 0,0.40275477877740146,0.16696197355158673,0.16047110515441365,0.15953760068629144,0.11027454183030669
0,0,Day 0,Day 0,0.342097225158867,0.21753738507048304,0.17480369305003945,0.17680701032736146,0.08875468639324915
0,4,Day 0,Mature,0.22022460666456936,0.19353545876663653,0.13592004691742104,0.13857266897251544,0.3117472186788575
0,0,Day 0,Day 0,0.3398276925727573,0.241696760403185,0.15886386306509861,0.1496604251108601,0.1099512588480991
0,0,Day 0,Day 0,0.42214326166292704,0.16401633708533458,0.13788774387663125,0.13173841070639913,0.14421424666870783
0,0,Day 0,Day 0,0.5499455153777146,0.10367493290359106,0.15238887357238473,0.08543038694426339,0.10856029120204612
0,0,Day 0,Day 0,0.4288211941937795,0.19512321321079912,0.10330639051068138,0.115692280924079,0.157056921160661
0,0,Day 0,Day 0,0.27922010336406833,0.2131355689696801,0.14456718887093228,0.122913346318374,0.24016379247694525
0,0,Day 0,Day 0,0.4176171927428268,0.1163990925197363,0.1573109440649892,0.1285967808782996,0.18007598979414818
0,0,Day 0,Day 0,0.30052234053805765,0.21169916545081213,0.17819423804162565,0.19947199254743941,0.1101122634220651
0,0,Day 0,Day 0,0.3133963945367279,0.17646720861242363,0.12206742382205767,0.23333081402878963,0.15473815900000107
0,1,Day 0,Day 28,0.23483110916756678,0.25239057753258964,0.23947691184547854,0.18385315480050332,0.0894482466538617
0,0,Day 0,Day 0,0.28689431078720706,0.2789239819114801,0.11455106323799501,0.15749721933649682,0.16213342472682105
0,0,Day 0,Day 0,0.3473315630469379,0.2574815264950611,0.08052375636648146,0.14604882340666156,0.16861433068485798
0,1,Day 0,Day 28,0.2605861745454469,0.3436815183891991,0.10516394147762834,0.13864901553229717,0.15191935005542848
0,0,Day 0,Day 0,0.4595254679107241,0.12326546132948202,0.1808894164891527,0.13660914691918216,0.09971050735145898
0,0,Day 0,Day 0,0.3854567516296833,0.2147014114717755,0.12374533547524852,0.15011934900617596,0.12597715241711688
0,0,Day 0,Day 0,0.3020547463545883,0.21079924243961698,0.1874398778826014,0.09167610256791078,0.20803003075528262
0,0,Day 0,Day 0,0.24345315958509622,0.22935420816996874,0.19942333215246502,0.18764000768291456,0.1401292924095556
0,0,Day 0,Day 0,0.33727825381207954,0.18281197791176618,0.12925474401875958,0.19150551342799288,0.15914951082940176
0,0,Day 0,Day 0,0.271469177444813,0.2503772009387495,0.14899354401051432,0.17318307149036044,0.15597700611556278
0,0,Day 0,Day 0,0.29482704085765443,0.18415961716506407,0.1879590128662227,0.18486463491162347,0.14818969419943545
0,0,Day 0,Day 0,0.3286049728517739,0.27407649244430576,0.11564702430641238,0.15847495027256084,0.12319656012494716
0,0,Day 0,Day 0,0.2787068534466076,0.24074094951369213,0.15468114800656194,0.15716090343072453,0.1687101456024137
0,0,Day 0,Day 0,0.33720138312466197,0.2424520682958725,0.13091522448430884,0.15735471383988697,0.13207661025526976
0,0,Day 0,Day 0,0.3277323175618055,0.22526735586922159,0.10931578913985478,0.23745993416117048,0.10022460326794765
0,1,Day 0,Day 28,0.23781748006507797,0.2708145893713376,0.1695291398786709,0.16541602772993969,0.15642276295497384
0,0,Day 0,Day 0,0.35967472203856304,0.16469639704408365,0.1557252784428363,0.1304933397493719,0.18941026272514505
0,0,Day 0,Day 0,0.3632278943652746,0.17589383115192272,0.14689309037219148,0.1812047382857356,0.13278044582487553
0,0,Day 0,Day 0,0.30666070986655436,0.24164772303478646,0.1712647437237581,0.14355439664808822,0.13687242672681302
0,0,Day 0,Day 0,0.4269835046142514,0.15629265410670595,0.11797489133789256,0.14382782153107887,0.1549211284100713
0,0,Day 0,Day 0,0.3243171183423477,0.2724648352316703,0.15820273325737336,0.12375475346985264,0.12126055969875603
0,0,Day 0,Day 0,0.30214636162498515,0.23117572849316048,0.1539330749642892,0.18391542433982427,0.1288294105777409
0,0,Day 0,Day 0,0.3319188559529379,0.2685921362961937,0.11929301731980327,0.13883768032407037,0.14135831010699493
0,0,Day 0,Day 0,0.32955806970460116,0.23144114955753178,0.15529770017616037,0.16181693777544698,0.12188614278625957
0,0,Day 0,Day 0,0.2814874623465915,0.19166180085393816,0.17260618297494199,0.15479871766901912,0.19944583615550923
0,0,Day 0,Day 0,0.26259279567119465,0.2449697326344574,0.1422781315406761,0.24431628988205817,0.10584305027161374
0,0,Day 0,Day 0,0.3563433648003525,0.22067241449565317,0.10798686123863467,0.1667550796848401,0.1482422797805197
0,0,Day 0,Day 0,0.3163917236529264,0.19921766747344177,0.209701084884767,0.1680041852231299,0.1066853387657349
0,0,Day 0,Day 0,0.2618158906328116,0.2262128174996563,0.0992824412325806,0.22961606761784073,0.18307278301711077
0,0,Day 0,Day 0,0.3130588512077085,0.12729561904670808,0.2128065809963641,0.14805687724919814,0.19878207150002117
0,0,Day 0,Day 0,0.27744309138014844,0.20906161573602258,0.17795494304007606,0.18334726575776858,0.15219308408598445
0,0,Day 0,Day 0,0.4014861150111065,0.1483153720043742,0.1392419825888294,0.1519435137688623,0.15901301662682754
0,0,Day 0,Day 0,0.40653072868942747,0.14433599409697184,0.09594450647426245,0.20312785834824135,0.1500609123910968
0,1,Day 0,Day 28,0.25795866096539705,0.291809530914262,0.13665797175318534,0.1836484092972432,0.12992542706991247
0,0,Day 0,Day 0,0.4136842118729774,0.2392391555287624,0.09602204211126307,0.1344129659517219,0.11664162453527528
0,0,Day 0,Day 0,0.4451539724495744,0.13957335580907163,0.1577402041939533,0.17710918192703445,0.08042328562036612
0,0,Day 0,Day 0,0.28508090707251926,0.1269249323162416,0.15299029083492263,0.20153866004437207,0.23346520973194448
0,0,Day 0,Day 0,0.34605145463213416,0.32329838222395363,0.10033318069483714,0.09401397107367336,0.13630301137540174
0,0,Day 0,Day 0,0.41683673955820055,0.22147659232678554,0.09325173558782544,0.1589621949421592,0.10947273758502916
0,0,Day 0,Day 0,0.4150212961464105,0.22997448810701215,0.11556651224262972,0.13157928184730952,0.10785842165663813
0,0,Day 0,Day 0,0.3345549799163129,0.26619662822439094,0.11136454660901103,0.1671931765751925,0.12069066867509255
0,0,Day 0,Day 0,0.341410426557304,0.24106462379038013,0.13564881224537076,0.1566922150427279,0.12518392236421716
0,0,Day 0,Day 0,0.480320706624242,0.1725857529281407,0.10166639877753351,0.1314018600825536,0.11402528158753018
0,0,Day 0,Day 0,0.3261690997945699,0.24486655699648466,0.17800649856181044,0.12979259526903997,0.121165249378095
0,0,Day 0,Day 0,0.3373493921978785,0.10987168264463394,0.10340806224575569,0.22296613884156433,0.22640472407016754
0,3,Day 0,Day 84,0.2601752148221854,0.19461009910330576,0.12736152776583887,0.26656381948871505,0.15128933881995496
0,0,Day 0,Day 0,0.3893913902829013,0.1806551887704347,0.1121870438819693,0.18304721070983546,0.1347191663548592
0,0,Day 0,Day 0,0.25755939812622297,0.18304907868889553,0.11908456242872695,0.2493090160782398,0.1909979446779147
0,0,Day 0,Day 0,0.30315287424628534,0.2770699035475572,0.13116103728226486,0.10472901537007033,0.18388716955382223
0,0,Day 0,Day 0,0.4392249047726928,0.16731008748241843,0.1537621496662072,0.13113590605276557,0.10856695202591596
0,0,Day 0,Day 0,0.369498043721054,0.3001737306854261,0.0854312291128504,0.14499674373386442,0.09990025274680513
0,0,Day 0,Day 0,0.354847483914828,0.20090568386395774,0.13614262834805618,0.17590714972163465,0.1321970541515234
0,0,Day 0,Day 0,0.3907050779277559,0.21272598599674844,0.1448223374321272,0.12404788645470227,0.12769871218866619
0,0,Day 0,Day 0,0.38405366310977274,0.21642577690769568,0.10356673713473664,0.1396594516658395,0.15629437118195555
0,1,Day 0,Day 28,0.25580343602063843,0.2741515848017946,0.1406356519471696,0.19751417391613077,0.13189515331426668
0,0,Day 0,Day 0,0.28347673826907854,0.16724487505237623,0.1942025137969891,0.2091239763677959,0.1459518965137602
0,0,Day 0,Day 0,0.4505123848102865,0.13942361471282694,0.1587246247647629,0.12011952836053601,0.13121984735158765
0,0,Day 0,Day 0,0.36580879827795226,0.1667064966842882,0.13835221161805067,0.20243589401775924,0.12669659940194963
0,0,Day 0,Day 0,0.4147066488426103,0.14235455542720618,0.16207197669432966,0.20936921916824697,0.07149759986760709
0,0,Day 0,Day 0,0.29681486023603676,0.2560428333041498,0.14657094013707403,0.17343437256481278,0.1271369937579266
0,0,Day 0,Day 0,0.33336100208887515,0.18463472936522987,0.18685557353702797,0.15018412895241165,0.14496456605645558
0,0,Day 0,Day 0,0.34111158643472134,0.1952550661633958,0.14357140956569792,0.18142733672312739,0.13863460111305756
0,1,Day 0,Day 28,0.29567976043566896,0.2974637081137109,0.14553664904096536,0.10865409513684957,0.15266578727280522
0,0,Day 0,Day 0,0.41078299857708667,0.14955479140931988,0.14871953953386916,0.12111721413832129,0.169825456341403
0,0,Day 0,Day 0,0.3004690820958235,0.2888000635961529,0.13776608339434668,0.12182553063095741,0.1511392402827195
0,1,Day 0,Day 28,0.22010729318794572,0.24829592069422599,0.2022359842755026,0.11484436686971118,0.2145164349726145
0,0,Day 0,Day 0,0.32876795320487384,0.1581290206246107,0.15018478136838767,0.23432833422431448,0.1285899105778134
0,0,Day 0,Day 0,0.3829003547166352,0.18613487372585288,0.12178752114564878,0.19212087759551819,0.11705637281634498
0,0,Day 0,Day 0,0.33759875888424157,0.1709134035508116,0.15882224477365345,0.15586698949680208,0.17679860329449124
0,0,Day 0,Day 0,0.3387474577070686,0.21193328882271315,0.12689761304873534,0.14861259453834835,0.17380904588313462
0,0,Day 0,Day 0,0.3725212013875423,0.13864855775445797,0.1623207720052804,0.18771836021886773,0.13879110863385163
0,0,Day 0,Day 0,0.496495657144393,0.14421141901739484,0.09331656170920816,0.08277619835010204,0.1832001637789021
0,0,Day 0,Day 0,0.3575960154005262,0.17592936404044243,0.1372852218286577,0.09709031984310557,0.23209907888726808
0,0,Day 0,Day 0,0.33602286819484883,0.19882747216229874,0.16604868569093778,0.15879977162605524,0.14030120232585935
0,0,Day 0,Day 0,0.2385778809732718,0.19924012308935474,0.20225828706949103,0.17929426101988244,0.18062944784799992
0,0,Day 0,Day 0,0.3232628348849436,0.16405617092625246,0.15121114922141887,0.16155897975013425,0.19991086521725085
0,1,Day 0,Day 28,0.24078938940472824,0.34597568751208657,0.15184820926378512,0.14431153122691326,0.11707518259248686
0,1,Day 0,Day 28,0.2671616719360306,0.3094585002656596,0.1771823439634822,0.1266879389172734,0.11950954491755433
0,1,Day 0,Day 28,0.31068910720411674,0.3267240225693248,0.13410231151123378,0.09891685125339789,0.12956770746192683
0,0,Day 0,Day 0,0.37063015626175055,0.10753102598137601,0.16600138718154658,0.1615912231267152,0.19424620744861168
0,0,Day 0,Day 0,0.4090619554190834,0.20813642970568771,0.09980586813962267,0.08181342122901816,0.20118232550658804
0,0,Day 0,Day 0,0.3529001136831861,0.2068190941356722,0.14613279123272616,0.15779398625642582,0.13635401469198968
0,0,Day 0,Day 0,0.3446568028190011,0.20224016879329104,0.16786925275783438,0.14981644260402305,0.13541733302585027
0,0,Day 0,Day 0,0.34713131237569644,0.1858206396064259,0.21125574223111102,0.07309640021024483,0.18269590557652188
0,0,Day 0,Day 0,0.49952014503787673,0.11708434142225033,0.1398495222065463,0.1414704911850303,0.10207550014829625
0,0,Day 0,Day 0,0.2695794150148845,0.14155603912414266,0.2202329118108221,0.18152107148687455,0.18711056256327618
0,0,Day 0,Day 0,0.4326240932087923,0.15300255085407785,0.13240417815249997,0.1756462194358397,0.10632295834879012
0,0,Day 0,Day 0,0.38624757485857814,0.17734840749297584,0.12317985802802901,0.16649221463811714,0.14673194498229977
0,0,Day 0,Day 0,0.2992677385025622,0.27308597191993583,0.10501606696351434,0.16638977532465962,0.15624044728932796
0,0,Day 0,Day 0,0.32756229189813424,0.23139593591047952,0.10851308726054112,0.19468976451917896,0.1378389204116662
0,0,Day 0,Day 0,0.33566189062057067,0.3093532560287016,0.1354879899321771,0.11498623478660311,0.10451062863194754
0,0,Day 0,Day 0,0.3738975090058895,0.13039366994799584,0.21329274669818446,0.0801674431238864,0.20224863122404377
0,0,Day 0,Day 0,0.3665761111071652,0.19997228266304534,0.12744216653203183,0.16602145353479683,0.13998798616296082
0,0,Day 0,Day 0,0.4190975684835538,0.19277204081157898,0.13842431605812602,0.12343393685044383,0.12627213779629728
0,0,Day 0,Day 0,0.4026152610872981,0.13388107728551363,0.11076654066550388,0.19445516519467648,0.1582819557670079
0,0,Day 0,Day 0,0.3504787503338932,0.21909462336808797,0.17029070205975236,0.13779929307490757,0.12233663116335884
0,0,Day 0,Day 0,0.3787800616446315,0.1604743000076593,0.1693862609119873,0.09971979679779092,0.191639580637931
0,0,Day 0,Day 0,0.322054446510534,0.1818898225201267,0.15560876339708,0.1894014108787128,0.15104555669354652
0,0,Day 0,Day 0,0.2708197482148622,0.1784784652836342,0.15721714419067212,0.18977979702958367,0.2037048452812478
0,0,Day 0,Day 0,0.33768702399265144,0.2552387483647486,0.1417993926583266,0.15002744809201982,0.11524738689225354
0,0,Day 0,Day 0,0.32771155272473,0.16659469656503784,0.1367900689644683,0.23630452187146203,0.1325991598743018
0,0,Day 0,Day 0,0.5026061727803532,0.173476430450067,0.11255533439766256,0.08746288631861437,0.1238991760533028
0,0,Day 0,Day 0,0.2634288633261265,0.18791288090356892,0.2519098229173374,0.12869864986981194,0.16804978298315526
0,0,Day 0,Day 0,0.2678812568072483,0.1887042609764542,0.21567612184639462,0.11784359111846858,0.2098947692514344
0,0,Day 0,Day 0,0.37119980273813213,0.155389464734856,0.15403055293709783,0.17150100440534202,0.14787917518457197
0,0,Day 0,Day 0,0.27213144144241924,0.1963308549857633,0.16242051962201795,0.1731556542929414,0.19596152965685806
0,0,Day 0,Day 0,0.3620215984211977,0.13888542833946446,0.16147543974437786,0.17473209369259415,0.16288543980236592
0,0,Day 0,Day 0,0.40816089100094743,0.2328737776888124,0.1469430753576574,0.13050549899105365,0.08151675696152903
0,0,Day 0,Day 0,0.3966565385992931,0.22337426469904167,0.16109278846867367,0.10977308784955166,0.10910332038343966
0,0,Day 0,Day 0,0.40446686507624835,0.18022960380295847,0.15539033735793625,0.13363508692596143,0.12627810683689542
0,0,Day 0,Day 0,0.4302332787089934,0.1719324308608637,0.14625697578643124,0.1289187299694742,0.1226585846742375
0,0,Day 0,Day 0,0.32384601361981286,0.2219247238498051,0.1311285640213092,0.2097989058959805,0.11330179261309221
0,0,Day 0,Day 0,0.30956388543372687,0.16947432308280697,0.20032987107086442,0.1475040090146172,0.1731279113979845
0,0,Day 0,Day 0,0.2400078036673928,0.2262594099161838,0.18833478340530607,0.15560347934065352,0.1897945236704638
0,1,Day 0,Day 28,0.26552073491405376,0.27139895767527294,0.23366803269484376,0.11920562064111186,0.11020665407471775
0,0,Day 0,Day 0,0.4130484104062336,0.2657766374935133,0.10455792577448506,0.10944654604314465,0.1071704802826234
0,0,Day 0,Day 0,0.3145214920019964,0.20237007929344736,0.14540645288887755,0.15758770758059268,0.180114268235086
0,0,Day 0,Day 0,0.3257478849254808,0.2853548906872996,0.100048577395628,0.17074167063218357,0.11810697635940809
0,0,Day 0,Day 0,0.3373422009984257,0.2465256017161648,0.10799130204730704,0.16277761545277686,0.14536327978532546
0,0,Day 0,Day 0,0.34412468856098233,0.1952288848912751,0.24258320530330044,0.11062591051051827,0.10743731073392394
0,0,Day 0,Day 0,0.29425713792217234,0.17446350923387735,0.12405808553216813,0.20328620009632076,0.20393506721546145
0,0,Day 0,Day 0,0.32416269634199923,0.17490756466268537,0.17986518894776593,0.14047950184985666,0.18058504819769272
0,0,Day 0,Day 0,0.33967616039074433,0.12283574084286548,0.2038906990338972,0.22166359702126018,0.11193380271123266
0,0,Day 0,Day 0,0.2817613523491779,0.20075933487546474,0.14385726825781125,0.1595064500933423,0.2141155944242038
0,0,Day 0,Day 0,0.3849413956307281,0.18935683011995308,0.11916086457803776,0.1437471095969797,0.16279380007430144
0,0,Day 0,Day 0,0.4507951141428433,0.14412766785500888,0.12680021870771968,0.12140814230341365,0.15686885699101444
0,0,Day 0,Day 0,0.4995283649828095,0.1315086943059303,0.09648694338170014,0.14651733960613594,0.1259586577234242
0,0,Day 0,Day 0,0.43093532246703103,0.1873266712436679,0.10276020494718908,0.13407299175670886,0.1449048095854031
0,0,Day 0,Day 0,0.33899512986142794,0.18817616497871867,0.15293236934886786,0.16008056623851627,0.1598157695724693
0,0,Day 0,Day 0,0.3809194770048603,0.18168213525890423,0.14146735645607975,0.1899224378294241,0.10600859345073156
0,0,Day 0,Day 0,0.35675853567253263,0.17134239419853156,0.13819666452730292,0.1949224147362084,0.13877999086542436
0,0,Day 0,Day 0,0.3213296463597352,0.12664702941738828,0.16310920675117369,0.16193903163578294,0.2269750858359198
0,0,Day 0,Day 0,0.30228105274593414,0.20689183890422128,0.14785311602854562,0.21283504236056744,0.1301389499607315
0,0,Day 0,Day 0,0.35376174039269226,0.23278086180234142,0.1461445809401767,0.12634361525086057,0.1409692016139291
0,0,Day 0,Day 0,0.42440179578377485,0.14112064007486438,0.1406266488988363,0.11541161180401276,0.17843930343851183
0,0,Day 0,Day 0,0.2500067548295514,0.18712156580010425,0.17339836228453828,0.24070034537372648,0.14877297171207965
0,1,Day 0,Day 28,0.30041017813911175,0.35577325964618406,0.10078777455472587,0.08450503593823076,0.15852375172174762
0,0,Day 0,Day 0,0.3326941265634628,0.16689662870947636,0.1928533978525296,0.1741898528860669,0.13336599398846444
0,1,Day 0,Day 28,0.23419867924973328,0.24966213139709334,0.16371076809527493,0.13731303286454197,0.21511538839335637
0,0,Day 0,Day 0,0.3220533326896818,0.1616940987350279,0.1503616064067243,0.1812879835680872,0.18460297860047872
0,0,Day 0,Day 0,0.32075812499143286,0.22428717026888645,0.10437690757338534,0.2143880105101071,0.13618978665618817
0,0,Day 0,Day 0,0.39023456812859075,0.19114890272012866,0.13907410712283727,0.1459684630266151,0.13357395900182825
0,0,Day 0,Day 0,0.3459149783121784,0.2554774932312867,0.13034445550048362,0.15177908520527347,0.11648398775077791
0,0,Day 0,Day 0,0.4374169692173543,0.14642172550327795,0.20330370396576974,0.12838266315161287,0.08447493816198504
0,0,Day 0,Day 0,0.3728005021547018,0.1752851434867584,0.18986316047357785,0.13124345680261776,0.13080773708234422
0,0,Day 0,Day 0,0.2860547378549094,0.24292485904596733,0.10534652440071207,0.13357311950481007,0.23210075919360107
0,0,Day 0,Day 0,0.40092000248590043,0.21927948712774592,0.10755905804674477,0.13921909545864802,0.13302235688096084
0,1,Day 0,Day 28,0.2460509731420239,0.30536357840956635,0.17676616140231075,0.13540399380082893,0.13641529324527013
0,0,Day 0,Day 0,0.43005186447575494,0.13324280864847124,0.1616543100959968,0.147143806182022,0.1279072105977551
0,1,Day 0,Day 28,0.28387264948623087,0.3055453195348147,0.15266270424312187,0.11353433010774619,0.1443849966280862
0,0,Day 0,Day 0,0.411391139689509,0.22184198628854654,0.12288094043888408,0.10422046011330006,0.13966547346976035
0,0,Day 0,Day 0,0.33596004782784183,0.2333095967722131,0.15138567442908724,0.17184102108868685,0.10750365988217091
0,0,Day 0,Day 0,0.37435376393801456,0.16687078844339642,0.1929144088425271,0.09582177479437703,0.17003926398168506
0,0,Day 0,Day 0,0.3803539890708525,0.17714217220125378,0.13480580329870553,0.1433594718951109,0.16433856353407728
0,0,Day 0,Day 0,0.33121845623716384,0.14500663185070908,0.12157224868497535,0.21763758226033042,0.18456508096682148
0,0,Day 0,Day 0,0.37661985128285913,0.20151398539631724,0.14678960712392894,0.17008645140731624,0.10499010478957845
0,0,Day 0,Day 0,0.3544114871835194,0.13817000519519484,0.17789162967944785,0.19337812620504216,0.13614875173679575
0,0,Day 0,Day 0,0.47027147196281927,0.12955825277255928,0.09031793898677805,0.1427979997205997,0.16705433655724378
0,0,Day 0,Day 0,0.44978905579021655,0.15055529281301241,0.16261972908872452,0.12395831083094397,0.11307761147710259
0,0,Day 0,Day 0,0.3623846454814336,0.20641961081616247,0.08089019839901213,0.1823367243489578,0.16796882095443386
0,0,Day 0,Day 0,0.3023665471129558,0.23664101895664433,0.17118317198316166,0.16419610818559033,0.12561315376164792
0,0,Day 0,Day 0,0.2927213480970033,0.2050803505621594,0.20008709500602245,0.17315363118838656,0.12895757514642822
0,0,Day 0,Day 0,0.45327619171459493,0.09590559848351816,0.2115664326979231,0.10175158353285266,0.13750019357111098
0,0,Day 0,Day 0,0.2926589921673715,0.15919199808045528,0.22406523099967318,0.14953342436987563,0.17455035438262428
0,0,Day 0,Day 0,0.3363055992278549,0.2318600385500475,0.14696483056464807,0.1051766839550066,0.1796928477024429
0,0,Day 0,Day 0,0.3163628670058794,0.13550247838564455,0.1361771535688617,0.22917000895016784,0.1827874920894465
0,0,Day 0,Day 0,0.30163756031473804,0.1768270041032522,0.1285413454247702,0.24440585799768913,0.14858823215955042
0,0,Day 0,Day 0,0.35400544182848226,0.2532861808227165,0.1425348652908159,0.12763192036539495,0.12254159169259041
0,0,Day 0,Day 0,0.3261841259452307,0.19485179376413195,0.1699088359733143,0.14526857684195663,0.16378666747536638
0,0,Day 0,Day 0,0.34595895993991443,0.21426317161700204,0.0889233077864769,0.19335959877607417,0.1574949618805325
0,0,Day 0,Day 0,0.4002125691805,0.07873782276634284,0.22486284163267228,0.12840892485030275,0.16777784157018208
0,0,Day 0,Day 0,0.26962505199793696,0.2503469109486578,0.11369504181405414,0.12957085946568225,0.2367621357736689
0,0,Day 0,Day 0,0.31428457169356866,0.2085529011570336,0.17522903487458585,0.16202547400832892,0.13990801826648305
0,1,Day 0,Day 28,0.297198839713631,0.32259129019692706,0.11267760195834839,0.12282951049032739,0.1447027576407663
0,0,Day 0,Day 0,0.3689010438642493,0.23177218237085254,0.1382635365849502,0.0886690069897836,0.17239423019016425
0,0,Day 0,Day 0,0.2849053747896156,0.24847304194140715,0.1334991603137865,0.16280138142223577,0.17032104153295508
0,0,Day 0,Day 0,0.33259088841181145,0.2050438008433291,0.19694514245973643,0.1484546038794974,0.11696556440562565
0,0,Day 0,Day 0,0.37535436552545376,0.2448343102622642,0.0898399594261658,0.14716168921030523,0.14280967557581103
0,0,Day 0,Day 0,0.30322343280324543,0.2898728187241262,0.1333292981354994,0.14598243766821853,0.1275920126689104
0,0,Day 0,Day 0,0.37111604233084444,0.15921077266091882,0.1075602348056431,0.24129869401564444,0.12081425618694928
0,0,Day 0,Day 0,0.32498917792752263,0.13315138218513914,0.15072000432899413,0.12857990600161606,0.262559529556728
0,0,Day 0,Day 0,0.3740110949709806,0.13953893118579702,0.21862683547257888,0.16013097050710223,0.10769216786354126
0,1,Day 0,Day 28,0.18750316358879696,0.4147863966048235,0.10588486899225105,0.10097142231219171,0.19085414850193674
0,0,Day 0,Day 0,0.4411407605022432,0.20749943741884702,0.11462257276330215,0.11776186739809837,0.11897536191750928
0,0,Day 0,Day 0,0.3986805814226077,0.2105497690635631,0.1422991315534985,0.13887370206769165,0.10959681589263909
0,0,Day 0,Day 0,0.3966918127817391,0.15449259782731695,0.17601459293675348,0.14232334139461517,0.13047765505957537
0,0,Day 0,Day 0,0.34068324516391707,0.2890303593531017,0.17467777379086574,0.09320958031930093,0.10239904137281448
0,0,Day 0,Day 0,0.43500987035915734,0.1516640509175722,0.13596039001650345,0.16948793734493986,0.10787775136182719
0,0,Day 0,Day 0,0.4063121210824543,0.15889693423312581,0.1430749210322339,0.18527983552369923,0.10643618812848679
0,0,Day 0,Day 0,0.3463941145587903,0.18205980414831832,0.15091264244041025,0.14121328813377254,0.17942015071870854
0,0,Day 0,Day 0,0.3559568885595375,0.180225412609796,0.150512871292012,0.1711445876126235,0.14216023992603102
0,0,Day 0,Day 0,0.3620366787073314,0.17308307990464228,0.1275919716480704,0.10728773299261996,0.23000053674733598
0,0,Day 0,Day 0,0.29171814080501635,0.19527689241636617,0.1415151271512811,0.219394799457673,0.1520950401696635
0,0,Day 0,Day 0,0.4087446157810392,0.14396311789608776,0.1344531878865149,0.10256403928294158,0.21027503915341644
0,0,Day 0,Day 0,0.2669857271128934,0.23584871945611255,0.18140875108754775,0.17461063544473346,0.14114616689871284
0,0,Day 0,Day 0,0.29726530092701103,0.1845898416846616,0.12523072935681326,0.17037245657076444,0.22254167146074974
0,0,Day 0,Day 0,0.3034907562206636,0.13954852485809174,0.1450887587278284,0.2959005578485646,0.11597140234485148
0,0,Day 0,Day 0,0.38417898688111224,0.24237464849391782,0.09192796152318707,0.12544579925430208,0.15607260384748062
0,0,Day 0,Day 0,0.3618888537761207,0.2231017047738689,0.1452815096255071,0.13230020142284468,0.1374277304016585
0,0,Day 0,Day 0,0.3027680118474846,0.24916527968696942,0.1441707417928015,0.19075229112182898,0.1131436755509155
0,0,Day 0,Day 0,0.34782439123028336,0.24114357494233565,0.08042279067023149,0.15170283544181237,0.1789064077153371
0,1,Day 0,Day 28,0.2494296103934581,0.3295527712384986,0.16119718385065843,0.12265558859779109,0.13716484591959383
0,0,Day 0,Day 0,0.38359239640884174,0.20104892650181616,0.16149789070496184,0.1126223729130669,0.14123841347131358
0,0,Day 0,Day 0,0.2748991724500024,0.22782575969458135,0.1328145995292099,0.14141974300405008,0.22304072532215638
0,0,Day 0,Day 0,0.40122553854605175,0.21382632046916217,0.09623390700991193,0.12000301664634744,0.16871121732852676
0,1,Day 0,Day 28,0.29642494749367504,0.33273168775183404,0.13391567340492455,0.12952584427939298,0.1074018470701735
0,0,Day 0,Day 0,0.3455483130514755,0.18923935019675917,0.16978281972765372,0.18459319090663495,0.11083632611747653
0,0,Day 0,Day 0,0.33782397644506224,0.1658265799794266,0.23060892097255611,0.154589038359414,0.11115148424354111
0,1,Day 0,Day 28,0.29849364149629165,0.33052412542805165,0.11399330936681376,0.14470913977617444,0.11227978393266849
0,0,Day 0,Day 0,0.31987110113692624,0.254236385898497,0.12878676266364145,0.15173740333744998,0.14536834696348525
0,0,Day 0,Day 0,0.29401384578028666,0.2767772720849821,0.1414350840606695,0.12394484114950484,0.16382895692455696
0,0,Day 0,Day 0,0.278335186771567,0.21011061360838784,0.1484215938636712,0.2010916184922481,0.1620409872641259
0,0,Day 0,Day 0,0.30474822424118947,0.23070192216103755,0.18631651358489565,0.1529366265963934,0.12529671341648385
0,0,Day 0,Day 0,0.31011881971251976,0.18959151470641428,0.17048963630080344,0.16054266957507063,0.1692573597051919
0,0,Day 0,Day 0,0.33541571099557665,0.22858045304163177,0.13731973353035465,0.16176297358122216,0.13692112885121469
0,0,Day 0,Day 0,0.26617515761618593,0.20058566651817278,0.18132901111073343,0.1400858226146655,0.21182434214024223
0,0,Day 0,Day 0,0.3924888312794278,0.22283159711403075,0.1055323687470916,0.16751981799430346,0.11162738486514653
0,0,Day 0,Day 0,0.34981987713508156,0.18931984420581965,0.14936883042809518,0.14887912944037932,0.16261231879062432
0,0,Day 0,Day 0,0.32387984540104975,0.18428995607181506,0.14726405804145756,0.18258054093390938,0.1619855995517682
0,0,Day 0,Day 0,0.3107234497049905,0.12880181750694977,0.24663263851685324,0.1381842994663262,0.1756577948048804
0,0,Day 0,Day 0,0.30089994278208776,0.14306090902786872,0.1986982792716069,0.21430227576121844,0.1430385931572182
0,0,Day 0,Day 0,0.23123512755316855,0.2293019453443821,0.21250703599968684,0.13316501175871123,0.19379087934405137
0,0,Day 0,Day 0,0.3292502272014228,0.23194221703712353,0.14429928160040828,0.11069743479210586,0.18381083936893938
0,0,Day 0,Day 0,0.3708461836730811,0.2272507388813051,0.1282979633024014,0.14852476040098206,0.1250803537422304
0,1,Day 0,Day 28,0.307534143201679,0.3138771291483605,0.09528360825100983,0.0911973762991702,0.19210774309978054
0,0,Day 0,Day 0,0.31434157528349677,0.16191481904741545,0.1840632758199651,0.12229599927415612,0.2173843305749667
0,0,Day 0,Day 0,0.3602399260787176,0.1553110285611267,0.22394705889308011,0.11127711973796897,0.14922486672910654
0,0,Day 0,Day 0,0.32249611259240063,0.25835692904512997,0.1894770525428853,0.12974825720860675,0.09992164861097722
0,0,Day 0,Day 0,0.35833521200652146,0.15470582677288727,0.2270923633844773,0.1420778751188835,0.11778872271723048
0,0,Day 0,Day 0,0.38701605530646804,0.1476974793993034,0.1212469832640542,0.21736042388976454,0.1266790581404098
0,0,Day 0,Day 0,0.24743568705745378,0.22511712785543408,0.18709764262941758,0.1688946950061586,0.17145484745153586
0,0,Day 0,Day 0,0.31390890094333,0.14973068938140677,0.23894091217362337,0.15155866600634155,0.1458608314952982
0,0,Day 0,Day 0,0.3830212172352602,0.18899755660951223,0.12919084490737984,0.2053386398426257,0.09345174140522196
0,0,Day 0,Day 0,0.370452315053817,0.17540340996273904,0.1320684424142297,0.18677190065318433,0.13530393191602996
0,0,Day 0,Day 0,0.38311200875609763,0.26980097392135466,0.12818604782572596,0.11548907115201598,0.10341189834480588
0,1,Day 0,Day 28,0.2155522241234618,0.3876967450022782,0.11416237278157139,0.14633960622211986,0.13624905187056877
0,0,Day 0,Day 0,0.3466472761080723,0.24054921444073277,0.16937329635156884,0.11860301313975168,0.12482719995987449
0,0,Day 0,Day 0,0.3308020733283104,0.16946231770447653,0.19754359484725564,0.15061138815225367,0.15158062596770372
0,0,Day 0,Day 0,0.36832299245011535,0.25861144102792144,0.13750726134623095,0.0954339909032895,0.14012431427244285
0,0,Day 0,Day 0,0.29621779366172174,0.17830839152193162,0.17293268425513475,0.20880511735640936,0.14373601320480262
0,0,Day 0,Day 0,0.28312351387895984,0.25423820838835426,0.11770511727833508,0.2216333131429274,0.12329984731142345
0,1,Day 0,Day 28,0.21619053913086136,0.25222752115219926,0.1596620895923834,0.20608612787411607,0.16583372225043977
0,0,Day 0,Day 0,0.38952896161719347,0.16757334363250403,0.1618371734103374,0.139602829140573,0.14145769219939205
0,0,Day 0,Day 0,0.345647802032754,0.2859068761554079,0.1390737761558672,0.0937339417476145,0.1356376039083564
0,0,Day 0,Day 0,0.44973282321913766,0.16352415427484948,0.13465083633247055,0.1426434877056525,0.10944869846788992
0,0,Day 0,Day 0,0.4034403279562245,0.1950499299850809,0.1608631676554658,0.11671414166970275,0.1239324327335262
0,0,Day 0,Day 0,0.3744957281465795,0.165040719639784,0.20577263473301283,0.12064542053962614,0.13404549694099746
0,0,Day 0,Day 0,0.4567669146182845,0.1405652100272881,0.09595595841796523,0.10396236608128478,0.20274955085517746
0,1,Day 0,Day 28,0.24465411277621127,0.35257951749885025,0.10319538888807664,0.12778023639834127,0.17179074443852063
0,0,Day 0,Day 0,0.3844122173385529,0.24651951286976947,0.13219875746927376,0.12843045675367784,0.108439055568726
0,0,Day 0,Day 0,0.423360620124691,0.1745733828432256,0.11828757740349105,0.14900399340535803,0.13477442622323438
0,0,Day 0,Day 0,0.27803976201734504,0.22710022726256576,0.16969161823451917,0.1380463109649793,0.18712208152059068
0,0,Day 0,Day 0,0.3204965631997671,0.24160812324301573,0.1514623257906461,0.11448126696233313,0.17195172080423793
0,0,Day 0,Day 0,0.28675742145968525,0.272600554772401,0.14756990963588168,0.09780761283087738,0.1952645013011547
0,0,Day 0,Day 0,0.43186764939681455,0.22077791010428574,0.1254320964034862,0.10565681123420456,0.11626553286120911
0,0,Day 0,Day 0,0.36166569667402426,0.2796215792705202,0.17224002040477807,0.10349722538876084,0.0829754782619166
0,0,Day 0,Day 0,0.3947635858363722,0.13478583365824298,0.1751565683700788,0.1579502282325123,0.1373437839027938
0,1,Day 0,Day 28,0.2964140716522621,0.30887618970192776,0.1653191662997597,0.1427652663833116,0.08662530596273882
0,1,Day 0,Day 28,0.29470532652352444,0.29477416012049995,0.19345738101703372,0.11366832893541708,0.10339480340352487
0,0,Day 0,Day 0,0.36236903993438824,0.14217404746066067,0.14682592879436143,0.16884188844560985,0.17978909536497972
0,0,Day 0,Day 0,0.37449369790234815,0.21471364112582528,0.12945580672844223,0.1337036979940736,0.14763315624931067
0,0,Day 0,Day 0,0.34036690032679934,0.2392585977090615,0.10623807810510957,0.19668592173098337,0.11745050212804627
0,0,Day 0,Day 0,0.36390680911841805,0.17448962277143118,0.08244660278426764,0.19860245549093403,0.180554509834949
0,0,Day 0,Day 0,0.3494085026360918,0.2272145201858382,0.1819134626073262,0.10799932471082836,0.13346418985991523
0,0,Day 0,Day 0,0.42978035796411385,0.1438133654994129,0.1596670210749655,0.10595920874106575,0.16078004672044213
0,0,Day 0,Day 0,0.37812374696100665,0.14133909264257627,0.21861682339752544,0.13597818798189465,0.12594214901699705
0,0,Day 0,Day 0,0.3398114066994814,0.267127475931983,0.10480789607989303,0.14135571957175488,0.14689750171688779
0,0,Day 0,Day 0,0.40311940113211236,0.21006250342654945,0.1294892806407925,0.11707934689542836,0.1402494679051172
0,0,Day 0,Day 0,0.3363445512513955,0.1125271996427522,0.21069208964632538,0.2424790431152948,0.09795711634423207
0,0,Day 0,Day 0,0.25876634373508794,0.23883028875497864,0.24308333140040422,0.14589130439588666,0.11342873171364254
0,0,Day 0,Day 0,0.32818266907525845,0.30444409042830956,0.12312163379594733,0.12058242261788318,0.12366918408260147
0,0,Day 0,Day 0,0.26996929454751517,0.2124900710491327,0.22331650407345036,0.16225582848268405,0.13196830184721756
0,0,Day 0,Day 0,0.3502293887282873,0.14206122158309903,0.20115340142539265,0.15968794943603587,0.1468680388271851
0,0,Day 0,Day 0,0.5430894747312404,0.15309566143449205,0.08240123660999002,0.09139704451515733,0.13001658270912025
0,0,Day 0,Day 0,0.34528265899316407,0.1307237775853356,0.18017211694484797,0.12153418898694196,0.22228725748971048
0,0,Day 0,Day 0,0.3914959094762722,0.15383835894480463,0.17455272133497302,0.12977536609291393,0.1503376441510363
0,0,Day 0,Day 0,0.3921333923313676,0.1601502565574083,0.12374816580567466,0.19487558874989871,0.12909259655565072
0,0,Day 0,Day 0,0.31398266698828,0.1565154440359044,0.1647488414532382,0.25711999001533814,0.10763305750723928
0,0,Day 0,Day 0,0.32365451572685466,0.2876136839165245,0.13330940994598423,0.1560218787300013,0.09940051168063536
0,0,Day 0,Day 0,0.30947723026233626,0.15540401353878663,0.15138321560466914,0.162592171162768,0.22114336943144003
0,0,Day 0,Day 0,0.37531801860899433,0.21038537722279857,0.1436829318237853,0.12700746382879768,0.1436062085156242
0,0,Day 0,Day 0,0.3061840381530303,0.205829170628687,0.1970713959225198,0.10975928532458845,0.18115610997117448
0,0,Day 0,Day 0,0.44515450900477577,0.18101682098759492,0.0770372631570514,0.11638897321686649,0.18040243363371145
0,0,Day 0,Day 0,0.35319451505141286,0.15742793932352178,0.13185767958808173,0.19066650263370968,0.16685336340327386
0,0,Day 0,Day 0,0.33396465855367924,0.18930098313456606,0.13581591486906386,0.12058210286334133,0.22033634057934948
0,0,Day 0,Day 0,0.27730924433547816,0.2547730559615347,0.1895170102806894,0.16859467214867105,0.10980601727362659
0,0,Day 0,Day 0,0.39626534678026654,0.20999179749726357,0.11936090842299892,0.16741029310482236,0.10697165419464857
0,0,Day 0,Day 0,0.42951646659354387,0.163296388125388,0.14063458761077255,0.14642572236013743,0.12012683531015805
0,0,Day 0,Day 0,0.396639220047447,0.1757732423657531,0.18073357957266747,0.1034958998182476,0.14335805819588496
0,0,Day 0,Day 0,0.4908089891511481,0.13131998868799477,0.10518490441794093,0.14613772940626454,0.12654838833665177
0,0,Day 0,Day 0,0.331278138533662,0.20669531209913458,0.15093089396903595,0.17404544674611422,0.13705020865205322
0,0,Day 0,Day 0,0.30429083861479606,0.2335892899334794,0.2246806910344675,0.13499343750270776,0.10244574291454932
0,0,Day 0,Day 0,0.43889210591256134,0.18836049277417274,0.07916375494445248,0.1769278942587317,0.11665575211008176
0,0,Day 0,Day 0,0.3303465445996195,0.22082125299242897,0.15038682512056725,0.1754121529261308,0.12303322436125361
0,0,Day 0,Day 0,0.37705595535462544,0.18134587131658722,0.16919921651421138,0.1669979667918234,0.1054009900227526
0,0,Day 0,Day 0,0.38034929334857875,0.14542523679924807,0.1497294053846851,0.13607815296263898,0.18841791150484913
0,0,Day 0,Day 0,0.33696536948649536,0.19120769933431608,0.15035997039326118,0.14234512631269178,0.17912183447323568
0,0,Day 0,Day 0,0.25252194184403437,0.16765471239892357,0.12323709997344293,0.21226147247504637,0.24432477330855282
0,0,Day 0,Day 0,0.3388680965739749,0.19648907799421847,0.1500519091513977,0.2031320157387285,0.11145890054168027
0,0,Day 0,Day 0,0.32095186396645053,0.23752972408274842,0.14541616050403494,0.1366750813788033,0.15942717006796286
0,1,Day 0,Day 28,0.21459494697647388,0.3129332699943366,0.15470699950802955,0.11612046303152583,0.2016443204896341
0,0,Day 0,Day 0,0.37909658917506606,0.15105058732629173,0.14379478598721543,0.1739611764820447,0.15209686102938194
0,0,Day 0,Day 0,0.45512515557713384,0.2186099728361063,0.12822601086986446,0.08449315790950138,0.11354570280739391
0,1,Day 0,Day 28,0.24801271912203873,0.34443406050094416,0.12483512107093285,0.13751835459732592,0.14519974470875824
0,0,Day 0,Day 0,0.32293830657431494,0.31004688580596734,0.11491995396797433,0.14485345931296217,0.10724139433878122
0,0,Day 0,Day 0,0.3018332165451277,0.21101585975597434,0.17829703356583276,0.1640976826245003,0.14475620750856485
0,0,Day 0,Day 0,0.2774790262233934,0.2314091942134432,0.11445258042578976,0.2101880151211386,0.1664711840162351
0,0,Day 0,Day 0,0.2612752786563317,0.20674709140464603,0.13281766973336256,0.17884568187445837,0.22031427833120126
0,0,Day 0,Day 0,0.23830378237503047,0.23783726817818057,0.15750490042075382,0.1992657813481445,0.16708826767789073
0,0,Day 0,Day 0,0.3060982048762114,0.2010411275126211,0.1280539020337168,0.21233811021115306,0.15246865536629764
0,0,Day 0,Day 0,0.5255079183687382,0.18667912822504126,0.11282860764317991,0.09326920024544945,0.08171514551759129
0,0,Day 0,Day 0,0.25613888768442944,0.2477406550775952,0.18676734139958748,0.11055195484311588,0.1988011609952721
0,0,Day 0,Day 0,0.2874226813080356,0.20160208693729906,0.20971031505351428,0.17745693948784466,0.12380797721330629
0,0,Day 0,Day 0,0.36311966259088546,0.14501450366498495,0.16068767025365363,0.18689529597394175,0.1442828675165341
0,0,Day 0,Day 0,0.34995989836704133,0.21949394606964076,0.14452938279145916,0.13188689671981507,0.15412987605204376
0,0,Day 0,Day 0,0.37470960216820964,0.1441309918224481,0.2039937143990572,0.14041661828945393,0.13674907332083122
0,0,Day 0,Day 0,0.3767571157451067,0.19881555027957118,0.1699119733770257,0.1456370048141271,0.10887835578416938
0,0,Day 0,Day 0,0.39627989740538416,0.1532509517266574,0.1570172041878106,0.15423695043190466,0.13921499624824313
0,0,Day 0,Day 0,0.3802835077212205,0.1347393751971979,0.14426737149678526,0.1737255012959127,0.16698424428888364
0,1,Day 0,Day 28,0.2577157237912701,0.2884802977457176,0.1137322734378434,0.18681363963567796,0.15325806538949086
0,1,Day 0,Day 28,0.2620618421706278,0.3081449062629838,0.09618313582503786,0.16979294097462783,0.16381717476672267
0,1,Day 0,Day 28,0.27755015229401236,0.2937851728297113,0.13102010784324508,0.15361097098048732,0.14403359605254387
0,0,Day 0,Day 0,0.31333194768320777,0.24354233949206677,0.16876217991540254,0.08881584990918122,0.18554768300014168
0,1,Day 0,Day 28,0.2396978764824666,0.29568794369117846,0.20946790610316643,0.11993811811184656,0.13520815561134197
0,0,Day 0,Day 0,0.26805782562691977,0.19895942993907048,0.13957429280635,0.1887451470296575,0.2046633045980022
0,0,Day 0,Day 0,0.4872372525310587,0.1705741425435106,0.13583972498306304,0.09436586943610392,0.11198301050626382
0,0,Day 0,Day 0,0.3876432849063283,0.2861974168952416,0.09260039586586441,0.11151771040071258,0.12204119193185305
0,0,Day 0,Day 0,0.38365729467756093,0.16702629348395595,0.16853840768420617,0.13600743601169032,0.14477056814258657
0,0,Day 0,Day 0,0.39184210018796184,0.2018843913446381,0.1284275223724626,0.1424977912370706,0.13534819485786687
0,0,Day 0,Day 0,0.3052544758760654,0.18474698312370674,0.2155077578001658,0.16770184995466544,0.12678893324539653
0,0,Day 0,Day 0,0.3767564913332858,0.1690479980255349,0.1804409049510922,0.1492313657636562,0.12452323992643093
0,0,Day 0,Day 0,0.44000082507248905,0.1469262949120863,0.12364451815820064,0.12383495855881423,0.16559340329840977
0,0,Day 0,Day 0,0.3972214168356136,0.28737688802114236,0.12646090850722175,0.12436981595702606,0.06457097067899614
0,0,Day 0,Day 0,0.35117210194057447,0.19056035748823036,0.14561282775626866,0.16694329724681414,0.14571141556811232
0,1,Day 0,Day 28,0.21253484883386148,0.2620447751582277,0.11384191021193886,0.16319211147275148,0.24838635432322054
0,0,Day 0,Day 0,0.2899065267980684,0.10445734610398626,0.1446384883922715,0.2114202901127162,0.2495773485929577
0,4,Day 0,Mature,0.24083642453724,0.22711117948555115,0.12431518342186373,0.1391085118164036,0.2686287007389415
0,0,Day 0,Day 0,0.24314269562903396,0.22936388746411926,0.17174674961763747,0.20555738191104617,0.15018928537816298
0,0,Day 0,Day 0,0.36857784781273617,0.17991971833537312,0.1543977105918156,0.13419967641961703,0.16290504684045817
0,0,Day 0,Day 0,0.3058688358077679,0.22275370316781815,0.1414076317419957,0.19461594845988262,0.13535388082253572
0,1,Day 0,Day 28,0.24889936915642394,0.3378184623595627,0.13196631733943887,0.14360376408033815,0.13771208706423618
0,0,Day 0,Day 0,0.3859609356437922,0.08592492294912786,0.25831941863219027,0.1532325998587301,0.11656212291615964
0,0,Day 0,Day 0,0.3184948557502047,0.20810278372034632,0.15654924028935094,0.16478388308824243,0.15206923715185547
0,0,Day 0,Day 0,0.3473171470692468,0.18989711128085862,0.13805004994357184,0.13911086442411513,0.1856248272822076
0,0,Day 0,Day 0,0.4198026029054167,0.09057866407970476,0.18054752902675253,0.16321874100844105,0.145852462979685
0,0,Day 0,Day 0,0.2941281452000079,0.26756752443236786,0.17615903911741804,0.11478744853301281,0.14735784271719343
0,0,Day 0,Day 0,0.29937934909173175,0.15287145986631265,0.13857279287516375,0.20800550570725723,0.20117089245953465
0,0,Day 0,Day 0,0.3593915898906811,0.2302482921107546,0.15220323788506732,0.11480386489791755,0.14335301521557955
0,0,Day 0,Day 0,0.35071293052131725,0.21029497453055757,0.1641825678241644,0.14767598020959538,0.12713354691436535
0,0,Day 0,Day 0,0.441080706168677,0.19642208000120348,0.11235925756923164,0.1380466115939075,0.11209134466698037
0,0,Day 0,Day 0,0.34976228643859586,0.23691851340353412,0.14356256226524733,0.16595722856642992,0.10379940932619276
0,0,Day 0,Day 0,0.34955630867580695,0.19608717510561005,0.11315575729919593,0.16928982224796602,0.17191093667142104
0,0,Day 0,Day 0,0.2834514965361628,0.20436367549456655,0.1491614944348631,0.14542082478101553,0.21760250875339202
0,0,Day 0,Day 0,0.3721688072872149,0.21480177125486508,0.09837021997380554,0.1991286340803464,0.11553056740376803
0,0,Day 0,Day 0,0.36884334169101735,0.23335518362445176,0.21888812546806313,0.11144110198209586,0.06747224723437195
0,0,Day 0,Day 0,0.3042054561837175,0.29038606325619515,0.16936031486401715,0.13208080338704103,0.10396736230902923
0,0,Day 0,Day 0,0.3869902852678321,0.14005722114481034,0.15026505002496957,0.15431098607832489,0.16837645748406313
0,0,Day 0,Day 0,0.5435680400539381,0.1762520031368208,0.09832838404081312,0.11363527257713976,0.06821630019128833
0,0,Day 0,Day 0,0.3328593570574429,0.20980162002492253,0.14724273452184566,0.17892339089417958,0.13117289750160926
0,0,Day 0,Day 0,0.42173980956085727,0.18678923257272695,0.13302040025821987,0.12479444691378795,0.13365611069440783
0,0,Day 0,Day 0,0.4519622393368742,0.16793294577276055,0.13005569724913998,0.14534414131422474,0.1047049763270006
0,0,Day 0,Day 0,0.2943570860009336,0.1879404455623234,0.19347374898039424,0.16818534202537372,0.15604337743097504
0,0,Day 0,Day 0,0.3970979763881186,0.1812626178803176,0.14907811539554663,0.13363496169778988,0.13892632863822732
0,0,Day 0,Day 0,0.3180567711609442,0.10783082750187933,0.1512349459911292,0.23105635894357981,0.19182109640246742
0,0,Day 0,Day 0,0.3815314911386395,0.2521820665854019,0.12854011319373634,0.13475955694904582,0.10298677213317656
0,0,Day 0,Day 0,0.30834577442989475,0.23739212242418015,0.1937193948639407,0.1392324318822332,0.12131027639975105
0,0,Day 0,Day 0,0.38653292162258146,0.27291248587365563,0.11235657526421071,0.09175048069687497,0.13644753654267724
0,0,Day 0,Day 0,0.2774458104023954,0.19481306182901698,0.1551803492589634,0.14608173307902333,0.22647904543060093
0,0,Day 0,Day 0,0.35259649413722477,0.20953039696461398,0.1611192132061469,0.10388391539521942,0.17286998029679496
0,0,Day 0,Day 0,0.34854137281316777,0.25613370933526125,0.11383758890634209,0.10235819479718562,0.17912913414804324
0,0,Day 0,Day 0,0.3976900291627194,0.16437148048951825,0.12171643094208086,0.2083916929101245,0.10783036649555697
0,0,Day 0,Day 0,0.45607054688972454,0.1356789970327547,0.14864106476949757,0.11781454482524241,0.1417948464827807
0,0,Day 0,Day 0,0.32302711807228107,0.2103558505129917,0.15914964175424304,0.12367252918509625,0.18379486047538798
0,0,Day 0,Day 0,0.369923264622993,0.23443135671896034,0.1381306920870547,0.09364624829922003,0.16386843827177194
0,0,Day 0,Day 0,0.486239944172012,0.1934267665457872,0.10933477504348918,0.1045923684017966,0.10640614583691495
0,0,Day 0,Day 0,0.3661090992671032,0.13346345734917328,0.1795410809690296,0.16495612780946073,0.1559302346052333
0,0,Day 0,Day 0,0.36205634964261574,0.19257940079321123,0.16283543522464078,0.16249834943418354,0.12003046490534865
0,0,Day 0,Day 0,0.319563897065801,0.22650210959656986,0.23482462172064983,0.11592296386991544,0.10318640774706388
0,0,Day 0,Day 0,0.3559966013280213,0.20518291796236235,0.15098072776738553,0.15672790250330973,0.1311118504389209
0,0,Day 0,Day 0,0.5129639667950026,0.129497020087723,0.11879886845085388,0.14620282512988966,0.09253731953653101
0,1,Day 0,Day 28,0.3087752383396848,0.3108019478302693,0.1375195735850219,0.14801564962018232,0.09488759062484153
0,0,Day 0,Day 0,0.29937193594106865,0.18673369545489282,0.13691150581954256,0.21148796336258865,0.16549489942190737
0,0,Day 0,Day 0,0.2446130420554896,0.20797935127292724,0.1573062064116604,0.189444358853819,0.20065704140610377
0,0,Day 0,Day 0,0.3190860410058614,0.194467211423687,0.12677514862026307,0.1686018661388337,0.19106973281135473
0,0,Day 0,Day 0,0.42545120435759837,0.19081919385499604,0.128160442075529,0.1476582329806776,0.10791092673119912
0,0,Day 0,Day 0,0.4685038836663396,0.1009992844823163,0.12081940065958785,0.1986216861129806,0.11105574507877572
0,0,Day 0,Day 0,0.3479780886375404,0.19528529801831362,0.14762094796069944,0.22531293691379883,0.08380272846964769
0,0,Day 0,Day 0,0.4749789596624768,0.12482608174924067,0.12586981262561997,0.1229741531122197,0.15135099285044284
0,2,Day 0,Day 56,0.2369869360800446,0.24349636869232105,0.25719584850956584,0.10864569767381842,0.15367514904425017
0,0,Day 0,Day 0,0.30440497447124554,0.2426190914071557,0.15376919679547954,0.13198492844484477,0.16722180888127444
1,1,Day 28,Day 28,0.16426978017148128,0.4638656566230862,0.21189557807597262,0.07168353459587819,0.0882854505335817
1,1,Day 28,Day 28,0.27889695621745,0.3207613383309603,0.1897948858133506,0.09470505197821812,0.11584176766002088
1,2,Day 28,Day 56,0.2561832103460601,0.23965554951115758,0.2709722713565252,0.11024790968667626,0.12294105909958088
1,1,Day 28,Day 28,0.1667105671242189,0.3305177589190196,0.1815398700159859,0.20318900154894406,0.11804280239183157
1,1,Day 28,Day 28,0.17724864254868425,0.31522522226690913,0.26586833884389677,0.12186085349935856,0.1197969428411513
1,1,Day 28,Day 28,0.2638913378872343,0.39280568379619757,0.13578287289073504,0.059187994807289306,0.1483321106185438
1,1,Day 28,Day 28,0.29401254378005093,0.3039872905821801,0.11992393744846665,0.17392244808045584,0.10815378010884641
1,1,Day 28,Day 28,0.20005278666926807,0.39217932006394574,0.14315813079727627,0.10491338063587939,0.15969638183363058
1,2,Day 28,Day 56,0.19763100875800704,0.2719940622545228,0.29646867290323853,0.06268625079084149,0.17122000529339013
1,1,Day 28,Day 28,0.16906988990411048,0.3703285257907253,0.14316309483597855,0.12548887977807766,0.19194960969110805
1,0,Day 28,Day 0,0.33296219309706887,0.3209922596054521,0.1274905273782824,0.12196643180939092,0.09658858810980572
1,1,Day 28,Day 28,0.2678053415128696,0.36030446875934763,0.1722904292411049,0.05774014084745712,0.14185961963922078
1,1,Day 28,Day 28,0.20216847357681544,0.3229835317829731,0.2543867731045832,0.0778994982529363,0.14256172328269207
1,1,Day 28,Day 28,0.11348706436839873,0.4442360342911273,0.2124478909121768,0.10162439085122915,0.12820461957706797
1,1,Day 28,Day 28,0.19092169341930543,0.3934711130930132,0.17447058951283437,0.13258459791071003,0.10855200606413697
1,0,Day 28,Day 0,0.2712298900846884,0.2595331049540735,0.14821345425807517,0.15594179098237765,0.1650817597207852
1,2,Day 28,Day 56,0.1908014663994295,0.23357233977068992,0.3326831143264997,0.10584665235496503,0.13709642714841583
1,1,Day 28,Day 28,0.23305808024059024,0.3329503834801986,0.16332365336155996,0.0910413296779412,0.17962655323970994
1,1,Day 28,Day 28,0.22800658852014116,0.4380340060267917,0.16702782417056036,0.07897175356892817,0.08795982771357848
1,1,Day 28,Day 28,0.20198023156431444,0.32906789474245607,0.2665339068572937,0.1254724450247238,0.07694552181121207
1,1,Day 28,Day 28,0.1321057001071532,0.38921796429642724,0.15527236716919224,0.11439418314452796,0.2090097852826993
1,1,Day 28,Day 28,0.16143891023234164,0.511647366590755,0.12216932536635819,0.09151656887749833,0.11322782893304692
1,0,Day 28,Day 0,0.30586005824717544,0.2555357840908924,0.18150797283862397,0.11821647233149238,0.1388797124918158
1,1,Day 28,Day 28,0.26566950984880405,0.36878196998316287,0.16313706742331363,0.10311417403384802,0.09929727871087152
1,1,Day 28,Day 28,0.21955469087609134,0.31211984096558204,0.19245925057030597,0.16225752872039365,0.11360868886762708
1,1,Day 28,Day 28,0.14031905464278552,0.3824216706846685,0.16967447009228723,0.141744587481179,0.16584021709907987
1,1,Day 28,Day 28,0.2201598019103737,0.3327849331808972,0.13561255685779916,0.12028200220091917,0.19116070585001077
1,1,Day 28,Day 28,0.22580490499087405,0.3638421095232341,0.190047042244888,0.11416448831430119,0.10614145492670246
1,1,Day 28,Day 28,0.223944925443954,0.3830076624459572,0.222000614179031,0.09999230987321624,0.07105448805784167
1,1,Day 28,Day 28,0.16900660226789854,0.42850566836034865,0.14526137812537834,0.1407908283966709,0.11643552284970356
1,1,Day 28,Day 28,0.20547405417051032,0.36562524593666607,0.2034039783885961,0.06819417181665782,0.15730254968756957
1,1,Day 28,Day 28,0.1882098437261942,0.3648597342502938,0.21428983430613086,0.0758696681978519,0.1567709195195293
1,1,Day 28,Day 28,0.17129708480911884,0.31493704650617677,0.15746212418560876,0.21106149442329483,0.14524225007580088
1,1,Day 28,Day 28,0.1611506315037612,0.47003662846709504,0.10819546044370305,0.08233036729994692,0.1782869122854938
1,1,Day 28,Day 28,0.16902062081736277,0.30837362947911073,0.20461810430812616,0.13638241113301527,0.18160523426238506
1,1,Day 28,Day 28,0.1725217987280369,0.464948585015464,0.12353178493996121,0.10155259078720025,0.13744524052933763
1,1,Day 28,Day 28,0.17241802904315895,0.2852117700505111,0.2513625542418288,0.13556643265230897,0.15544121401219216
1,1,Day 28,Day 28,0.2024488457397896,0.2824106482744872,0.15789044255086732,0.16484348700009324,0.19240657643476264
1,1,Day 28,Day 28,0.21662546143482883,0.27747528952699413,0.1758010414864745,0.14268762242232352,0.1874105851293791
1,1,Day 28,Day 28,0.19573747412672626,0.2794906723947054,0.18493946386894008,0.163514951610587,0.1763174379990413
1,1,Day 28,Day 28,0.22070909014907836,0.27377537195717144,0.17053756587922111,0.11424337529766175,0.2207345967168673
1,1,Day 28,Day 28,0.12141642305715523,0.4262832026799071,0.2295174157310802,0.13522848931156242,0.08755446922029514
1,1,Day 28,Day 28,0.2863682905891613,0.3568234074442027,0.12053657223262185,0.08072775725771696,0.15554397247629734
1,1,Day 28,Day 28,0.23245423109548968,0.33858293755060404,0.21093692781736356,0.12878511601335926,0.08924078752318351
1,1,Day 28,Day 28,0.2618482102145713,0.39042290436099236,0.16370149658573618,0.10582724685438395,0.07820014198431612
1,1,Day 28,Day 28,0.22108265337436203,0.3424517413924115,0.17567510804657074,0.14944947200597014,0.11134102518068545
1,1,Day 28,Day 28,0.15021133457652938,0.3887356678600411,0.19902371367249747,0.11627879864997902,0.14575048524095302
1,1,Day 28,Day 28,0.20828507452815642,0.314086981250388,0.2726491737531084,0.11339116878052587,0.09158760168782155
1,1,Day 28,Day 28,0.2528731883226074,0.4294681682795651,0.10599697446056933,0.11742294339201065,0.09423872554524768
1,1,Day 28,Day 28,0.23114423841273526,0.3641440961360065,0.18985544206318217,0.0999149027444698,0.11494132064360636
1,1,Day 28,Day 28,0.18146496931749628,0.29247767434344524,0.22359915479856685,0.11380759690648906,0.18865060463400246
1,1,Day 28,Day 28,0.1450721271668532,0.42350472348125817,0.18185560541430934,0.11816093779665172,0.13140660614092756
1,1,Day 28,Day 28,0.2385785806501296,0.3098415393173034,0.21315653456105182,0.07890527244600437,0.1595180730255108
1,1,Day 28,Day 28,0.1524121189835586,0.3983759341697589,0.18996730690752897,0.13841920544714692,0.1208254344920066
1,1,Day 28,Day 28,0.3415259902067502,0.35267509460116964,0.12330095407694185,0.06526271407474711,0.11723524704039126
1,1,Day 28,Day 28,0.16513753486245747,0.3487013647822436,0.2714888065022318,0.07205060664812252,0.1426216872049446
1,2,Day 28,Day 56,0.28945741711886347,0.22864492488704888,0.3057183026655443,0.08041071505244413,0.0957686402760992
1,1,Day 28,Day 28,0.182085272600634,0.419709954525729,0.19649526256872624,0.12224020930328386,0.07946930100162687
1,1,Day 28,Day 28,0.1756983395653016,0.3486932534561064,0.1811678333294986,0.19292164763426284,0.10151892601483037
1,1,Day 28,Day 28,0.17340426864213343,0.38138368231482156,0.16806917783383502,0.13940907368473363,0.13773379752447654
1,1,Day 28,Day 28,0.26579286391758716,0.3693948876385004,0.1714336446107691,0.09757958516509198,0.09579901866805124
1,0,Day 28,Day 0,0.4141138849793482,0.2091789405040265,0.2352471174439956,0.06642039654346374,0.07503966052916586
1,1,Day 28,Day 28,0.22133545932615903,0.3424000269493893,0.21468829735785278,0.10248019941707345,0.1190960169495256
1,1,Day 28,Day 28,0.23645054254620973,0.4048875133152653,0.11125561814704939,0.12741622888426168,0.11999009710721387
1,0,Day 28,Day 0,0.3794474894834844,0.2507855505613998,0.16186800945799898,0.08045923706284469,0.12743971343427224
1,1,Day 28,Day 28,0.20075308534799255,0.3232696155265127,0.206364172489681,0.18478006643185116,0.08483306020396257
1,1,Day 28,Day 28,0.15648020562232998,0.3833926363339452,0.24144734316397642,0.09550803876371255,0.12317177611603583
1,1,Day 28,Day 28,0.2603003781156835,0.28321178239078193,0.24785588169446662,0.0798395723796831,0.12879238541938484
1,1,Day 28,Day 28,0.14211062298139912,0.2774360815919158,0.19098910458575477,0.11419388491240494,0.2752703059285255
1,1,Day 28,Day 28,0.12374654682915857,0.34532468692853996,0.15480143283876233,0.14979140120583814,0.22633593219770096
1,2,Day 28,Day 56,0.12311877011818077,0.2285187948078746,0.38700146028286425,0.14617225529325145,0.11518871949782894
1,1,Day 28,Day 28,0.09160949661538899,0.39025547010278827,0.20319456960680682,0.1354896644784164,0.1794507991965994
1,1,Day 28,Day 28,0.24995050231115504,0.2939767101565089,0.17647482840888673,0.1543000163415605,0.12529794278188888
1,1,Day 28,Day 28,0.15494554592583962,0.3031092226741022,0.2517805240780033,0.158971948011704,0.13119275931035088
1,1,Day 28,Day 28,0.12449405701378721,0.3180609039044328,0.17304603385525566,0.11414607123213415,0.2702529339943901
1,0,Day 28,Day 0,0.2726648863573284,0.20249734378955353,0.2283072816103422,0.11001929173737722,0.18651119650539863
1,1,Day 28,Day 28,0.20191860842156298,0.31830622660665336,0.17040291602128707,0.14862459810402948,0.16074765084646722
1,1,Day 28,Day 28,0.16367400052487463,0.3334199903488645,0.22518850246432534,0.11681386494169073,0.1609036417202448
1,1,Day 28,Day 28,0.1566328753867454,0.4102624884165134,0.17292968735478773,0.1084794613265928,0.15169548751536072
1,2,Day 28,Day 56,0.20062892161287157,0.20759503599131351,0.25138278543499964,0.20048518643726132,0.13990807052355397
1,0,Day 28,Day 0,0.3085319922034905,0.24106082155900949,0.2017913788645679,0.10748780146780344,0.1411280059051288
1,1,Day 28,Day 28,0.1821674711535453,0.3355957336163555,0.10690160654953615,0.16712681526438963,0.2082083734161735
1,1,Day 28,Day 28,0.14261712756339437,0.3924338522530318,0.18544421167130212,0.12007491838960942,0.15942989012266218
1,1,Day 28,Day 28,0.14737969619368038,0.3590222858340819,0.18455784432937292,0.12449774963804956,0.1845424240048154
1,1,Day 28,Day 28,0.21896270843772553,0.33419180285610334,0.17016036017404665,0.14981209633258527,0.1268730321995392
1,0,Day 28,Day 0,0.30326029644706615,0.2462605356313697,0.235652236605744,0.10184401238259018,0.11298291893323009
1,1,Day 28,Day 28,0.20500198029872913,0.30914364515456616,0.18284444093182992,0.1141977181505414,0.1888122154643334
1,1,Day 28,Day 28,0.18585185148609495,0.37925113848383235,0.22800362675816999,0.07740565535632356,0.1294877279155792
1,1,Day 28,Day 28,0.17554565798409913,0.500638427654247,0.13969484447236916,0.0924523588622339,0.09166871102705075
1,1,Day 28,Day 28,0.20962087646878202,0.30331096137142277,0.14689324103438217,0.13961170341759957,0.20056321770781352
1,0,Day 28,Day 0,0.30206741824342553,0.2334647408170791,0.21344670840899566,0.14778601119752313,0.10323512133297662
1,1,Day 28,Day 28,0.13094755267637445,0.3759643843871183,0.23637250442119234,0.11424466902720672,0.14247088948810815
1,2,Day 28,Day 56,0.17625230393422037,0.269466459090046,0.27284426795213446,0.10564379122356893,0.1757931778000303
1,0,Day 28,Day 0,0.28768440437155496,0.2413089450607083,0.14523560945885636,0.15194530348484686,0.17382573762403347
1,1,Day 28,Day 28,0.2621100833208286,0.2883413266211428,0.22973253552162234,0.110870774530218,0.1089452800061882
1,0,Day 28,Day 0,0.2893401997304954,0.24018698135684677,0.15388887538983748,0.157220499982853,0.1593634435399674
1,1,Day 28,Day 28,0.17573101828584017,0.3749662292407311,0.16890917824534554,0.139994031090866,0.14039954313721711
1,1,Day 28,Day 28,0.23050949931115433,0.3488539751026598,0.1191727760075284,0.14518816453216413,0.15627558504649341
1,1,Day 28,Day 28,0.21118824647403983,0.27523416919249494,0.21832106843079768,0.12962354425214798,0.16563297165051946
1,1,Day 28,Day 28,0.22996040857392558,0.3924651763398728,0.1052304989870971,0.11510499466920131,0.1572389214299032
1,2,Day 28,Day 56,0.21612918912917492,0.2745274486877429,0.2797210557528186,0.12070910235233143,0.10891320407793212
1,1,Day 28,Day 28,0.18251455173412437,0.37503443696389227,0.1703557802747976,0.09331651435415779,0.17877871667302794
1,0,Day 28,Day 0,0.3133948806552948,0.24733741325590106,0.2197896308952223,0.07733199273512179,0.14214608245845994
1,2,Day 28,Day 56,0.2660746893262779,0.19492411326733236,0.27984232940517584,0.10937234549776353,0.1497865225034504
1,1,Day 28,Day 28,0.13411476437471728,0.43592147846693735,0.10931401708665237,0.14049386229831096,0.18015587777338196
1,1,Day 28,Day 28,0.24907862482228676,0.2913742691794413,0.2678054136076491,0.08698000076337761,0.10476169162724519
1,1,Day 28,Day 28,0.2519054704064836,0.3363923831439291,0.17176939657329812,0.06853094553695804,0.1714018043393309
1,1,Day 28,Day 28,0.17598764148014379,0.2703834483299829,0.21100253060255517,0.17833751377558155,0.16428886581173668
1,1,Day 28,Day 28,0.23324547748153704,0.3635680573781815,0.1982344393574799,0.1392238725517736,0.06572815323102801
1,1,Day 28,Day 28,0.23895343579275163,0.3271896775174319,0.1496998258678966,0.14573074020572027,0.13842632061619964
1,1,Day 28,Day 28,0.25941661858315535,0.41557767696847525,0.13269585739096587,0.08964897711582734,0.10266086994157628
1,1,Day 28,Day 28,0.23838855842649045,0.3171191125106287,0.1713905463344602,0.09646399328043709,0.17663778944798347
1,1,Day 28,Day 28,0.15001514946258193,0.3695322405907226,0.24783251387330024,0.09550016196718907,0.13711993410620626
1,1,Day 28,Day 28,0.18798072361662221,0.3835909104878583,0.21240335267329277,0.0970552130843269,0.11896980013789991
1,1,Day 28,Day 28,0.1891758362429135,0.36218794488891276,0.21928396307685888,0.09148644130447675,0.1378658144868381
1,1,Day 28,Day 28,0.1988669153838418,0.31932476797693693,0.19368637078469145,0.1250457697779695,0.16307617607656028
1,1,Day 28,Day 28,0.17931455330918827,0.45068682663080145,0.14614278621668447,0.09694419313151532,0.12691164071181055
1,1,Day 28,Day 28,0.19152769802227526,0.35459107805163514,0.157439461949814,0.12669585478507,0.16974590719120564
1,1,Day 28,Day 28,0.178704136777084,0.4034883807232008,0.18127646984793183,0.09693725506080512,0.13959375759097817
1,1,Day 28,Day 28,0.28031727098555936,0.2963760752964402,0.1296892829324825,0.1250223950715649,0.16859497571395296
1,0,Day 28,Day 0,0.3760190186712131,0.27302900398065233,0.1748278288265866,0.07202181646253798,0.10410233205900987
1,1,Day 28,Day 28,0.24208252099999425,0.24230706171468197,0.18536157291203278,0.1894005382155032,0.1408483061577877
1,2,Day 28,Day 56,0.14399268485234487,0.2729746629827571,0.29394045759916676,0.09483375992329342,0.19425843464243786
1,1,Day 28,Day 28,0.2189726080515606,0.37945386147525234,0.20487606470657868,0.12409330749242703,0.07260415827418136
1,1,Day 28,Day 28,0.27196590655454,0.309682576082353,0.199198341316109,0.08311141175643272,0.13604176429056522
1,1,Day 28,Day 28,0.23162582971837783,0.40514602971745894,0.14895638834531336,0.12072362260641649,0.09354812961243349
1,2,Day 28,Day 56,0.16659945187778552,0.2217212426758739,0.35235066650116575,0.12172773988706416,0.1376008990581107
1,0,Day 28,Day 0,0.27369420291517327,0.22227592287302592,0.24317343590345913,0.16552672568204507,0.09532971262629675
1,1,Day 28,Day 28,0.12345637286192414,0.3462918088617017,0.3060270745649184,0.0845656931988013,0.13965905051265445
1,1,Day 28,Day 28,0.21739997141113807,0.30863605657951554,0.19496927492688831,0.13021701529425891,0.14877768178819917
1,1,Day 28,Day 28,0.2639984019264351,0.2798053750863858,0.13936892630447215,0.12765880699998547,0.1891684896827216
1,1,Day 28,Day 28,0.17317684271699346,0.3014962766605093,0.19561728568396552,0.17817669155214094,0.15153290338639083
1,1,Day 28,Day 28,0.2481933785547642,0.2949259990667646,0.14631848624976626,0.1523598473436072,0.15820228878509782
1,1,Day 28,Day 28,0.16732655327469875,0.3204548671751135,0.1597906755835935,0.14925804780998714,0.20316985615660707
1,1,Day 28,Day 28,0.27767202365287835,0.32286826985775446,0.12117053129155009,0.12054192423244187,0.15774725096537523
1,1,Day 28,Day 28,0.18433512343343314,0.3075791542750463,0.19442143615699978,0.15842127576907308,0.15524301036544788
1,1,Day 28,Day 28,0.163206218026894,0.2721521717967828,0.2543606623925385,0.21298427877567536,0.09729666900810935
1,2,Day 28,Day 56,0.16929928183116336,0.2785994049879873,0.2991909810781268,0.10583626897906168,0.1470740631236609
1,1,Day 28,Day 28,0.10667706357608848,0.3474093684226964,0.25668806802131033,0.13048559571355797,0.1587399042663468
1,1,Day 28,Day 28,0.06293784009167057,0.5829328209236084,0.2014598812963234,0.06590669874538885,0.08676275894300867
1,1,Day 28,Day 28,0.20120979660488286,0.36417889379944646,0.1863616304388519,0.14880713745757948,0.09944254169923933
1,1,Day 28,Day 28,0.17555401989231403,0.3960844846105445,0.13605723215001309,0.10411142984033991,0.1881928335067884
1,1,Day 28,Day 28,0.2329795775265711,0.28762165558297326,0.16050287527390122,0.1519813571403594,0.16691453447619506
1,1,Day 28,Day 28,0.14804529898837432,0.4212327906645695,0.18702930227923675,0.09491996525839572,0.14877264280942382
1,1,Day 28,Day 28,0.2661457813076631,0.27647972031891443,0.1921648256159,0.12217297311169704,0.14303669964582535
1,1,Day 28,Day 28,0.17487305815368118,0.3123539711527756,0.1880755626171953,0.16656453180973146,0.1581328762666164
1,1,Day 28,Day 28,0.1646671430587083,0.3888317002568066,0.1393400562392262,0.14653546385425043,0.16062563659100848
1,1,Day 28,Day 28,0.16163428498231702,0.47347182002038884,0.17622439404281282,0.07287087519166453,0.11579862576281673
1,1,Day 28,Day 28,0.1583816805610609,0.3889071061993,0.2172731318875345,0.10261251469827554,0.13282556665382916
1,1,Day 28,Day 28,0.2893428286860716,0.3278437001703179,0.10689748804868285,0.15783649190107507,0.11807949119385258
1,1,Day 28,Day 28,0.21061347594802404,0.3712620341520983,0.18522617763184002,0.149173697764535,0.0837246145035025
1,1,Day 28,Day 28,0.21766806631104768,0.42534376111797895,0.146269711743646,0.1318427121487291,0.0788757486785984
1,1,Day 28,Day 28,0.19248402618213772,0.29678350731184966,0.1913261373684846,0.1023123886345894,0.2170939405029386
1,1,Day 28,Day 28,0.24883759582398624,0.33254515915671995,0.1806195185869082,0.07900301180358056,0.15899471462880505
1,3,Day 28,Day 84,0.22076339697905764,0.2119146861472991,0.14238171242995723,0.23230529719035378,0.19263490725333227
1,1,Day 28,Day 28,0.282034099856728,0.3136697348534826,0.14107968611030736,0.1304387537951671,0.13277772538431487
1,1,Day 28,Day 28,0.2712445229969861,0.3144849678675255,0.22200950110636442,0.1164955740028429,0.07576543402628123
1,4,Day 28,Mature,0.19569222343981305,0.24943832627587184,0.2030203529009036,0.08749377212618865,0.2643553252572229
1,1,Day 28,Day 28,0.21129532865664125,0.42924285182819455,0.17347322611966196,0.09732092279062109,0.08866767060488115
1,1,Day 28,Day 28,0.23252091151848073,0.3517228514349863,0.14085526163674034,0.13903397993755734,0.13586699547223532
1,3,Day 28,Day 84,0.17631191902311782,0.21721449396102752,0.1966380516777699,0.23127881569451147,0.17855671964357317
1,0,Day 28,Day 0,0.27436585713118705,0.2601105260910551,0.14058424947503992,0.1883298554126884,0.13660951189002948
1,1,Day 28,Day 28,0.32331789614565754,0.33350173785243653,0.1381322713346057,0.08517203202341009,0.1198760626438902
1,1,Day 28,Day 28,0.13927419861073873,0.48138032273897463,0.08945606184109334,0.1166977303828544,0.17319168642633886
1,1,Day 28,Day 28,0.16726520757518143,0.43437200231826284,0.16481186994369673,0.15773560272001763,0.0758153174428413
1,1,Day 28,Day 28,0.2212930496085159,0.300060790920805,0.23267576050072677,0.10670041348261274,0.13926998548733965
1,2,Day 28,Day 56,0.21119905489054547,0.2075757057304995,0.2901645312500651,0.1164178005611677,0.17464290756772244
1,1,Day 28,Day 28,0.18653431302732662,0.37772368484295676,0.21240526436256646,0.0936414865194753,0.12969525124767498
1,1,Day 28,Day 28,0.20209974672125272,0.36627894140096584,0.15518197250757462,0.12094250214999655,0.15549683722021032
1,0,Day 28,Day 0,0.29934245113244384,0.18812733638564247,0.18157215568817392,0.13841269890394733,0.19254535788979243
1,1,Day 28,Day 28,0.18493642195721746,0.2525032611436908,0.2045891717769078,0.10951284117246415,0.24845830394971968
1,1,Day 28,Day 28,0.20242762064740275,0.30420617462371413,0.24906110403977838,0.10159557656979501,0.14270952411930982
1,1,Day 28,Day 28,0.19850194224456164,0.38647640590923354,0.20745154380117858,0.11216499041553286,0.09540511762949318
1,1,Day 28,Day 28,0.2940203774634091,0.29777797662626215,0.16535138510209485,0.10663118568607038,0.13621907512216352
1,0,Day 28,Day 0,0.3197241172065611,0.21084797040945105,0.19363989135066076,0.17476982547310296,0.10101819556022425
1,1,Day 28,Day 28,0.20095084303850047,0.42074581712093856,0.18170871249552703,0.09933504213999704,0.09725958520503694
1,1,Day 28,Day 28,0.2144004670422354,0.4608062242379319,0.10733509752758551,0.08858978372342932,0.1288684274688179
1,1,Day 28,Day 28,0.18949780128300853,0.3376207712799629,0.27407253880786997,0.06594460358187995,0.13286428504727874
1,0,Day 28,Day 0,0.29117448974774457,0.22132733280601183,0.21595168020060693,0.15234805289839937,0.1191984443472373
1,1,Day 28,Day 28,0.2238107194767268,0.3706899572657964,0.18793860325842077,0.09191378411945612,0.12564693587959985
1,2,Day 28,Day 56,0.23407888013905964,0.2356684582660637,0.2910901773469895,0.14261188582179965,0.09655059842608756
1,1,Day 28,Day 28,0.14292463735513655,0.3807121267858394,0.24872509975614931,0.14359769767220282,0.08404043843067181
1,1,Day 28,Day 28,0.22236783721220513,0.28169525111547367,0.21438547428868607,0.10225521040885013,0.17929622697478506
1,1,Day 28,Day 28,0.1784926424773339,0.3266478868298686,0.14510447019422482,0.15022109521039917,0.1995339052881734
1,1,Day 28,Day 28,0.18226232956221639,0.30952081709358714,0.24975121680585663,0.1179398017238732,0.14052583481446673
1,1,Day 28,Day 28,0.10604625320896295,0.38098206536722634,0.28289308311595207,0.1162798709444371,0.11379872736342167
1,1,Day 28,Day 28,0.2110179629159251,0.33420007923139217,0.12027979907728573,0.1915805065675409,0.142921652207856
1,1,Day 28,Day 28,0.26137555820406044,0.3523386834365504,0.13649878843451552,0.13072873055184658,0.11905823937302706
1,1,Day 28,Day 28,0.10843683424201866,0.42981813039591704,0.19857966944968236,0.10536985251990404,0.15779551339247794
1,1,Day 28,Day 28,0.17823156482219535,0.40732340788322347,0.17254488190730383,0.12735886473235225,0.11454128065492501
1,1,Day 28,Day 28,0.2053181335112779,0.4682954779369357,0.08981145419878572,0.12253465025647946,0.11404028409652125
1,1,Day 28,Day 28,0.15861706041691526,0.2376484872689686,0.2345949389215073,0.20025054306998144,0.1688889703226274
1,1,Day 28,Day 28,0.2675373370859201,0.31402312515325137,0.1946721492262608,0.11270789541535643,0.11105949311921134
1,2,Day 28,Day 56,0.2185041103869647,0.24263853720175627,0.25155218801079204,0.1418869016460346,0.1454182627544523
1,1,Day 28,Day 28,0.28035794241657025,0.2852917240240704,0.14860155205153028,0.16996779241056126,0.11578098909726785
1,1,Day 28,Day 28,0.14681798021942805,0.3023228720584763,0.1926620682014162,0.18041593115295357,0.17778114836772588
1,1,Day 28,Day 28,0.23351413187235676,0.4184079385572159,0.1359636861641706,0.10668469537650437,0.1054295480297524
1,1,Day 28,Day 28,0.11150355945154593,0.378013687912654,0.20822787411061341,0.12302609863299105,0.17922877989219552
1,2,Day 28,Day 56,0.2236224643293208,0.25591944516648796,0.3546392194669625,0.08882208322415365,0.076996787813075
1,0,Day 28,Day 0,0.31141936666414227,0.23609426375372988,0.13376413363223102,0.13247376457777518,0.18624847137212158
1,1,Day 28,Day 28,0.21875542210625074,0.32355980083478586,0.19898807555062695,0.16167970201210213,0.09701699949623437
1,1,Day 28,Day 28,0.1607994527957466,0.2720280856403316,0.2577041207348729,0.15564465563537092,0.15382368519367803
1,1,Day 28,Day 28,0.11006681316104829,0.35598885227088317,0.2604374380123646,0.1440309207370717,0.12947597581863243
1,1,Day 28,Day 28,0.11116788819635569,0.49396383069159044,0.15371368248368086,0.08980796188883577,0.15134663673953713
1,2,Day 28,Day 56,0.23537381752390546,0.22197950931898122,0.27655912150302137,0.1331240361646202,0.13296351548947175
1,2,Day 28,Day 56,0.1595044986669984,0.2531646466054631,0.29842691987350617,0.1527591213803216,0.1361448134737108
1,1,Day 28,Day 28,0.12856121627580763,0.3464310671177949,0.16815382957080896,0.2446664551790577,0.11218743185653089
1,1,Day 28,Day 28,0.2637608633301474,0.32543501397565555,0.12578381674242625,0.1195610805227188,0.16545922542905192
1,0,Day 28,Day 0,0.40515868835845736,0.2654024691471257,0.09467735874737908,0.13086831695904724,0.10389316678799064
1,1,Day 28,Day 28,0.23278039097992706,0.40376749372316545,0.15614479891876473,0.12758981503365577,0.07971750134448695
1,1,Day 28,Day 28,0.19229893433580528,0.33277211491853964,0.20743798859379192,0.13904835453565578,0.12844260761620735
1,1,Day 28,Day 28,0.15114084919769885,0.3332790896806288,0.1544951612519782,0.16398925415296794,0.19709564571672608
1,1,Day 28,Day 28,0.20862791772690775,0.3087262567244013,0.15012058000327447,0.16859473587799975,0.16393050966741668
1,1,Day 28,Day 28,0.1307491901621546,0.4759267274009647,0.1482914729751233,0.10847588437464419,0.13655672508711322
1,1,Day 28,Day 28,0.15897624421418743,0.3158061080199083,0.26718058621358315,0.15102317216366007,0.10701388938866101
1,1,Day 28,Day 28,0.23368674124927857,0.37975684828380224,0.16371425689811941,0.09773840687940187,0.12510374668939786
1,1,Day 28,Day 28,0.2558349177696451,0.319525682012486,0.12510170325839093,0.1912386439463558,0.10829905301312208
1,1,Day 28,Day 28,0.1682420854944587,0.45617985047617576,0.16927943706553286,0.09240342961745364,0.11389519734637911
1,1,Day 28,Day 28,0.08466295174248879,0.4409994691309524,0.26728386009866034,0.11988122605259581,0.08717249297530259
1,0,Day 28,Day 0,0.3426389772089892,0.24053678376187013,0.14597706749061615,0.08657597498576892,0.1842711965527557
1,1,Day 28,Day 28,0.15236633109509137,0.36076109784362653,0.21216297882441756,0.0905779135614382,0.1841316786754264
1,1,Day 28,Day 28,0.19510799212121568,0.3567017281688983,0.17931301680351958,0.15962842042996372,0.10924884247640276
1,2,Day 28,Day 56,0.22094110285463386,0.2211887454642262,0.3578541491392646,0.08526878859213617,0.11474721394973925
1,1,Day 28,Day 28,0.17639199444348092,0.32350617792070985,0.1278123173783254,0.14499996774352772,0.22728954251395614
1,1,Day 28,Day 28,0.16440754088611795,0.37010286292069144,0.13020500185108055,0.13853145906665876,0.19675313527545119
1,1,Day 28,Day 28,0.20355293544004693,0.3734286328465699,0.16416702432638625,0.08857716769309898,0.17027423969389793
1,1,Day 28,Day 28,0.10338177150904683,0.34793844105692856,0.2679346266064203,0.11638567473942321,0.16435948608818124
1,1,Day 28,Day 28,0.14633887553212446,0.24751017271630743,0.20779056576497715,0.15263158739499508,0.2457287985915958
1,1,Day 28,Day 28,0.18823741561759563,0.39722821302247324,0.14272782286729643,0.16922158736039616,0.10258496113223857
1,1,Day 28,Day 28,0.1430567604859804,0.39599266938681155,0.24969272004885246,0.1116674508102919,0.09959039926806379
1,1,Day 28,Day 28,0.19712274112179773,0.30438833754489597,0.24324165426005395,0.13233533467302153,0.12291193240023082
1,1,Day 28,Day 28,0.24239482735086135,0.3623278131523675,0.11760777487095607,0.1587313626541062,0.11893822197170889
1,1,Day 28,Day 28,0.1812730918165589,0.35753126151273174,0.1699647714256887,0.12429161955531294,0.16693925568970766
1,1,Day 28,Day 28,0.14149747236815527,0.4627145210292347,0.1710473046262745,0.11020392447534583,0.11453677750098973
1,1,Day 28,Day 28,0.13274934612386552,0.3032697549326729,0.29510101985128195,0.1891086880791658,0.07977119101301366
1,1,Day 28,Day 28,0.2257804132162908,0.2969558343715571,0.1765903025809618,0.16766732072042156,0.1330061291107687
1,1,Day 28,Day 28,0.20401253302627603,0.4132451862684497,0.14554547855785974,0.11054045282788806,0.12665634931952646
1,1,Day 28,Day 28,0.16912568821087562,0.29937668213101526,0.21704691930459005,0.16416401154353377,0.15028669880998524
1,4,Day 28,Mature,0.17337443386522716,0.23013367686762146,0.2112456065980969,0.1288994946767786,0.2563467879922759
1,2,Day 28,Day 56,0.21255731769167968,0.19746913076403388,0.28051992795430697,0.20228241697207888,0.10717120661790053
1,1,Day 28,Day 28,0.2218341829343019,0.34167280814814066,0.19124520529970396,0.10654598486221266,0.13870181875564072
1,0,Day 28,Day 0,0.25990237500850405,0.165733352037147,0.21165942102764404,0.11640972926869263,0.2462951226580123
1,2,Day 28,Day 56,0.17433379220200107,0.26280042726746794,0.35814128280991836,0.0925176347542869,0.1122068629663258
1,1,Day 28,Day 28,0.26796347592140746,0.31704040781178683,0.21301513511398892,0.08462766787201388,0.11735331328080294
1,1,Day 28,Day 28,0.21671178897577045,0.30058350067334305,0.2459994746789459,0.1473605700299539,0.08934466564198665
1,1,Day 28,Day 28,0.17154267592879585,0.3425884804084828,0.23717914339511204,0.10595367988838228,0.1427360203792271
1,1,Day 28,Day 28,0.24131832318505614,0.28933153053330585,0.1806783371300937,0.09087857173335206,0.19779323741819219
1,1,Day 28,Day 28,0.2377616574931192,0.40881914770575745,0.1290362557679249,0.08174595672027299,0.1426369823129253
1,1,Day 28,Day 28,0.15756922210558838,0.31932188531168315,0.19357516334948152,0.17596220776673818,0.1535715214665088
1,1,Day 28,Day 28,0.24118575578958662,0.29121277716054883,0.188123580000982,0.13228789880617145,0.14718998824271096
1,1,Day 28,Day 28,0.17725502433887444,0.3688755043733342,0.24473291072846037,0.13258577910113176,0.07655078145819935
1,1,Day 28,Day 28,0.22729372678120943,0.46064935480024327,0.13918403646103703,0.09587778447137026,0.0769950974861402
1,1,Day 28,Day 28,0.26303743838039567,0.37431925055644016,0.14773879144737886,0.11407945952767064,0.10082506008811463
1,1,Day 28,Day 28,0.2125269364816914,0.2669158461782495,0.2443469542977541,0.12570566566646446,0.15050459737584052
1,1,Day 28,Day 28,0.21643078269594024,0.34724910586938923,0.21877034912082102,0.09738428612875047,0.12016547618509894
1,0,Day 28,Day 0,0.2848335524235113,0.23476345489603592,0.10499693358007636,0.17093225746237464,0.20447380163800163
1,1,Day 28,Day 28,0.11449802306524884,0.3819504100005096,0.22421252077869658,0.15019429901054768,0.12914474714499724
1,0,Day 28,Day 0,0.31820390638363044,0.27357123027139674,0.23517839082669365,0.08974256887973805,0.08330390363854104
1,1,Day 28,Day 28,0.19467839849098934,0.30482082825219964,0.2357795055374315,0.10578411062852588,0.15893715709085368
1,1,Day 28,Day 28,0.2094774899808746,0.4475186880174304,0.15490230233254215,0.09097575429193032,0.09712576537722238
1,1,Day 28,Day 28,0.15759815865746482,0.4285268711387019,0.18866176939025708,0.1149054254800027,0.11030777533357329
1,0,Day 28,Day 0,0.25153059341089795,0.24838736126288063,0.21618812463511242,0.15436920265579818,0.12952471803531068
1,1,Day 28,Day 28,0.13128098574930616,0.39038216788199204,0.2866299601419238,0.06254948419177479,0.12915740203500323
1,1,Day 28,Day 28,0.15836100663755395,0.3725922158354682,0.2250795542773078,0.17167947191565908,0.0722877513340111
1,1,Day 28,Day 28,0.10133988922683813,0.40917313618096945,0.1586241161120726,0.20634229548716798,0.12452056299295187
1,2,Day 28,Day 56,0.1959669081577234,0.24088814348296123,0.3866479188421742,0.07371070588254057,0.10278632363460057
1,1,Day 28,Day 28,0.2642223453077852,0.36014127395103557,0.1384874182976357,0.061576527701349734,0.17557243474219378
1,1,Day 28,Day 28,0.21662828306924478,0.43909201733230724,0.13156430604937996,0.10195554782599,0.11075984572307794
1,1,Day 28,Day 28,0.26167643408935687,0.2922802406982384,0.21205801422701803,0.07248715716330623,0.16149815382208058
1,1,Day 28,Day 28,0.22089908008334502,0.31197376933675725,0.2734583502267394,0.07701495644746627,0.11665384390569199
1,1,Day 28,Day 28,0.13115080875905158,0.2965516239405086,0.23177262761990497,0.2557663732228604,0.08475856645767446
1,1,Day 28,Day 28,0.2519359421884082,0.32775357228325386,0.20765912580667004,0.11787499969767372,0.09477636002399431
1,1,Day 28,Day 28,0.16854544496632326,0.36602692186660235,0.10424742425673561,0.17626920872530416,0.18491100018503473
1,1,Day 28,Day 28,0.19390005297625185,0.29382080854015297,0.24503747107886586,0.11344522452640461,0.1537964428783247
1,0,Day 28,Day 0,0.2933145242206353,0.2870086567255899,0.20838884842458677,0.12116362908797605,0.09012434154121197
1,1,Day 28,Day 28,0.18067459198077992,0.4078690961658786,0.1861277336276089,0.11019962183178572,0.11512895639394678
1,1,Day 28,Day 28,0.20819214311991122,0.3989712987310886,0.24278608260275147,0.05748608295699535,0.09256439258925318
1,1,Day 28,Day 28,0.19726733657991813,0.2741149724069146,0.17836020671944447,0.20495968116742377,0.14529780312629892
1,1,Day 28,Day 28,0.18035763092895754,0.3229946051272192,0.2979454809442108,0.058220936561218746,0.14048134643839374
1,1,Day 28,Day 28,0.1328249248670711,0.3987309800394548,0.23963586082769361,0.1169099639820478,0.11189827028373275
1,2,Day 28,Day 56,0.14973278539013174,0.23904768774729726,0.3459125757686225,0.1107811006498219,0.1545258504441267
1,2,Day 28,Day 56,0.17700723468075885,0.290702574201894,0.30768081348131165,0.09145720430368147,0.133152173332354
1,1,Day 28,Day 28,0.20566394560898985,0.3217724864165227,0.18202670418510705,0.13099335483881555,0.15954350895056488
1,1,Day 28,Day 28,0.13936815081054357,0.37426555515155485,0.16836866918494087,0.1566165834097657,0.161381041443195
1,4,Day 28,Mature,0.25066017217946157,0.2452978981947038,0.11703845911081222,0.13429190173725297,0.2527115687777695
1,2,Day 28,Day 56,0.18460255830156969,0.2951367849955066,0.29543493520250125,0.09191502081572282,0.13291070068469982
1,1,Day 28,Day 28,0.16108492136046287,0.3727273727135528,0.17694581250057395,0.14291009532407173,0.14633179810133876
1,1,Day 28,Day 28,0.17840939381241114,0.3431400841534888,0.2160437183961504,0.1131579319719837,0.1492488716659659
1,1,Day 28,Day 28,0.22682813504867735,0.3353937717958364,0.1707149972039869,0.1404208684129281,0.12664222753857107
1,1,Day 28,Day 28,0.23488655005830902,0.25443705819255064,0.22446093645341786,0.15920475510020513,0.12701070019551738
1,1,Day 28,Day 28,0.22593298473054882,0.3419837105671254,0.21187349503487993,0.08906133393420523,0.13114847573324043
1,1,Day 28,Day 28,0.195366226762,0.34639647439650195,0.09822937668842727,0.12036897423806281,0.23963894791500795
1,1,Day 28,Day 28,0.16225553320109476,0.29580085495073616,0.22220037039536095,0.13136284910463467,0.18838039234817347
1,0,Day 28,Day 0,0.25946329085973496,0.23277010686983596,0.2406661594704145,0.11703269661530377,0.1500677461847108
1,1,Day 28,Day 28,0.23791801793538972,0.38746136614224747,0.1225987947166145,0.1344257955689151,0.11759602563683319
1,1,Day 28,Day 28,0.2023569913427444,0.32391579580799923,0.18290422291810196,0.1630010991897389,0.12782189074141548
1,1,Day 28,Day 28,0.18812344592339117,0.24964412943315786,0.21822966133559485,0.17727274469376908,0.16673001861408712
1,0,Day 28,Day 0,0.36479772802281646,0.21162960369803685,0.1762707226015705,0.1411886414651938,0.10611330421238241
1,1,Day 28,Day 28,0.20907398944168937,0.29939730520201047,0.22825347510925478,0.1275481586612224,0.1357270715858229
1,1,Day 28,Day 28,0.17524974482379896,0.30805777417312086,0.2256121430697427,0.1607398932803076,0.13034044465302974
1,1,Day 28,Day 28,0.2831268244333832,0.3882317593246139,0.13058130877947077,0.0838489135973618,0.11421119386517026
1,1,Day 28,Day 28,0.15672440073618893,0.32315258662888013,0.2737030690294627,0.12282146418642055,0.12359847941904765
1,1,Day 28,Day 28,0.16556972817168866,0.26853401674017063,0.26484818241350583,0.08128044746580425,0.21976762520883059
1,0,Day 28,Day 0,0.368522733331669,0.20462629607508973,0.2664618235680318,0.07478839355845723,0.08560075346675218
1,1,Day 28,Day 28,0.3206283056066504,0.39858884391122523,0.10901458524601933,0.06728803703037514,0.10448022820572986
1,1,Day 28,Day 28,0.2255308833548397,0.36460116950616706,0.2616788202563889,0.08142824790347404,0.06676087897913036
1,1,Day 28,Day 28,0.16176864693676335,0.42800442532637056,0.10797414130764064,0.1289606616311896,0.1732921247980358
1,1,Day 28,Day 28,0.20028109136082192,0.35857114546667396,0.21322055394749595,0.12304374186317989,0.10488346736182844
1,1,Day 28,Day 28,0.25144542503597533,0.28051915190098675,0.22897915666618343,0.132133045520043,0.1069232208768115
1,1,Day 28,Day 28,0.11549565752446456,0.34867478695476123,0.2343769724376439,0.20134919490747794,0.1001033881756524
1,2,Day 28,Day 56,0.2229679030645535,0.273899210635964,0.28879335363015896,0.10472282000993788,0.10961671265938559
1,2,Day 28,Day 56,0.20283850551698837,0.18157584512237934,0.3611765770848729,0.1252901559672152,0.1291189163085441
1,1,Day 28,Day 28,0.20122354958706884,0.3546310582388808,0.15170435931090176,0.15011674717486428,0.14232428568828442
1,1,Day 28,Day 28,0.14480059073430027,0.31708315443121327,0.28686520407291366,0.13981905389214916,0.11143199686942366
1,1,Day 28,Day 28,0.1852261033556171,0.45995397635391566,0.1642482789032395,0.10332698806961088,0.08724465331761692
1,1,Day 28,Day 28,0.13973303814316052,0.4544157973853839,0.1636517640298707,0.08192597725076667,0.1602734231908181
1,1,Day 28,Day 28,0.2089832122311263,0.3562440850457888,0.16186351690390607,0.09844326633825701,0.17446591948092185
1,1,Day 28,Day 28,0.23061789220359238,0.28726285971357324,0.153383026933158,0.1297033335437572,0.19903288760591925
1,1,Day 28,Day 28,0.17449191119932791,0.3755297831029252,0.2086939775939859,0.10959865591985486,0.1316856721839062
1,1,Day 28,Day 28,0.2160648975803052,0.33326675663900174,0.2357157925388558,0.1016945689527746,0.11325798428906271
1,1,Day 28,Day 28,0.17358277041793332,0.31190780640637294,0.1897599238756667,0.17699988251802962,0.14774961678199747
1,1,Day 28,Day 28,0.20521066438347405,0.37614055912795724,0.10614731884765705,0.14396122818390206,0.16854022945700967
1,1,Day 28,Day 28,0.2737126131163784,0.2914956497204873,0.1778087942996648,0.14556960197926483,0.11141334088420467
1,1,Day 28,Day 28,0.23376189777585346,0.25602746666957416,0.24580858899891203,0.13921287311514455,0.12518917344051592
1,1,Day 28,Day 28,0.2340728020930796,0.3086505143285683,0.20563502998447833,0.13365764481143355,0.11798400878244034
1,1,Day 28,Day 28,0.12287087634061786,0.39586094182497394,0.20071397519148507,0.14604451645871558,0.13450969018420755
1,1,Day 28,Day 28,0.18396219650018755,0.3292105293504258,0.2912905794909187,0.08605367740810117,0.10948301725036687
1,0,Day 28,Day 0,0.29141323153123794,0.2838079868334311,0.21587708867300062,0.08899331626413379,0.11990837669819666
1,1,Day 28,Day 28,0.1630324973396192,0.27520847427467815,0.268410934717204,0.08189609444825985,0.2114519992202388
1,1,Day 28,Day 28,0.26669323772680764,0.38333495720295646,0.15882882097624304,0.10723486771295553,0.08390811638103739
1,2,Day 28,Day 56,0.23168362354780503,0.2749686566049543,0.2888790144508675,0.08593220577731417,0.11853649961905903
1,1,Day 28,Day 28,0.14475726560138377,0.34495501646534055,0.26170683459873334,0.10810040922470295,0.14048047410983944
1,1,Day 28,Day 28,0.18096875138214946,0.3277709703380954,0.2242253605555446,0.1288295542044962,0.13820536351971427
1,2,Day 28,Day 56,0.19985729459062068,0.23661430111521078,0.29441049160389093,0.11100431486971908,0.1581135978205586
1,1,Day 28,Day 28,0.27992223833092317,0.28967966758898867,0.18307632678817234,0.10401123033268812,0.14331053695922769
1,1,Day 28,Day 28,0.2386490931595412,0.39694633424812026,0.18535549217557656,0.06809563559540216,0.11095344482135981
1,1,Day 28,Day 28,0.23708273323112292,0.3918335007116476,0.1220154085327581,0.10324161382834827,0.14582674369612317
1,1,Day 28,Day 28,0.1059028797565031,0.393227995458211,0.19429663766930455,0.1295778405215505,0.1769946465944308
1,1,Day 28,Day 28,0.24792681314976656,0.40239707599814933,0.1558007404300547,0.07146434331190771,0.12241102711012176
1,1,Day 28,Day 28,0.24628739382354303,0.33797390651423664,0.19273958557860657,0.10592456736657749,0.11707454671703618
1,2,Day 28,Day 56,0.17573234802555102,0.25139759926184396,0.29951640750016606,0.08299934814626357,0.19035429706617527
1,0,Day 28,Day 0,0.3131314416941766,0.30302025493163687,0.1288682220203748,0.14374209844365599,0.11123798291015576
1,2,Day 28,Day 56,0.24439094474200895,0.24640144256264448,0.30362920994725495,0.10634125365547875,0.09923714909261297
1,1,Day 28,Day 28,0.190427053172437,0.30611853105692294,0.2253471163097459,0.15074284885086756,0.12736445061002674
1,1,Day 28,Day 28,0.1905149505873532,0.479120237912235,0.15443469240458033,0.06676451960684425,0.10916559948898712
1,1,Day 28,Day 28,0.2675299962174,0.28913443894643404,0.221875180962505,0.08400335657494541,0.13745702729871562
1,1,Day 28,Day 28,0.25896036907083636,0.31060224188364705,0.20536844214015262,0.11715776715842496,0.10791117974693905
1,1,Day 28,Day 28,0.2974032432541584,0.3595925424719361,0.12828895884807523,0.10759790645975895,0.10711734896607135
1,1,Day 28,Day 28,0.2970604983743265,0.36043117216890685,0.16237800895004914,0.06105975159663009,0.11907056891008734
1,1,Day 28,Day 28,0.22028185668589095,0.38570768912115255,0.20635260140116313,0.10158633530023087,0.08607151749156243
1,2,Day 28,Day 56,0.13268268298221816,0.3195371750898581,0.33146557117536274,0.11938257225506178,0.0969319984974993
1,1,Day 28,Day 28,0.20546738998068736,0.2860729273484641,0.19024768635055084,0.1707410524239748,0.14747094389632287
1,0,Day 28,Day 0,0.33555250437953643,0.24251882938786756,0.18261851033718596,0.1358038208362533,0.10350633505915664
1,1,Day 28,Day 28,0.20406072994009042,0.32882507678639883,0.09921205549779562,0.19212199925650592,0.17578013851920923
1,1,Day 28,Day 28,0.15518738949779795,0.3148481481721578,0.23705696334164422,0.13263228140798447,0.16027521758041563
1,1,Day 28,Day 28,0.21015962796779275,0.3036123951204522,0.2736870412081325,0.12411134401814503,0.08842959168547761
1,2,Day 28,Day 56,0.21536040151812832,0.30257639241822554,0.3353923953282277,0.055491943854527784,0.09117886688089077
1,0,Day 28,Day 0,0.2675326228520679,0.20149937933404685,0.1836181490878158,0.2275428928450552,0.1198069558810142
1,1,Day 28,Day 28,0.24758595079151371,0.28702658900962236,0.14975986955146797,0.20910864595343368,0.10651894469396217
1,1,Day 28,Day 28,0.11129891866070943,0.3454298046162526,0.18723713926979255,0.1997301515056871,0.15630398594755834
1,1,Day 28,Day 28,0.22761864204804644,0.2896515968916848,0.22410330109815932,0.1549021329114479,0.10372432705066152
1,1,Day 28,Day 28,0.09681127271647934,0.4282809877187964,0.17988699734789906,0.11641297299907942,0.17860776921774568
1,1,Day 28,Day 28,0.1517153702537122,0.38074406870349475,0.16782083142885426,0.1471453947139696,0.1525743348999693
1,1,Day 28,Day 28,0.1874979851635509,0.2974966085983457,0.262926850854524,0.11134167821714737,0.1407368771664321
1,1,Day 28,Day 28,0.11825508174027487,0.5445137097094493,0.10024056983731236,0.13587236902695898,0.1011182696860045
1,1,Day 28,Day 28,0.1598616893560468,0.2998172529699695,0.18251024636300184,0.18864563563700934,0.16916517567397252
1,1,Day 28,Day 28,0.154393866240287,0.4917931977750389,0.16265540826304592,0.06418013187318772,0.12697739584844048
1,1,Day 28,Day 28,0.22144823278547246,0.39502589313378716,0.17030788096329674,0.11047953977000648,0.10273845334743696
1,1,Day 28,Day 28,0.2514718047275506,0.33612527523753466,0.11551603480875636,0.12698294663341056,0.16990393859274788
1,2,Day 28,Day 56,0.1967982325625673,0.22570102174673462,0.370226479643663,0.09057908257156068,0.11669518347547445
1,1,Day 28,Day 28,0.22988170783423376,0.2834592899614682,0.24324415204611877,0.1354063630097997,0.10800848714837953
1,1,Day 28,Day 28,0.27318941265902086,0.2936539471195395,0.19273436683453468,0.13348340198705205,0.10693887139985297
1,1,Day 28,Day 28,0.22107075487505987,0.4009659380009899,0.14572172490497426,0.13072426994064962,0.10151731227832646
1,1,Day 28,Day 28,0.22193164333677554,0.28112223856369034,0.22256336966179327,0.08850074536408582,0.18588200307365504
1,1,Day 28,Day 28,0.18078008045971128,0.42472668280780784,0.13497607124368935,0.12783122289471052,0.1316859425940809
1,1,Day 28,Day 28,0.21235096727908395,0.39417427142949596,0.12292511210477484,0.12601193870375307,0.1445377104828922
1,1,Day 28,Day 28,0.1418918980174781,0.3384735637269748,0.28987601052462375,0.061054172869266086,0.16870435486165725
1,1,Day 28,Day 28,0.2510120811073329,0.2889130974599927,0.19055883638742396,0.1557124137015384,0.11380357134371201
1,0,Day 28,Day 0,0.29795744644947947,0.22517250911705655,0.17855434418902752,0.11988307674021743,0.17843262350421893
1,0,Day 28,Day 0,0.270417687557362,0.26969032095405354,0.18077095961656928,0.1276400750655619,0.1514809568064532
1,2,Day 28,Day 56,0.1657620861609352,0.2231255728321623,0.31340406488378275,0.1601210951813343,0.13758718094178554
1,1,Day 28,Day 28,0.16957036175817727,0.3194551768586056,0.27588026630775647,0.10379768648526282,0.13129650859019787
1,1,Day 28,Day 28,0.13049756044368788,0.3683474574907817,0.2632158764724316,0.06404647781099955,0.1738926277820993
1,1,Day 28,Day 28,0.2362399866762783,0.3685621465809094,0.1366265537322314,0.1325044178969384,0.1260668951136426
1,1,Day 28,Day 28,0.1928198298700633,0.2725101799656174,0.2635334745572764,0.12595766849460102,0.14517884711244183
1,2,Day 28,Day 56,0.1465640917798541,0.22813142149559046,0.32922699510881803,0.0928338199118142,0.2032436717039232
1,1,Day 28,Day 28,0.18738327203368838,0.2807266639947242,0.2539418032913454,0.15783788843794,0.12011037224230214
1,1,Day 28,Day 28,0.19971272789486585,0.2925713507574363,0.2190719264071902,0.15400447469427322,0.1346395202462344
1,1,Day 28,Day 28,0.2907493049598218,0.33194189956585624,0.19004302297803582,0.11204881096333273,0.07521696153295328
1,0,Day 28,Day 0,0.27832051618078985,0.18930781072808353,0.23188507391101393,0.12594428263093704,0.1745423165491755
1,1,Day 28,Day 28,0.26621179644448034,0.29492093056268304,0.18616338477123334,0.08952176792768221,0.16318212029392123
1,1,Day 28,Day 28,0.25128868089021994,0.32172070594939295,0.17781870141388334,0.10484981253137576,0.14432209921512804
1,1,Day 28,Day 28,0.2525114168526998,0.34987457210909434,0.19358862083231637,0.07669235008049538,0.12733304012539431
1,1,Day 28,Day 28,0.1774767322455842,0.3904757328791963,0.17483292748207196,0.1516055488553852,0.10560905853776227
1,1,Day 28,Day 28,0.2434372302324193,0.2667329967494478,0.21323526696084943,0.11531691000590669,0.1612775960513768
1,1,Day 28,Day 28,0.18168096099636882,0.33555526308124384,0.19450042430745118,0.17873767636330637,0.10952567525162984
1,1,Day 28,Day 28,0.19326343018739325,0.39334264793671403,0.16856561556092192,0.11363247637907775,0.13119582993589313
1,0,Day 28,Day 0,0.35932215808814527,0.30527176692949953,0.133219477387824,0.090368351321156,0.11181824627337528
1,1,Day 28,Day 28,0.21864707485062512,0.3609115962292687,0.2919264263296453,0.06024500022821606,0.06826990236224467
1,0,Day 28,Day 0,0.3183377940171434,0.31518313074994825,0.13388918802645441,0.057389575217177656,0.17520031198927624
2,2,Day 56,Day 56,0.1209524232513,0.1635826697938462,0.3858917775664317,0.15943334006604487,0.17013978932237725
2,2,Day 56,Day 56,0.22566879325943875,0.10126032472423968,0.3447965901049574,0.1920867331967525,0.13618755871461163
2,2,Day 56,Day 56,0.13494198988930042,0.2815569733637828,0.3139887337855086,0.11177882631537871,0.15773347664602944
2,2,Day 56,Day 56,0.23372207790780064,0.15466556040472296,0.33853903532042645,0.19659712191771672,0.07647620444933316
2,3,Day 56,Day 84,0.20473488996136682,0.2153824642211594,0.16578582566389893,0.3108355124988004,0.10326130765477445
2,2,Day 56,Day 56,0.2125176173267009,0.1896917947606376,0.30318712213307564,0.17526706979494577,0.11933639598464006
2,3,Day 56,Day 84,0.24554725599790683,0.1808321711332996,0.2182307740978909,0.25501539373699095,0.10037440503391172
2,3,Day 56,Day 84,0.20922407658079525,0.16438085556889945,0.20418811376947577,0.2918325429075321,0.1303744111732975
2,3,Day 56,Day 84,0.20728189973330463,0.1766650563055399,0.19517373087030115,0.2640712261267148,0.15680808696413953
2,1,Day 56,Day 28,0.13546597945733216,0.36626718503652006,0.17355536180211173,0.20035194702023262,0.12435952668380341
2,2,Day 56,Day 56,0.14318872448779577,0.19585341046593693,0.39685302293912406,0.12263064045349178,0.14147420165365146
2,2,Day 56,Day 56,0.09831087756010855,0.27687992248444093,0.3685536710405389,0.16127969589579305,0.09497583301911873
2,2,Day 56,Day 56,0.11897855852607218,0.22727905265229353,0.374005756954099,0.15477162861951577,0.12496500324801958
2,2,Day 56,Day 56,0.16877827812585544,0.10742770334363676,0.38351733958085515,0.13971140132371332,0.20056527762593934
2,2,Day 56,Day 56,0.16368576367334256,0.1647760099762224,0.3936361198197304,0.17543638551963653,0.1024657210110681
2,2,Day 56,Day 56,0.13322694199666762,0.1564617776212495,0.33069650897441344,0.20514064318340341,0.17447412822426592
2,2,Day 56,Day 56,0.06869327886927108,0.21675515917671925,0.4331897123995892,0.19738941663537346,0.08397243291904694
2,2,Day 56,Day 56,0.10961578539612589,0.18175556397760212,0.2857856781095338,0.274881305130373,0.14796166738636524
2,2,Day 56,Day 56,0.1286617912796327,0.1207396947302177,0.36462247251514407,0.1796902734481729,0.20628576802683263
2,1,Day 56,Day 28,0.13967028261730383,0.2715747138383405,0.2592158142169284,0.1812663186339717,0.1482728706934556
2,2,Day 56,Day 56,0.11335865643636003,0.16715759065273744,0.3215530024181254,0.2847449150077898,0.11318583548498719
2,1,Day 56,Day 28,0.1385605874972712,0.29068849431138066,0.2216176363974948,0.20626246323580583,0.14287081855804745
2,2,Day 56,Day 56,0.08803576035704781,0.23833480507656266,0.32206808546599563,0.2225806482632315,0.12898070083716237
2,2,Day 56,Day 56,0.09069307123167984,0.2523222936633066,0.3677881692060068,0.17637980684909604,0.11281665904991056
2,2,Day 56,Day 56,0.14161871480503854,0.2992660036386695,0.3108640500057897,0.13409568095717714,0.11415555059332495
2,2,Day 56,Day 56,0.09512778509250176,0.20902642691296253,0.33187966293396376,0.26504299678363696,0.09892312827693497
2,2,Day 56,Day 56,0.09284938151409118,0.22967762589890164,0.3442936782544348,0.18476648237725496,0.1484128319553174
2,2,Day 56,Day 56,0.10990893632585569,0.2909262765185035,0.31871764148526094,0.11906549701550466,0.16138164865487514
2,2,Day 56,Day 56,0.11547813210169354,0.28490477096592565,0.3091623114460818,0.20254225553541885,0.08791252995088014
2,2,Day 56,Day 56,0.1720906491079488,0.1392987888158265,0.376315012712261,0.16754610087550711,0.14474944848845667
2,1,Day 56,Day 28,0.19202965038397532,0.2364445238386748,0.21975990244169027,0.14206850883938307,0.2096974144962766
2,2,Day 56,Day 56,0.13815963089470706,0.1571832797974593,0.34208568342161105,0.20727035037295405,0.15530105551326856
2,2,Day 56,Day 56,0.10546705962029647,0.20128467617209975,0.3167153494199863,0.26572550686102353,0.11080740792659409
2,2,Day 56,Day 56,0.10242721042387816,0.16463492401205365,0.4811713703837007,0.12595019160043053,0.12581630357993687
2,3,Day 56,Day 84,0.1474385121906612,0.16341141491237865,0.22020463083900169,0.23929508291062104,0.2296503591473375
2,1,Day 56,Day 28,0.06125186110648529,0.33650985856198523,0.3238543568281516,0.181400283891305,0.09698363961207275
2,2,Day 56,Day 56,0.15959596230747553,0.16430546227396772,0.3393142994302463,0.2129992062861707,0.12378506970213973
2,2,Day 56,Day 56,0.13344754528768282,0.1375812523565525,0.3105309655292299,0.22669222854875062,0.19174800827778427
2,2,Day 56,Day 56,0.16713625154680722,0.197909546819657,0.3261302561568615,0.14385933963588496,0.16496460584078926
2,3,Day 56,Day 84,0.11995126800297404,0.15436435523807926,0.2236386798499592,0.29743205458465816,0.20461364232432933
2,2,Day 56,Day 56,0.18920637560096729,0.13863164495525807,0.33949219779597356,0.20303682254494707,0.12963295910285413
2,2,Day 56,Day 56,0.12430954313178234,0.15354615867800792,0.3547476428554299,0.203178987536792,0.16421766779798772
2,2,Day 56,Day 56,0.18546576612534177,0.1797481967080856,0.3305273663632634,0.1074305417360802,0.19682812906722905
2,2,Day 56,Day 56,0.17944802090144177,0.11700454836428287,0.4257861193732138,0.1941012902714908,0.08366002108957078
2,2,Day 56,Day 56,0.08418739822115591,0.24145357839034287,0.3760687423759043,0.21096111346749108,0.08732916754510583
2,2,Day 56,Day 56,0.18933177017498418,0.1742858787800504,0.25944748796302164,0.23225238546505925,0.14468247761688463
2,1,Day 56,Day 28,0.09940656663563001,0.28444061223767275,0.24323086538062777,0.21159523422903745,0.16132672151703192
2,2,Day 56,Day 56,0.18685444196026676,0.16283252508510074,0.3462137632858293,0.15429341471462105,0.1498058549541821
2,3,Day 56,Day 84,0.16890238888572073,0.2582191744365171,0.22481871811002135,0.2613687906810669,0.08669092788667399
2,2,Day 56,Day 56,0.11041511925383983,0.20180221150568695,0.24452546849985268,0.22235078087715035,0.22090641986347004
2,1,Day 56,Day 28,0.1134454527993141,0.26319196665545086,0.24276750959044235,0.19156817110631574,0.18902689984847693
2,2,Day 56,Day 56,0.12009526168172692,0.14744999975626183,0.3962473596068546,0.1328355829602849,0.20337179599487173
2,2,Day 56,Day 56,0.18588950258119255,0.19240974262294916,0.32600829621282196,0.20769227656821745,0.0880001820148188
2,1,Day 56,Day 28,0.18890167576154612,0.22873029963946076,0.2212466407842281,0.19979746045102217,0.16132392336374282
2,2,Day 56,Day 56,0.1676097344470426,0.23927376731772718,0.2686605950648588,0.18025116659129595,0.14420473657907557
2,2,Day 56,Day 56,0.11950411554747864,0.24030464219512201,0.3423797481787714,0.11308631616420049,0.18472517791442744
2,3,Day 56,Day 84,0.1767881290362729,0.1658757954998157,0.24246421598027032,0.25727607156334964,0.15759578792029144
2,3,Day 56,Day 84,0.1792357717796281,0.17667481325943904,0.20936212814455438,0.2796552260209742,0.15507206079540428
2,2,Day 56,Day 56,0.11250419667739953,0.16704205072901102,0.36100344703791926,0.16921305975765374,0.1902372457980165
2,2,Day 56,Day 56,0.10343882030227958,0.256814191173864,0.465794701161927,0.08363986352875136,0.09031242383317808
2,2,Day 56,Day 56,0.12116485710451319,0.14501236020334932,0.2915673844825914,0.27497283611284723,0.16728256209669892
2,2,Day 56,Day 56,0.15946995526065383,0.19247399237965387,0.3106091438693865,0.21287862286036935,0.12456828562993652
2,2,Day 56,Day 56,0.23371019215570932,0.18957712273626057,0.2548409390212675,0.16359228119523828,0.15827946489152434
2,2,Day 56,Day 56,0.1408909553224667,0.24342708617239298,0.25965973528830916,0.23633686082093674,0.11968536239589449
2,3,Day 56,Day 84,0.15554760396238995,0.18080920471627326,0.20816693007317644,0.2979345320808653,0.15754172916729503
2,2,Day 56,Day 56,0.08729977536688413,0.23237804110436447,0.39901394870130547,0.17120549659848447,0.11010273822896133
2,2,Day 56,Day 56,0.1796936612114115,0.21745011612595364,0.30432452871213583,0.1326246371804333,0.16590705677006579
2,2,Day 56,Day 56,0.16373805601564267,0.18816841252449873,0.2709642065975084,0.18767728810270756,0.1894520367596426
2,0,Day 56,Day 0,0.2859885079661848,0.11750820800546369,0.24971867640128637,0.17184222584056397,0.17494238178650112
2,2,Day 56,Day 56,0.1333380446187304,0.1830477471905761,0.35013701823915894,0.20767516189779286,0.12580202805374188
2,2,Day 56,Day 56,0.1556465389055142,0.2203135828187161,0.3929715837828154,0.11514063185301597,0.1159276626399384
2,2,Day 56,Day 56,0.1134397857056902,0.23508984312226383,0.29970923914291003,0.16856199615407244,0.18319913587506342
2,0,Day 56,Day 0,0.24300291564725932,0.14579382770265875,0.22504576670464702,0.2056235034140815,0.18053398653135339
2,3,Day 56,Day 84,0.18133708252293607,0.12616762144306873,0.2530089621358878,0.3011259415026519,0.13836039239545547
2,2,Day 56,Day 56,0.1439691955120706,0.2806619058444711,0.2815839046800274,0.17037074413447859,0.1234142498289523
2,1,Day 56,Day 28,0.09299385484027188,0.33139956781846963,0.2648493221302927,0.1440720418599735,0.16668521335099218
2,2,Day 56,Day 56,0.10606429590004827,0.19313799012433994,0.32448740296480727,0.24416167890304202,0.13214863210776243
2,2,Day 56,Day 56,0.16764294977007202,0.22818054784374425,0.37740379354912756,0.13920353259895818,0.08756917623809789
2,2,Day 56,Day 56,0.17432720398851478,0.26812306411167386,0.2923598633486274,0.10431485127108331,0.16087501728010076
2,2,Day 56,Day 56,0.11181983251040524,0.25468315025890803,0.272483750801449,0.18435630393945995,0.17665696248977758
2,1,Day 56,Day 28,0.15707714351629284,0.27890636201099467,0.23762781349218165,0.2425536191541704,0.08383506182636041
2,2,Day 56,Day 56,0.13058211516569643,0.23181536151913004,0.2869904248284021,0.2401266445964721,0.11048545389029943
2,1,Day 56,Day 28,0.07750980311375681,0.31321070461662154,0.3100501857746783,0.15746841129278327,0.14176089520216015
2,2,Day 56,Day 56,0.22961620033651392,0.08521681590178137,0.31725505307713064,0.2131550581471229,0.15475687253745132
2,2,Day 56,Day 56,0.22833851397810245,0.1371148062088982,0.25388219451912375,0.23212703585649117,0.14853744943738448
2,2,Day 56,Day 56,0.10207635555417104,0.13236990213909802,0.38929352353334395,0.23726017680912279,0.13900004196426427
2,3,Day 56,Day 84,0.13530102062400523,0.2459475137909704,0.21396498473465134,0.27748929651947074,0.12729718433090229
2,0,Day 56,Day 0,0.28880023158069074,0.22245848531603346,0.22019014229291467,0.16499949561222585,0.10355164519813526
2,2,Day 56,Day 56,0.12499102287453076,0.1513864953703909,0.3282747600022882,0.25248929923588864,0.14285842251690142
2,2,Day 56,Day 56,0.09204346149855845,0.18763010631025256,0.48539914291391123,0.10689700713365803,0.12803028214361964
2,2,Day 56,Day 56,0.16296502821612788,0.18620738018473257,0.267994586225906,0.21920696610593798,0.1636260392672955
2,2,Day 56,Day 56,0.11118226213367259,0.12097406999484069,0.49881658133601514,0.17476530285029315,0.09426178368517833
2,2,Day 56,Day 56,0.11901683110027572,0.14550299535115122,0.4321697985170315,0.14560074467918982,0.1577096303523517
2,1,Day 56,Day 28,0.11425477937115538,0.32914196156933445,0.2824797347285752,0.1367641406460928,0.13735938368484213
2,2,Day 56,Day 56,0.08771223422845122,0.22833856280805398,0.37209670090121355,0.1321510709025754,0.17970143115970585
2,1,Day 56,Day 28,0.16158145934984597,0.25845939659536765,0.21026810241603608,0.23081611875382485,0.13887492288492542
2,1,Day 56,Day 28,0.12330902393811116,0.32632281561334936,0.2924311295329171,0.15256474651601437,0.10537228439960805
2,2,Day 56,Day 56,0.130290822606663,0.16326730321386934,0.43191152771742725,0.13409641521073828,0.1404339312513021
2,2,Day 56,Day 56,0.14286704102958345,0.24829704574565375,0.27704290593554437,0.20872646164515574,0.12306654564406261
2,1,Day 56,Day 28,0.1556178828859352,0.2780886277621022,0.2690500952946904,0.1834235325077562,0.11381986154951605
2,1,Day 56,Day 28,0.09674831731029544,0.25354495098393426,0.23694184199966256,0.2386207097609504,0.17414417994515735
2,2,Day 56,Day 56,0.20277771045506923,0.1534486707703209,0.2735356878267119,0.24129020920525934,0.12894772174263863
2,2,Day 56,Day 56,0.17006101124519246,0.22185763802763853,0.25363416683188567,0.21131312058190233,0.1431340633133811
2,2,Day 56,Day 56,0.2306501678270755,0.22776189715421868,0.23817902939802635,0.1890970502180227,0.11431185540265673
2,2,Day 56,Day 56,0.15416277796632852,0.18080433202362386,0.38174688001843204,0.15690068063654383,0.1263853293550717
2,3,Day 56,Day 84,0.16965375750680833,0.1835434501198811,0.1315585062358045,0.35806570647520486,0.15717857966230117
2,3,Day 56,Day 84,0.16279038825008924,0.15789508180557535,0.2473336987615062,0.2550583517850836,0.17692247939774552
2,2,Day 56,Day 56,0.11179372423095003,0.1946779555066611,0.40394222168205435,0.11795139578673888,0.17163470279359563
2,2,Day 56,Day 56,0.1429267880477165,0.16735796404693243,0.30773910898871,0.18641114895629635,0.1955649899603448
2,2,Day 56,Day 56,0.17544008653279328,0.15866032649574702,0.3303576201527273,0.16549953069484824,0.17004243612388437
2,2,Day 56,Day 56,0.1296491491612528,0.17564207205737623,0.416920793731439,0.1607744987818706,0.11701348626806132
2,2,Day 56,Day 56,0.0870144853874593,0.2847602490453909,0.31853849583991145,0.14354807620124807,0.16613869352599026
2,1,Day 56,Day 28,0.18487349549294765,0.2574416601963709,0.2209685015963796,0.22658307167829456,0.11013327103600726
2,2,Day 56,Day 56,0.09527856583818507,0.16948988924436403,0.3131199002742991,0.25280148341610104,0.16931016122705086
2,2,Day 56,Day 56,0.11670950272076147,0.2637620599494321,0.3358567803527945,0.20719119892400453,0.07648045805300749
2,2,Day 56,Day 56,0.14140915387539302,0.28973043560477524,0.3851821298111784,0.1297898293193691,0.05388845138928406
2,2,Day 56,Day 56,0.1479681945914444,0.10431994587896877,0.3152145139626132,0.12847732104598295,0.3040200245209908
2,2,Day 56,Day 56,0.21205499820063964,0.18584932626706677,0.33224571126141744,0.1110761719309897,0.15877379233988628
2,2,Day 56,Day 56,0.13551861846803803,0.1996474752240503,0.30168732702529105,0.2198326659055791,0.14331391337704144
2,2,Day 56,Day 56,0.2220057430118609,0.13534930804428164,0.28080092410197144,0.12684015958692213,0.2350038652549639
2,2,Day 56,Day 56,0.15684602861464345,0.13558686792447125,0.39725933565283683,0.16560826466993891,0.14469950313810964
2,3,Day 56,Day 84,0.11766799092726575,0.24833002651493793,0.1945730029956722,0.3123580801023084,0.12707089945981567
2,2,Day 56,Day 56,0.08019921387460058,0.2413642856507543,0.3820984279598891,0.14310878375150493,0.15322928876325118
2,2,Day 56,Day 56,0.21195167785356048,0.14437639351199072,0.28313063124055904,0.2318544553294655,0.12868684206442418
2,2,Day 56,Day 56,0.15067264507382522,0.16273442456446752,0.3246585759575485,0.20862293535114218,0.1533114190530167
2,2,Day 56,Day 56,0.13475400896213552,0.23327676596813368,0.30201343141535686,0.2358977177557846,0.0940580758985894
2,2,Day 56,Day 56,0.09590775680305184,0.2265141395971057,0.3799043616650291,0.2219650690116957,0.07570867292311771
2,2,Day 56,Day 56,0.12413917060297132,0.1503561761632506,0.3141422433988396,0.296141830584136,0.11522057925080233
2,1,Day 56,Day 28,0.14491430560015892,0.2422068818446727,0.2378216471723127,0.17783215659237872,0.19722500879047708
2,2,Day 56,Day 56,0.08144796891887872,0.1779543211095941,0.3925722091689357,0.1706558317873576,0.1773696690152338
2,0,Day 56,Day 0,0.28541294186052574,0.21565047067448964,0.12925523569930564,0.18387510388699885,0.18580624787868005
2,2,Day 56,Day 56,0.13247852474302682,0.19056584195600795,0.4406684494326351,0.14034566422246747,0.09594151964586255
2,2,Day 56,Day 56,0.1417068702403301,0.19573417524497386,0.3365866414470283,0.1518369766771722,0.1741353363904957
2,3,Day 56,Day 84,0.17910374469345092,0.22689405164747506,0.21817336233706947,0.23393902869128197,0.14188981263072264
2,2,Day 56,Day 56,0.15007069962156444,0.08920217866495021,0.5370707599729648,0.14206936456529679,0.08158699717522366
2,2,Day 56,Day 56,0.10832983348910033,0.25427771002804705,0.25540698442016063,0.16956874998884308,0.2124167220738488
2,2,Day 56,Day 56,0.1854793660273478,0.125256968174129,0.3538609326408057,0.18970916162995619,0.1456935715277613
2,1,Day 56,Day 28,0.10453836576079131,0.3073185007162455,0.24440636618549297,0.187264928082664,0.15647183925480618
2,2,Day 56,Day 56,0.12699879353905852,0.20533192220187418,0.30592504566162376,0.23120198918779183,0.1305422494096517
2,2,Day 56,Day 56,0.09281635271481473,0.14357225983809138,0.3283962480890819,0.25406765116100605,0.18114748819700585
2,2,Day 56,Day 56,0.12381704130537806,0.16156809619962895,0.3194405759606393,0.19513978828992257,0.20003449824443117
2,2,Day 56,Day 56,0.12642626167557036,0.13523923105824182,0.41450807454921296,0.21137085757715293,0.11245557513982209
2,2,Day 56,Day 56,0.20756612318044063,0.2500792610224954,0.25528774890661726,0.19362949174272331,0.0934373751477233
2,2,Day 56,Day 56,0.16433956998753396,0.14301145571745788,0.27220531575985946,0.24767365761436,0.17277000092078876
2,2,Day 56,Day 56,0.11521244591484577,0.17391530938588454,0.37030414873316636,0.2225989608966811,0.11796913506942228
2,2,Day 56,Day 56,0.14620990468070286,0.24610557435715463,0.3077340423611417,0.1427332502899488,0.15721722831105212
2,2,Day 56,Day 56,0.06069535161520361,0.2663548006482818,0.3480017144354749,0.22483369786412863,0.10011443543691104
2,2,Day 56,Day 56,0.1243870506411643,0.2551191079449272,0.3127709115722465,0.22761037788826266,0.08011255195339925
2,2,Day 56,Day 56,0.12411206158724766,0.18432582501895908,0.33665274206328377,0.13607517322608847,0.2188341981044209
2,2,Day 56,Day 56,0.11669497276264493,0.12635123968944104,0.42560571039949113,0.1684954599057906,0.16285261724263222
2,2,Day 56,Day 56,0.17273913258344656,0.21003112448038116,0.2725724521130554,0.21628952367403834,0.12836776714907844
2,1,Day 56,Day 28,0.14019012753666416,0.28827049758836437,0.20954101490473495,0.19236553890741057,0.16963282106282604
2,2,Day 56,Day 56,0.11753360827219506,0.20855947859070967,0.31107790541099484,0.23380976530937744,0.12901924241672302
2,2,Day 56,Day 56,0.10147491323798047,0.2660586764498692,0.2679866609920848,0.16040685729943976,0.20407289202062578
2,2,Day 56,Day 56,0.14764502872910182,0.14639170698013076,0.5117054072132822,0.09881634643640207,0.09544151064108325
2,0,Day 56,Day 0,0.23833311578512645,0.22252634838555738,0.2231798626930549,0.23652066276299374,0.0794400103732676
2,1,Day 56,Day 28,0.19451875760692955,0.22290836492118507,0.2225194996956617,0.18678228588237034,0.17327109189385334
2,2,Day 56,Day 56,0.10134354525197324,0.1505262030874924,0.378254883771184,0.15210050005437672,0.2177748678349737
2,3,Day 56,Day 84,0.20217478156888696,0.2152052273291248,0.1876087720510327,0.2623294021370056,0.1326818169139499
2,1,Day 56,Day 28,0.12764728420680468,0.3985310936307423,0.21727377299319073,0.1781004743977637,0.07844737477149852
2,2,Day 56,Day 56,0.14795122536832778,0.1259104308173632,0.3191875908491414,0.19973601890472967,0.20721473406043797
2,1,Day 56,Day 28,0.21408852010152474,0.2500690599206255,0.22805233538820108,0.16079694910399114,0.14699313548565754
2,2,Day 56,Day 56,0.15047483739887757,0.16446254278487293,0.4170591570173773,0.14677047005719582,0.12123299274167636
2,1,Day 56,Day 28,0.07038937876440679,0.3569654547222297,0.24272719692242176,0.18358108195284484,0.14633688763809694
2,2,Day 56,Day 56,0.11639193430704815,0.18512433022494582,0.30494332975325417,0.11162015568338708,0.2819202500313649
2,3,Day 56,Day 84,0.11471216350743339,0.18311032815388986,0.2308255776988838,0.3172878460247175,0.1540640846150754
2,1,Day 56,Day 28,0.19522806689586017,0.23263789624543166,0.19775446826827167,0.2114061334226748,0.1629734351677615
2,2,Day 56,Day 56,0.17897000419749653,0.10017847985953003,0.4074826353548547,0.21109644335433578,0.10227243723378303
2,2,Day 56,Day 56,0.09081396683056371,0.19349365588738152,0.37473649082441934,0.15116706510486996,0.18978882135276542
2,2,Day 56,Day 56,0.06987852310030551,0.17551079329018351,0.3839177763879125,0.24989722195691486,0.1207956852646837
2,2,Day 56,Day 56,0.15478600767360443,0.21219205088923546,0.3707073808664427,0.1674244315344321,0.09489012903628537
2,2,Day 56,Day 56,0.19787752296722147,0.2186299310565656,0.24429669992022437,0.20099949586134147,0.13819635019464707
2,2,Day 56,Day 56,0.20745812605898226,0.18386723850676043,0.2956863680508484,0.12713610876904172,0.18585215861436727
2,1,Day 56,Day 28,0.13061584368024945,0.30156575200467745,0.26018131808609524,0.16917495516635928,0.13846213106261848
2,1,Day 56,Day 28,0.1579612431392901,0.2811958195175476,0.253299730908972,0.13171558876797557,0.17582761766621477
2,2,Day 56,Day 56,0.12434542870821347,0.2363142675535518,0.27067382364897374,0.18091883628701788,0.1877476438022431
2,2,Day 56,Day 56,0.16660049322952183,0.2234532366903843,0.2538502345708601,0.14701752689102127,0.20907850861821245
2,2,Day 56,Day 56,0.10999126506402761,0.17789435487139527,0.47480527291879676,0.1497400789949257,0.08756902815085467
2,3,Day 56,Day 84,0.130933773790012,0.1376515759808612,0.20037600236672287,0.377662898546432,0.15337574931597195
2,2,Day 56,Day 56,0.21115456215101003,0.15064647540117265,0.3117084953221158,0.16454398543886858,0.16194648168683284
2,2,Day 56,Day 56,0.1451600841254015,0.18433760684905773,0.36356654432294705,0.16877715028164905,0.13815861442094482
2,2,Day 56,Day 56,0.11638725837687322,0.21863362115550258,0.3601103884970442,0.14549698405119146,0.15937174791938863
2,0,Day 56,Day 0,0.30183974896818005,0.18879792141728752,0.2608348307704174,0.11572969574914145,0.13279780309497355
2,2,Day 56,Day 56,0.22655293163549542,0.15276692916643114,0.34267314102882873,0.10608849754146435,0.17191850062778022
2,2,Day 56,Day 56,0.14553419099531917,0.20658195248076447,0.23441148861085295,0.2133343900020098,0.20013797791105356
2,2,Day 56,Day 56,0.14372432303103164,0.21086560309696672,0.27176168721131044,0.2160005017733203,0.157647884887371
2,2,Day 56,Day 56,0.17363513870195368,0.20887362491188807,0.32852274460670716,0.2066877244391654,0.08228076734028572
2,2,Day 56,Day 56,0.1671377803492817,0.2511098471067411,0.31420151564922993,0.1510085382251102,0.11654231866963695
2,1,Day 56,Day 28,0.16017799922936315,0.26210509690144124,0.24545934175848616,0.15656244281658915,0.17569511929412024
2,2,Day 56,Day 56,0.13341623870558356,0.17516606861037134,0.30729356590044943,0.23430437246341762,0.14981975432017808
2,2,Day 56,Day 56,0.09131069381736756,0.19056959841647447,0.4990383418999934,0.1299466215513369,0.08913474431482749
2,1,Day 56,Day 28,0.11936509269328584,0.4146718036963806,0.24413489411853065,0.14175611263446797,0.0800720968573349
2,2,Day 56,Day 56,0.07958703902836335,0.1952626910581247,0.344173702765251,0.1962967921207672,0.18467977502749366
2,2,Day 56,Day 56,0.1277240707890463,0.1917776862133555,0.42539995653870366,0.1511883675642344,0.10390991889466018
2,2,Day 56,Day 56,0.10815500399070269,0.18722787283330689,0.37189424220531936,0.14934553296412426,0.18337734800654684
2,2,Day 56,Day 56,0.09239378769796831,0.09947654903237106,0.5011799249766293,0.1723580751454914,0.13459166314753984
2,2,Day 56,Day 56,0.12051999781677605,0.17491445858147409,0.31460240736628264,0.20524314483148967,0.18471999140397766
2,4,Day 56,Mature,0.14532357056456513,0.2368635800689399,0.1930848979672365,0.1569935368546974,0.2677344145445611
2,2,Day 56,Day 56,0.16366144002450692,0.27124192493334026,0.2928219502484748,0.1788443762036571,0.09343030859002092
2,2,Day 56,Day 56,0.20203404605883113,0.17990110777551355,0.27894306787184864,0.1469661276351762,0.1921556506586306
2,4,Day 56,Mature,0.10817079276229381,0.18000360576056787,0.24408759768196348,0.21502014190049315,0.2527178618946817
2,2,Day 56,Day 56,0.19574325034004983,0.1583562466338653,0.3788054298807616,0.1289158904550058,0.13817918269031737
2,2,Day 56,Day 56,0.1062390501598396,0.18798207368349684,0.32421164964260446,0.2210560483399671,0.1605111781740919
2,2,Day 56,Day 56,0.16745331664434743,0.17574960396039818,0.38172541559292983,0.16999084390595587,0.1050808198963687
2,2,Day 56,Day 56,0.10858554852575292,0.1361766025954431,0.395019736845237,0.10421218689290365,0.2560059251406634
2,3,Day 56,Day 84,0.12726466509940043,0.22602473717862168,0.22428663697188064,0.23312967162115342,0.1892942891289438
2,2,Day 56,Day 56,0.14409726679222826,0.11789741594534842,0.4552850885953826,0.14950168694928234,0.13321854171775827
2,2,Day 56,Day 56,0.07048075378281257,0.218054934866137,0.42630247628474843,0.14992460707705577,0.13523722798924634
2,2,Day 56,Day 56,0.1028451062379369,0.2314229702690573,0.2746109606398333,0.21720522578756368,0.1739157370656088
2,2,Day 56,Day 56,0.12622966256847176,0.1215465288876948,0.3218411764411475,0.26200379586841915,0.16837883623426672
2,2,Day 56,Day 56,0.16425694688574813,0.22411808815978598,0.3089777485643197,0.15442696774487755,0.1482202486452687
2,4,Day 56,Mature,0.14660974913723798,0.17579448835843534,0.2524893034854295,0.12644966691834994,0.2986567921005473
2,2,Day 56,Day 56,0.09525046193374725,0.17906507359709317,0.3746446248029944,0.1822690624223537,0.1687707772438115
2,2,Day 56,Day 56,0.22204029661102573,0.1807528564543948,0.26764068102655936,0.13447483466462062,0.19509133124339945
2,2,Day 56,Day 56,0.24803498943086388,0.10355360915906715,0.35939593285712396,0.19000191380277537,0.09901355475016962
2,2,Day 56,Day 56,0.10283573822305123,0.14202302060868335,0.4323724714606138,0.16216038323825957,0.16060838646939216
2,1,Day 56,Day 28,0.1503483508931749,0.2365773532441129,0.21765565675088855,0.1986802386877793,0.1967384004240443
2,2,Day 56,Day 56,0.09100959806922351,0.28149888760267094,0.3175965848048296,0.14085084480099583,0.16904408472228008
2,2,Day 56,Day 56,0.14659983827043163,0.10500321007220484,0.43826359656434805,0.12361612467898786,0.18651723041402776
2,2,Day 56,Day 56,0.13584171562162828,0.232428649847961,0.2695843924971128,0.22065111156412878,0.14149413046916906
2,2,Day 56,Day 56,0.12602253768841123,0.25076476300846534,0.2780110285237658,0.2194799002390556,0.12572177054030215
2,2,Day 56,Day 56,0.143755166329988,0.1524235810650886,0.44206438865381736,0.15244558282397358,0.10931128112713258
2,2,Day 56,Day 56,0.2173104183402064,0.15550806049982946,0.2957417307309712,0.2105108935923518,0.12092889683664107
2,2,Day 56,Day 56,0.10152275554176667,0.2013801639225174,0.31582953350530124,0.19700129885035847,0.18426624818005624
2,2,Day 56,Day 56,0.09440892030502547,0.26439489790932547,0.30924612315291733,0.19110347254743226,0.14084658608529943
2,2,Day 56,Day 56,0.13020607636079656,0.22221096389400175,0.32430710645114547,0.23491960442032975,0.08835624887372644
2,3,Day 56,Day 84,0.1329103771826845,0.21234927868749456,0.2610027347473164,0.28205769280323434,0.11167991657927015
2,2,Day 56,Day 56,0.13955389781033445,0.16883093908631247,0.29971216677817675,0.19067234080010845,0.20123065552506783
2,2,Day 56,Day 56,0.20894848360347235,0.1408794082525047,0.2864582394619938,0.2003636261091756,0.16335024257285374
2,2,Day 56,Day 56,0.13608276545538844,0.09578308987331752,0.522258075625143,0.09939256269467421,0.14648350635147683
2,2,Day 56,Day 56,0.1415580188681718,0.181703540139338,0.32512319102967047,0.2460641139665657,0.10555113599625407
2,2,Day 56,Day 56,0.10159462564118073,0.1660904683815405,0.4636213990474267,0.11891740700070942,0.14977609992914256
2,2,Day 56,Day 56,0.16116485499201555,0.21593774403137736,0.3284284389422841,0.15013567996315486,0.1443332820711682
2,4,Day 56,Mature,0.22157376124682782,0.1805068069873837,0.20084889291986674,0.1644359468290207,0.23263459201690104
2,2,Day 56,Day 56,0.1290170041817172,0.1699136413790439,0.26638600011961094,0.23271524018196452,0.2019681141376635
2,2,Day 56,Day 56,0.27327263251383144,0.08056481783252822,0.3372329695942768,0.20405845837514539,0.10487112168421811
2,3,Day 56,Day 84,0.11522358764074359,0.13885906670953005,0.24885778156994787,0.3217601731092005,0.17529939097057795
2,2,Day 56,Day 56,0.2575906626735016,0.14031042481657688,0.3698234812171194,0.14459693257342274,0.0876784987193793
2,2,Day 56,Day 56,0.16887635459278683,0.22615435247344903,0.2788943112904183,0.22270235336448496,0.10337262827886082
2,2,Day 56,Day 56,0.14705689452703688,0.237754239399242,0.37236617696822194,0.09538899375516297,0.14743369535033632
2,1,Day 56,Day 28,0.14486203610384746,0.26521090995050955,0.24436162997056715,0.2215362519545134,0.12402917202056243
2,2,Day 56,Day 56,0.08565786992304629,0.2710522332226619,0.2905290718964474,0.16664174511337818,0.18611907984446616
2,2,Day 56,Day 56,0.13584663219765372,0.16697307655423912,0.29022016812454277,0.2808986091075993,0.12606151401596505
2,2,Day 56,Day 56,0.14957283752501643,0.11728367023038436,0.43524009908301214,0.18234375589198043,0.11555963726960679
2,2,Day 56,Day 56,0.10110289317511115,0.2678397080071028,0.31213378075801956,0.18450186543812255,0.134421752621644
2,2,Day 56,Day 56,0.19409592622810806,0.19606127562896425,0.37839857187753373,0.14768138086218963,0.08376284540320439
2,2,Day 56,Day 56,0.13070328268110482,0.22142074491028724,0.27376730215453815,0.18440308822366144,0.18970558203040833
2,1,Day 56,Day 28,0.13607846809471474,0.2798248359754447,0.24627506441809036,0.20442421348317258,0.1333974180285776
2,2,Day 56,Day 56,0.13873414754971503,0.17118123691255258,0.2994494376121138,0.18414999326484605,0.2064851846607726
2,1,Day 56,Day 28,0.09217148542569337,0.3399122912127846,0.27644620731725467,0.2025711208716782,0.0888988951725892
2,1,Day 56,Day 28,0.13717134691817548,0.3194842191533459,0.24849190231701082,0.1203782839753395,0.17447424763612823
2,2,Day 56,Day 56,0.11547270294541033,0.17249804093009652,0.453718237672296,0.12959711829584505,0.12871390015635212
2,2,Day 56,Day 56,0.17766705926057652,0.28552168824859475,0.30828952371158425,0.14925497246699773,0.07926675631224676
2,2,Day 56,Day 56,0.1584592634302376,0.2142707990752431,0.3082967688972217,0.17117288635521158,0.147800282242086
2,2,Day 56,Day 56,0.14499594501136828,0.1548928728553045,0.4356411998413972,0.14390006410233644,0.12056991818959369
2,2,Day 56,Day 56,0.11440311185137703,0.16305174316665583,0.4223103547290883,0.13532254257633947,0.16491224767653945
2,2,Day 56,Day 56,0.13954707379815043,0.1702094558298755,0.4692657562944001,0.16248360559564032,0.05849410848193363
2,2,Day 56,Day 56,0.14471218177575057,0.21798359785093382,0.37168330127044424,0.14409107926171594,0.12152983984115547
2,3,Day 56,Day 84,0.16545212150391672,0.1456099769747999,0.23018595464968225,0.32277930709324487,0.13597263977835616
2,4,Day 56,Mature,0.16801551545701823,0.19050098706192373,0.2546564594564042,0.10998100919058079,0.27684602883407317
2,2,Day 56,Day 56,0.16943777423135994,0.2072859374082853,0.38125418809736317,0.11948198982933557,0.12254011043365602
2,2,Day 56,Day 56,0.11724397503216219,0.09321871805509159,0.4423747005375422,0.19603935123255367,0.1511232551426503
2,2,Day 56,Day 56,0.15564520455881414,0.21045230484441685,0.27857644754054933,0.1796427486154969,0.17568329444072264
2,1,Day 56,Day 28,0.20452537496293355,0.2946636087797882,0.23832292271274735,0.15260068050855158,0.10988741303597939
2,1,Day 56,Day 28,0.13423754658882484,0.28635214760398325,0.2798603590413789,0.17531570333300797,0.12423424343280505
2,2,Day 56,Day 56,0.207795998354114,0.20262352383556234,0.2644036730832321,0.1841478148197811,0.14102898990731058
2,2,Day 56,Day 56,0.09496884272030653,0.25121550845735235,0.37462236230578394,0.16801061145977494,0.11118267505678224
2,2,Day 56,Day 56,0.08434134673583055,0.1395922464858173,0.5241795154813609,0.10073236685584677,0.15115452444114452
2,2,Day 56,Day 56,0.17632246143720584,0.2188933078982174,0.37921158899061114,0.1316223943600324,0.0939502473139332
2,0,Day 56,Day 0,0.25216301741785124,0.21765045240464387,0.17732120058477124,0.1527826300045595,0.20008269958817423
2,3,Day 56,Day 84,0.17110609575240607,0.1940845342507975,0.24188631469947267,0.2471246130881087,0.14579844220921506
2,1,Day 56,Day 28,0.14868135490265078,0.2807742310384055,0.20111043381169166,0.189486130921965,0.1799478493252871
2,3,Day 56,Day 84,0.15653303611652067,0.17369654912310267,0.24653068620409038,0.2669685553808336,0.15627117317545267
2,2,Day 56,Day 56,0.1754347500314096,0.21687863090233025,0.3329446147695161,0.1826774163455864,0.0920645879511577
2,2,Day 56,Day 56,0.13992280395799409,0.1986237837289907,0.3507880369203016,0.19059952825886978,0.12006584713384377
2,1,Day 56,Day 28,0.15502623114102074,0.27451687819641046,0.22516549688266652,0.1585467913006039,0.18674460247929833
2,2,Day 56,Day 56,0.13077421681822007,0.22696260788843223,0.36381149447874805,0.14445590431612687,0.13399577649847272
2,3,Day 56,Day 84,0.12479373517082788,0.08190935643897655,0.2605448243128508,0.29693379904195594,0.23581828503538882
2,2,Day 56,Day 56,0.13904679824104968,0.15817442758889863,0.2717935831654434,0.22465539709236862,0.20632979391223968
2,3,Day 56,Day 84,0.18446848202299143,0.20188239911207934,0.20681309618031296,0.22312844144365704,0.18370758124095918
2,2,Day 56,Day 56,0.134814718182464,0.17575928808464691,0.28104553493497964,0.2536622550553093,0.15471820374260015
2,2,Day 56,Day 56,0.0984654712456906,0.17239505311710238,0.32936498693704286,0.25670929458680847,0.1430651941133557
2,2,Day 56,Day 56,0.20152055900393503,0.22835684272515974,0.3091409453616232,0.16113444318259637,0.09984720972668572
2,3,Day 56,Day 84,0.169782952994632,0.2173472168372652,0.1775001532240144,0.2680569324011686,0.16731274454291972
2,2,Day 56,Day 56,0.08743995079534105,0.1476644942584928,0.2896451179677406,0.23042529497292802,0.24482514200549751
2,2,Day 56,Day 56,0.15435668216822598,0.26163630250168446,0.29051787467627505,0.14025502290301067,0.15323411775080387
2,2,Day 56,Day 56,0.19437409737556624,0.21426396404502948,0.25677244784813164,0.21824474513284062,0.1163447455984321
2,2,Day 56,Day 56,0.24251937447711644,0.12558833756033613,0.34301611667442056,0.15240000849564478,0.13647616279248204
2,2,Day 56,Day 56,0.11443662703187113,0.0709508158274318,0.36642979336067083,0.2813424891279199,0.1668402746521062
2,1,Day 56,Day 28,0.1062618816870318,0.293267910942138,0.16162729032179968,0.27304506732325906,0.16579784972577144
2,2,Day 56,Day 56,0.14581614394706444,0.1848342068238359,0.2884773531557387,0.27356489824774216,0.10730739782561893
2,3,Day 56,Day 84,0.1863697098698768,0.1841488804367714,0.23111377363588487,0.2879581173609099,0.1104095186965571
2,2,Day 56,Day 56,0.12913731931273933,0.23184616860921914,0.35822694722267956,0.1364295622017892,0.14436000265357277
2,1,Day 56,Day 28,0.18803467816751843,0.26380849768254294,0.2122093473064297,0.11240193546573159,0.22354554137777735
2,2,Day 56,Day 56,0.09481741344737976,0.10238464713988216,0.4230014895570691,0.3180238058375699,0.061772644018099204
2,2,Day 56,Day 56,0.13757761246347253,0.2781807635065276,0.2804326166937432,0.19367351441717268,0.11013549291908402
2,2,Day 56,Day 56,0.15989865741990564,0.171530171153727,0.2847841310588778,0.23702273787946568,0.1467643024880238
2,0,Day 56,Day 0,0.2527898751323772,0.19929714583853247,0.23693919240186562,0.14914528643114672,0.16182850019607783
2,2,Day 56,Day 56,0.08634629824800395,0.22134876247174418,0.31824369379231077,0.13502514348145667,0.2390361020064844
2,2,Day 56,Day 56,0.12860829549098518,0.15329511842352528,0.36282820817568057,0.1842829159034817,0.1709854620063273
2,2,Day 56,Day 56,0.14630965615434854,0.21626086084812088,0.3313664000112423,0.16783416008656807,0.1382289228997201
2,4,Day 56,Mature,0.19888300106047418,0.2229605616843355,0.16984073016608375,0.15076429916420572,0.2575514079249008
2,2,Day 56,Day 56,0.09973123360363562,0.2464565595576975,0.2986961749497484,0.20480661165394362,0.15030942023497487
2,2,Day 56,Day 56,0.1785474373684354,0.19397995303071816,0.2935297282659491,0.24752261017979477,0.08642027115510256
2,2,Day 56,Day 56,0.25649750528038656,0.16057124597064354,0.2872377788054524,0.16444608097722724,0.1312473889662903
2,2,Day 56,Day 56,0.0920430183832958,0.22436254811800738,0.2651507284751452,0.24601415089591824,0.17242955412763347
2,2,Day 56,Day 56,0.14397091621770894,0.2721555510382601,0.29097445465496036,0.17551230049483027,0.11738677759424034
2,1,Day 56,Day 28,0.1604753763489736,0.2943523489821368,0.26507129804366547,0.14377940109575169,0.13632157552947244
2,2,Day 56,Day 56,0.1267403522848245,0.23340475529989407,0.40400253717504947,0.13733833905269205,0.09851401618753987
2,2,Day 56,Day 56,0.13159694835342878,0.2146207397276511,0.35245754475432484,0.19323238654361743,0.10809238062097787
2,1,Day 56,Day 28,0.10268425026315992,0.32213021307418116,0.3135669360340356,0.12408702129037341,0.13753157933824994
2,2,Day 56,Day 56,0.1871970531644506,0.19165071632987848,0.24674464941767882,0.1744718573100189,0.19993572377797322
2,2,Day 56,Day 56,0.19029911020003992,0.1591549490590663,0.35157847445093693,0.13383199860103778,0.16513546768891907
2,2,Day 56,Day 56,0.18607418234841394,0.2038461988314124,0.299633815963937,0.21748292382095646,0.09296287903528028
2,2,Day 56,Day 56,0.11190123859546154,0.20180028123908353,0.4429338169239641,0.11685834541633511,0.12650631782515567
2,2,Day 56,Day 56,0.1807560027219972,0.19017038372007156,0.22830313606370445,0.20983798404605564,0.19093249344817112
2,3,Day 56,Day 84,0.1088567891587338,0.2116727891780877,0.19747630120563728,0.3561610770196516,0.12583304343788965
2,1,Day 56,Day 28,0.12303632444478597,0.3313468106803413,0.32437878057299585,0.09299117473430739,0.1282469095675696
2,1,Day 56,Day 28,0.08470362471611115,0.2696371365799607,0.23591384070156776,0.24789397291206067,0.16185142509029973
2,0,Day 56,Day 0,0.30818571312531196,0.1514818611435568,0.2519812068460287,0.1901122184276524,0.09823900045745028
2,3,Day 56,Day 84,0.11253937918106768,0.14299920772791103,0.28240524336116946,0.2932200077371026,0.16883616199274923
2,3,Day 56,Day 84,0.06175281264306889,0.14828024122716735,0.2746306484474754,0.40246992186060077,0.11286637582168765
2,2,Day 56,Day 56,0.2070220931862628,0.1963334860997426,0.3998974218994197,0.13327181027912854,0.06347518853544638
2,2,Day 56,Day 56,0.11829068861999907,0.2176217383892127,0.39655740956507296,0.1306644027058452,0.13686576071987025
2,2,Day 56,Day 56,0.15559506390434721,0.13403467819871598,0.3100688998667684,0.2825458653789062,0.1177554926512623
2,4,Day 56,Mature,0.148862581485346,0.21130038323104533,0.19901691006865713,0.2137246884112064,0.227095436803745
2,2,Day 56,Day 56,0.1447396973853937,0.1406328894170018,0.29883398198238265,0.26022035803570087,0.15557307317952088
2,1,Day 56,Day 28,0.08894276485063239,0.3474837762526651,0.29689755930671,0.13726248083166465,0.1294134187583277
2,2,Day 56,Day 56,0.12115413478648915,0.14262398181370625,0.4130358148919342,0.11187526742213486,0.2113108010857354
2,0,Day 56,Day 0,0.34435185730357026,0.13912595109472914,0.2598038892949506,0.13822397876825288,0.1184943235384971
2,2,Day 56,Day 56,0.13500606565379022,0.25933595215369565,0.35756640973356757,0.1473152739353621,0.10077629852358448
2,2,Day 56,Day 56,0.10467800600745444,0.23273258459826246,0.25429546972482103,0.24270140322443368,0.16559253644502825
2,2,Day 56,Day 56,0.19767230279883938,0.1659535212324241,0.4246321647717852,0.09853817793425937,0.11320383326269204
2,2,Day 56,Day 56,0.14630317242039648,0.19140429699654532,0.31826203810129433,0.18834171536688643,0.15568877711487736
2,2,Day 56,Day 56,0.15722430071717142,0.22639031988410996,0.26099842440202115,0.14319394224622842,0.21219301275046912
2,2,Day 56,Day 56,0.10551451231992492,0.2645764160447099,0.2731906749925566,0.17149250310416184,0.18522589353864677
2,1,Day 56,Day 28,0.26710263355435526,0.29940188938315876,0.18287367557989737,0.13987316908714295,0.11074863239544581
2,2,Day 56,Day 56,0.11689521585766006,0.14963601887352795,0.5150024638541154,0.08966660560708525,0.1287996958076113
2,2,Day 56,Day 56,0.2066255700014271,0.14148165101429488,0.33293407629017713,0.13168912397721896,0.18726957871688185
2,2,Day 56,Day 56,0.07645209069028303,0.23922360910841217,0.3542592557142968,0.16330572266436122,0.16675932182264688
2,2,Day 56,Day 56,0.07237024774838428,0.19902244494206042,0.3229225589877385,0.28994375924923527,0.1157409890725815
2,3,Day 56,Day 84,0.1477088951212636,0.0798258031073553,0.2963952810359533,0.3594791752074876,0.11659084552794008
2,2,Day 56,Day 56,0.1224270805020374,0.2603653756083453,0.31270071847946346,0.18960838044794767,0.11489844496220632
2,3,Day 56,Day 84,0.21277504883627604,0.1211953868164593,0.2739171698074234,0.2739373607035759,0.11817503383626528
2,2,Day 56,Day 56,0.13486739634558237,0.21665966744988047,0.4000490970543779,0.17389478372332426,0.0745290554268349
2,3,Day 56,Day 84,0.1658647102223397,0.19469846155975137,0.22390837032148875,0.26540799991489644,0.15012045798152387
2,4,Day 56,Mature,0.1308389975111751,0.23354318937963683,0.26580852394996235,0.10051108056869504,0.26929820859053055
2,2,Day 56,Day 56,0.1680001658012556,0.09283016706413133,0.2838308914345547,0.23253214675435044,0.22280662894570788
2,2,Day 56,Day 56,0.2108149236227063,0.2272232495277027,0.24063868213616416,0.13105673196024778,0.19026641275317915
2,2,Day 56,Day 56,0.11982085430015099,0.2883236584232884,0.3940259120441564,0.10791061090580546,0.08991896432659871
2,2,Day 56,Day 56,0.1403120212292786,0.14863362573831937,0.31020466863783575,0.2406339292322524,0.1602157551623138
2,2,Day 56,Day 56,0.11551462906966588,0.19929877510213817,0.33155039939338,0.13585655810897146,0.21777963832584435
2,0,Day 56,Day 0,0.2597980666823479,0.18981269763781095,0.23149347856254496,0.11456516353060005,0.20433059358669622
2,2,Day 56,Day 56,0.1643092600342241,0.26076737936201283,0.2826427042936195,0.18772276508570515,0.10455789122443858
2,2,Day 56,Day 56,0.13634434197032777,0.23308546453248358,0.390594904533269,0.0870344038495761,0.15294088511434362
2,2,Day 56,Day 56,0.21482099531702628,0.21902142567355365,0.2309581355524263,0.18668158525406625,0.14851785820292754
2,1,Day 56,Day 28,0.1818907240162549,0.2963465488633504,0.1771322849873076,0.1679133414548963,0.17671710067819088
2,2,Day 56,Day 56,0.12374724908568237,0.21639943953752727,0.2833352376345559,0.23949090240585455,0.13702717133637993
2,2,Day 56,Day 56,0.14777637753441455,0.13088934183178882,0.3386996684699178,0.2112617271315849,0.17137288503229392
2,2,Day 56,Day 56,0.20788052261284973,0.13270404173432584,0.33116272419206444,0.22664851264149555,0.10160419881926441
2,2,Day 56,Day 56,0.1543050825785292,0.18450539917170106,0.2854270674847005,0.2041968242468774,0.17156562651819193
2,2,Day 56,Day 56,0.12704335728503752,0.11150906614125723,0.3845302585363352,0.27013961884431775,0.10677769919305236
2,2,Day 56,Day 56,0.14789552338727194,0.18784445435636682,0.27176263536684414,0.24596505606078967,0.14653233082872735
2,0,Day 56,Day 0,0.25339560770490044,0.1910775422022365,0.21767223194692437,0.16515376779360091,0.17270085035233793
2,1,Day 56,Day 28,0.1301469244256919,0.36222637649573297,0.2660623889117024,0.13858096537786957,0.10298334478900319
2,2,Day 56,Day 56,0.23315969945309942,0.1383896710618495,0.3743691703604507,0.11498964305892524,0.13909181606567508
2,1,Day 56,Day 28,0.16262375354046546,0.29699894135530114,0.24194532931635418,0.18029547958837547,0.11813649619950364
2,2,Day 56,Day 56,0.17903612173888062,0.106198869334161,0.301758094871795,0.23970826545686474,0.17329864859829874
2,2,Day 56,Day 56,0.15471020873996416,0.30548062628591005,0.30558721239185166,0.12538170860509304,0.10884024397718117
2,1,Day 56,Day 28,0.14809829376213302,0.3364093070807361,0.2793181953133113,0.12400951299079159,0.112164690853028
2,2,Day 56,Day 56,0.1572953129691619,0.13922646158897725,0.3743788833626775,0.20320049122822031,0.1258988508509631
2,2,Day 56,Day 56,0.09587783225944539,0.1797081799041682,0.31444346704883436,0.29989665266720616,0.1100738681203459
2,3,Day 56,Day 84,0.1446582029736669,0.1398968373634923,0.252759411372542,0.3420636368522114,0.12062191143808745
2,2,Day 56,Day 56,0.10633515022705822,0.2682631995983331,0.2691913880026395,0.2407303850388536,0.1154798771331156
2,2,Day 56,Day 56,0.08160664251552933,0.18542074975529085,0.32616808806043435,0.19668502410754518,0.21011949556120021
2,2,Day 56,Day 56,0.11978978767974442,0.17668711051412897,0.29826984148725344,0.14769616284844822,0.25755709747042493
2,2,Day 56,Day 56,0.123949457133538,0.2304799807179383,0.38314009051141823,0.15506105169022485,0.10736941994688066
2,2,Day 56,Day 56,0.15030713742217236,0.13318468286175486,0.3192220030839967,0.2373623037022484,0.15992387292982763
2,2,Day 56,Day 56,0.14748326848535845,0.1843782294661664,0.3834717305083079,0.14088399599757168,0.1437827755425956
2,2,Day 56,Day 56,0.10150294189376506,0.2000326615167832,0.38167163656641406,0.20364777558015634,0.11314498444288143
3,3,Day 84,Day 84,0.18822096983512274,0.10282694223057227,0.25477854596813365,0.32094224008826094,0.13323130187791035
3,3,Day 84,Day 84,0.2501215581457957,0.08026691459874136,0.19509521077915795,0.37360704270097944,0.10090927377532563
3,3,Day 84,Day 84,0.10748332752409608,0.14469539972468212,0.15091456242521875,0.4535644570076645,0.1433422533183386
3,3,Day 84,Day 84,0.2136025615532721,0.10711587152206681,0.2600602810087046,0.2697884498876201,0.14943283602833649
3,3,Day 84,Day 84,0.15583345738759058,0.09712603725348162,0.20649286948428539,0.3122304869072601,0.22831714896738237
3,3,Day 84,Day 84,0.23344884899829532,0.208218157286344,0.16468769273128164,0.28671553631415553,0.10692976466992352
3,3,Day 84,Day 84,0.12749798286274025,0.20845926677188817,0.1952252879564904,0.35262930808789894,0.11618815432098219
3,3,Day 84,Day 84,0.22074045965148936,0.1106389093921647,0.2108508004722885,0.24944511831789482,0.20832471216616266
3,3,Day 84,Day 84,0.15298198749975186,0.12519026589340332,0.2500306092524238,0.29125658788646763,0.18054054946795337
3,3,Day 84,Day 84,0.18086499466301936,0.12934415575069994,0.14193427942465953,0.3601280480433132,0.18772852211830793
3,3,Day 84,Day 84,0.10531092635348428,0.08823618263203588,0.13247359577101112,0.5092460707096769,0.16473322453379194
3,3,Day 84,Day 84,0.1593524348399601,0.10373802424620353,0.22209344867870603,0.41081994689221724,0.10399614534291318
3,3,Day 84,Day 84,0.19986096065826747,0.08762199987073338,0.12188986849667577,0.34983917906522793,0.2407879919090954
3,3,Day 84,Day 84,0.22009001753704893,0.12284856709696053,0.1940292330277809,0.28663265910346497,0.1763995232347447
3,3,Day 84,Day 84,0.19380618070409186,0.13547708196344552,0.15688893726988998,0.31202232853182166,0.20180547153075107
3,2,Day 84,Day 56,0.1372635655649499,0.08206350842807492,0.3111661312272096,0.2877467779426283,0.18176001683713738
3,3,Day 84,Day 84,0.11939057612737405,0.06410460464546712,0.31775695575337304,0.37300224599319204,0.12574561748059376
3,3,Day 84,Day 84,0.168169986865407,0.16962122557997916,0.1910654457410052,0.25929097766853365,0.21185236414507497
3,3,Day 84,Day 84,0.11141842271678366,0.10160005759286135,0.2683927259701043,0.45056989498504657,0.06801889873520417
3,3,Day 84,Day 84,0.12020225205848907,0.1286269306441413,0.21337689057339146,0.3768226511100725,0.16097127561390567
3,2,Day 84,Day 56,0.1008098106605846,0.2185602247389264,0.32831023383505137,0.25525207190280963,0.09706765886262805
3,3,Day 84,Day 84,0.12319372861027729,0.11652053285632404,0.1750465179975065,0.4731521447121074,0.11208707582378469
3,3,Day 84,Day 84,0.16668577184529462,0.11356818752264994,0.1358936628433965,0.46216432979478134,0.12168804799387752
3,4,Day 84,Mature,0.1803324935147143,0.10305104853839707,0.2129385123509475,0.2413521983371133,0.2623257472588278
3,3,Day 84,Day 84,0.11846152696476657,0.09460345235243364,0.2844426904800105,0.3660410246518265,0.13645130555096274
3,3,Day 84,Day 84,0.10940055814102101,0.15047312232616428,0.27975818558241977,0.3252185352174648,0.13514959873293012
3,3,Day 84,Day 84,0.16310737202165504,0.1394178540223186,0.10435518900668778,0.4263641368619557,0.16675544808738288
3,3,Day 84,Day 84,0.12578140546213473,0.12444762080102946,0.15264568852640814,0.4325809004040545,0.1645443848063732
3,3,Day 84,Day 84,0.11616193570921673,0.18214538511828432,0.2664222296705135,0.30969053807683655,0.12557991142514888
3,3,Day 84,Day 84,0.1743553668538743,0.14584048151819284,0.11115790509908217,0.37263697324200795,0.19600927328684273
3,3,Day 84,Day 84,0.1329585986232582,0.2571844675706081,0.2101573142970601,0.2703169589868362,0.12938266052223746
3,0,Day 84,Day 0,0.2986790414589171,0.10964272810641422,0.18612546739757882,0.2276484584004485,0.17790430463664128
3,3,Day 84,Day 84,0.1659916856467236,0.10281438001471409,0.18939435331664659,0.43244602638403273,0.10935355463788315
3,3,Day 84,Day 84,0.14093114984508207,0.14825697503518692,0.2439939110656525,0.3105992158677023,0.15621874818637635
3,3,Day 84,Day 84,0.2153477111612123,0.1372020507602141,0.15786176273341376,0.33799960468876605,0.1515888706563938
3,3,Day 84,Day 84,0.21149175098726364,0.12496081999292286,0.14166649615276372,0.3598676206242165,0.16201331224283316
3,3,Day 84,Day 84,0.15134175513431108,0.15192855625881713,0.25790567427613237,0.32039349034952663,0.11843052398121277
3,2,Day 84,Day 56,0.11369699524117931,0.15275741555637623,0.31791096862211093,0.277969945093495,0.13766467548683853
3,3,Day 84,Day 84,0.2294622126695464,0.14089052934350435,0.22319833720600257,0.302280852383453,0.10416806839749378
3,3,Day 84,Day 84,0.12810997809931884,0.09795153188653764,0.1935831681192746,0.4414963610444097,0.13885896085045912
3,3,Day 84,Day 84,0.10657322578659396,0.17342994070097767,0.30156618086218745,0.3281441775800019,0.09028647507023892
3,3,Day 84,Day 84,0.1136656247973007,0.14958087716616833,0.18165020812202018,0.41284288169975986,0.14226040821475078
3,3,Day 84,Day 84,0.20418042739007597,0.08136995145244232,0.22608547228703393,0.2943613997801666,0.19400274909028112
3,3,Day 84,Day 84,0.24426669387204566,0.08663495657515051,0.21942940364368746,0.33123780922065377,0.11843113668846245
3,3,Day 84,Day 84,0.13060603860485245,0.09491020985129624,0.2584306847144474,0.4046825870224357,0.11137047980696833
3,2,Day 84,Day 56,0.13640904896599476,0.15386309834110914,0.3217187984429738,0.2274324362215385,0.16057661802838374
3,3,Day 84,Day 84,0.10093680947261707,0.10678516311023752,0.17602679036414473,0.474206342633615,0.14204489441938578
3,3,Day 84,Day 84,0.1888426021262273,0.11022852539961597,0.20886878148175073,0.3423854229019081,0.14967466809049787
3,3,Day 84,Day 84,0.17237266789099576,0.13865112457353843,0.21811097198375246,0.294451432520471,0.17641380303124243
3,3,Day 84,Day 84,0.14838285945118648,0.19740327084744147,0.14860831930729207,0.3717073125734874,0.1338982378205925
3,3,Day 84,Day 84,0.08909660330506021,0.0659666854548378,0.19741275722856175,0.5828490045386839,0.06467494947285633
3,3,Day 84,Day 84,0.3260322297652479,0.09071072481815828,0.11874341010834098,0.35335654109534964,0.11115709421290314
3,3,Day 84,Day 84,0.17382990136299425,0.08772801088864295,0.20230963750812392,0.3519243609083933,0.1842080893318456
3,3,Day 84,Day 84,0.13623736528046476,0.060910716666796524,0.14477987057187514,0.5312147627426722,0.1268572847381914
3,3,Day 84,Day 84,0.13601016535182262,0.16120684434211693,0.2806597853329088,0.28804496702788396,0.1340782379452677
3,3,Day 84,Day 84,0.14510112899929561,0.10813883128857371,0.22681953166593447,0.3888795900003875,0.1310609180458087
3,3,Day 84,Day 84,0.08626336753027171,0.09148222648926947,0.16230072319091216,0.5140443313452251,0.14590935144432166
3,3,Day 84,Day 84,0.13112550549478258,0.07093641468124416,0.22427635516134917,0.4123774404337997,0.16128428422882443
3,3,Day 84,Day 84,0.2201338890166445,0.11275282297540987,0.2293984550601179,0.2712931946761438,0.16642163827168394
3,3,Day 84,Day 84,0.15454267493832582,0.08349344540749383,0.2568352800237435,0.40841192426184963,0.0967166753685872
3,3,Day 84,Day 84,0.12035628260729923,0.11121587204292764,0.23190008220048214,0.3625826538773355,0.1739451092719554
3,3,Day 84,Day 84,0.1355398275397351,0.12309911581120163,0.15554607934282091,0.44223443241476024,0.14358054489148223
3,3,Day 84,Day 84,0.15096718584731172,0.07470034542599187,0.22346037467582683,0.38146660490955475,0.1694054891413148
3,3,Day 84,Day 84,0.11217942884136711,0.2026695513286819,0.24670502076206496,0.2889696209997861,0.14947637806809996
3,3,Day 84,Day 84,0.13790606730492114,0.20719291110819554,0.23642042461199597,0.2720972518125294,0.14638334516235788
3,3,Day 84,Day 84,0.10654527249608985,0.16918451800335374,0.27046293822074285,0.3381722361482792,0.11563503513153425
3,3,Day 84,Day 84,0.10055937033660778,0.11344844521678028,0.17963861663149433,0.38710367788997696,0.21924988992514058
3,3,Day 84,Day 84,0.11176019866971103,0.12346592556329325,0.25129719675152135,0.32469783443573463,0.18877884457973965
3,2,Day 84,Day 56,0.1685606350818364,0.09504240127135286,0.30289112798210677,0.21802016642997307,0.21548566923473092
3,3,Day 84,Day 84,0.16410111046959305,0.14545524272531798,0.12734864726554168,0.341452295493398,0.2216427040461492
3,3,Day 84,Day 84,0.23647610000320793,0.10531519372347135,0.18855792200338506,0.3565132668663119,0.1131375174036237
3,3,Day 84,Day 84,0.13010985849666845,0.19853914896240776,0.188737750749754,0.29616290995485217,0.18645033183631757
3,3,Day 84,Day 84,0.12223938099358209,0.13649924261040858,0.27719325956513025,0.3419637719797197,0.12210434485115931
3,3,Day 84,Day 84,0.11905829788322309,0.10744370113337746,0.2337841413866143,0.4164119554856415,0.12330190411114354
3,3,Day 84,Day 84,0.17848184926749863,0.16472278557821315,0.1165689787599178,0.4273673555561897,0.11285903083818066
3,3,Day 84,Day 84,0.19805759953396224,0.0913532759282182,0.17495256476645912,0.3789505490928385,0.15668601067852192
3,3,Day 84,Day 84,0.0897453375348872,0.10139774109180168,0.18735040795817337,0.42710743671504137,0.19439907670009643
3,3,Day 84,Day 84,0.10578154557677391,0.06097562984036556,0.16636004893386167,0.5042350749195852,0.16264770072941367
3,3,Day 84,Day 84,0.12009014387599522,0.16733352574005095,0.2503075482320128,0.348450029630176,0.11381875252176496
3,3,Day 84,Day 84,0.18963340766482895,0.16233041758821376,0.17952296406614576,0.3429206878010217,0.12559252287978975
3,3,Day 84,Day 84,0.10239205255748163,0.13401391503196391,0.12039415619935863,0.44883936054774587,0.19436051566344986
3,3,Day 84,Day 84,0.21441636978664516,0.13887029095973916,0.12886027899849617,0.2977330977477373,0.22011996250738228
3,3,Day 84,Day 84,0.17163202531591887,0.08645544838144903,0.15541459961345153,0.45049674051729455,0.13600118617188586
3,3,Day 84,Day 84,0.27867467469314977,0.14433243737145707,0.09158038481970164,0.30072268840805944,0.18468981470763213
3,3,Day 84,Day 84,0.14608021124548276,0.10885154137655335,0.25063889560348274,0.2917563158638331,0.20267303591064806
3,3,Day 84,Day 84,0.14778734994367435,0.13073689529232227,0.21199032049161895,0.38270332366067616,0.12678211061170833
3,3,Day 84,Day 84,0.14812616405772758,0.16441275357308296,0.25173821172868976,0.3314713579853252,0.10425151265517459
3,3,Day 84,Day 84,0.12017144328459001,0.1571995798966298,0.1729321993740895,0.4342335082762446,0.11546326916844614
3,3,Day 84,Day 84,0.0834408113849722,0.08849792322949429,0.2209889362688664,0.4249515452996057,0.18212078381706145
3,3,Day 84,Day 84,0.10824940053101245,0.10953955549852282,0.25102163864634414,0.3324109193027714,0.19877848602134926
3,3,Day 84,Day 84,0.21926185042251117,0.1427407460138312,0.1588580897990849,0.33733624042596994,0.14180307333860281
3,2,Day 84,Day 56,0.14648563990881108,0.1693210961283071,0.24392722662734806,0.2175560512393692,0.22270998609616444
3,2,Day 84,Day 56,0.2028694720384478,0.10533393229719185,0.2860494425012377,0.27187900050520203,0.13386815265792076
3,3,Day 84,Day 84,0.19746737492767938,0.09876040669854498,0.17852408783339238,0.34168453298804036,0.1835635975523429
3,3,Day 84,Day 84,0.10638051313987854,0.2356984469228476,0.17303634806701437,0.3245729302220778,0.16031176164818167
3,3,Day 84,Day 84,0.12989732469216209,0.0938714098656823,0.21737444824449098,0.4684594263191344,0.09039739087853026
3,3,Day 84,Day 84,0.17449124458335524,0.12193977841886355,0.12716691146549372,0.3232159226741428,0.25318614285814467
3,3,Day 84,Day 84,0.2320541399097874,0.11529869159957847,0.1487264481786336,0.3413685401613377,0.162552180150663
3,3,Day 84,Day 84,0.12656897281821994,0.22131248389772418,0.18795918790836946,0.3616800406687909,0.10247931470689553
3,3,Day 84,Day 84,0.1221023198771682,0.09614302019040612,0.1028948833452249,0.4491127460380163,0.2297470305491844
3,3,Day 84,Day 84,0.1693043238482103,0.17598651495153997,0.24658854522298074,0.2475959314383417,0.16052468453892726
3,3,Day 84,Day 84,0.15787477186182639,0.17107198554480485,0.19972635407747827,0.26352262800681,0.20780426050908046
3,2,Day 84,Day 56,0.15761394061169703,0.06779109055187099,0.31434572993501914,0.3141053316727376,0.1461439072286752
3,3,Day 84,Day 84,0.19958185044921267,0.23444641983095127,0.11779696798445191,0.31443007565922565,0.13374468607615836
3,2,Day 84,Day 56,0.20608527026611517,0.17580675382299235,0.24856421358132155,0.21138389557082604,0.1581598667587448
3,1,Day 84,Day 28,0.1946241151294244,0.21611729998060814,0.18619276741523977,0.20838474481131272,0.19468107266341503
3,3,Day 84,Day 84,0.22685611863213306,0.1438316219028521,0.2003550092107164,0.2725882291873414,0.15636902106695716
3,3,Day 84,Day 84,0.19582753150155113,0.09720297720114658,0.199008116294483,0.33804577327206053,0.16991560173075865
3,0,Day 84,Day 0,0.2971031010071571,0.11177999647403349,0.18338966426064826,0.2773623950207438,0.1303648432374174
3,3,Day 84,Day 84,0.14101710111095994,0.07428633137034801,0.2222588428652348,0.43750926226933184,0.12492846238412528
3,3,Day 84,Day 84,0.14675018103863308,0.10587926618242093,0.2337697161720721,0.3777503678790125,0.13585046872786138
3,3,Day 84,Day 84,0.08720132095738423,0.15962053849408198,0.1569861426104324,0.4613574086331283,0.13483458930497302
3,3,Day 84,Day 84,0.1397425507069606,0.17489855730505785,0.0899418956109695,0.4618267653853794,0.1335902309916327
3,3,Day 84,Day 84,0.12031448561090191,0.13193229425284156,0.25338684723198684,0.286187605078462,0.20817876782580771
3,3,Day 84,Day 84,0.12345651545873002,0.13522700223026532,0.2014030433258693,0.34716298147432656,0.19275045751080896
3,3,Day 84,Day 84,0.1620913591164019,0.10049606671954496,0.1678790451552341,0.4351251127494302,0.13440841625938876
3,3,Day 84,Day 84,0.17132918376813708,0.15826212959201902,0.20139109861171856,0.31275648870966355,0.1562610993184618
3,3,Day 84,Day 84,0.163460982516988,0.1177805454868661,0.13865940945749247,0.4278384589930274,0.15226060354562604
3,3,Day 84,Day 84,0.1217850564404668,0.11308479489476535,0.22443785587345597,0.3703002477254057,0.1703920450659062
3,3,Day 84,Day 84,0.23389647273775382,0.19709047865310658,0.15676629763563518,0.27690288602882174,0.13534386494468267
3,3,Day 84,Day 84,0.155291023981069,0.06907223540755544,0.13285680565107091,0.49487477453590495,0.14790516042439975
3,2,Day 84,Day 56,0.14242372309706386,0.13151150987289817,0.33349896728704204,0.247749239799416,0.14481655994358
3,3,Day 84,Day 84,0.19740989364542558,0.16043543743161884,0.18482881834383993,0.3848982141156733,0.07242763646344226
3,3,Day 84,Day 84,0.16620597639214807,0.0971914177456982,0.2791732939711682,0.3030297799412163,0.1543995319497691
3,3,Day 84,Day 84,0.2197050430513469,0.14329605202057366,0.09216409936687882,0.40872183167915704,0.13611297388204366
3,3,Day 84,Day 84,0.11024201781043044,0.10596115588149613,0.1281904135982945,0.42626376759697304,0.22934264511280583
3,3,Day 84,Day 84,0.10529686632316936,0.1152175475202915,0.1409043331862335,0.4790181324159758,0.15956312055432995
3,2,Day 84,Day 56,0.1447025915718729,0.10216021104079118,0.3832570310757994,0.2866018642473457,0.08327830206419093
3,3,Day 84,Day 84,0.2097930878573182,0.12107392509831684,0.18704816714122446,0.30952625982716814,0.17255856007597237
3,3,Day 84,Day 84,0.14084428674201757,0.1751736339426437,0.20358507435347623,0.3073722020524024,0.17302480290946007
3,3,Day 84,Day 84,0.1257497467539019,0.11801467919126295,0.2284520109976965,0.4400352475993828,0.08774831545775587
3,2,Day 84,Day 56,0.16558613262209979,0.14016238092725575,0.3782578752546594,0.16214562890673034,0.1538479822892547
3,3,Day 84,Day 84,0.12905816519214375,0.12080119243491434,0.30322505468589916,0.3745310763217957,0.07238451136524691
3,3,Day 84,Day 84,0.22651068779111383,0.10736796953737643,0.269233242731221,0.2972045711659125,0.09968352877437625
3,3,Day 84,Day 84,0.19508890969794293,0.08240382247618983,0.17076854124496435,0.4138234629218821,0.13791526365902076
3,3,Day 84,Day 84,0.17063878298772714,0.11810748619769548,0.22369715765146758,0.3635888528383496,0.12396772032476024
3,3,Day 84,Day 84,0.13784982379567676,0.11345392242018185,0.1629350611528121,0.42122890153687353,0.16453229109445575
3,3,Day 84,Day 84,0.22395984419472553,0.09859084610448245,0.15253188709177834,0.3228390857621929,0.20207833684682078
3,3,Day 84,Day 84,0.1456138819651044,0.1744614372914656,0.17615221474551976,0.3499916030255092,0.15378086297240096
3,3,Day 84,Day 84,0.18028636425859473,0.14770110929514418,0.13598720040582943,0.3742677028976474,0.16175762314278416
3,2,Day 84,Day 56,0.132341507446753,0.07065122130236627,0.3828851921623246,0.28264488117731207,0.13147719791124413
3,3,Day 84,Day 84,0.13568299576847057,0.17537266651324263,0.20200844382057884,0.368198009403845,0.11873788449386284
3,3,Day 84,Day 84,0.13054273405720918,0.12591847629945058,0.12891648092074945,0.4861729807327254,0.12844932798986541
3,3,Day 84,Day 84,0.10286339113380787,0.09602273622977915,0.23470932539759543,0.4140102444273599,0.1523943028114577
3,3,Day 84,Day 84,0.19011782641138358,0.07046502633789506,0.17291018867166508,0.430309468940714,0.13619748963834244
3,3,Day 84,Day 84,0.12090261005389889,0.150825847168483,0.22781915088362528,0.3391435681789737,0.16130882371501915
3,3,Day 84,Day 84,0.12810577780482113,0.09252590033830145,0.21315040569695362,0.39144295247347044,0.17477496368645337
3,3,Day 84,Day 84,0.24637687440051548,0.09140284146526849,0.20153132830939496,0.28930718932748833,0.17138176649733275
3,4,Day 84,Mature,0.12102283055980853,0.19903055333979738,0.13969753139121885,0.2562982667519164,0.28395081795725885
3,2,Day 84,Day 56,0.12701247505604565,0.11520337250890224,0.36332939736599607,0.303492253632902,0.09096250143615404
3,3,Day 84,Day 84,0.16363758292675853,0.16681523653781066,0.15021008155413457,0.3181885471978175,0.20114855178347876
3,3,Day 84,Day 84,0.13652923049958843,0.0973927534681607,0.13808260286085075,0.4616279483112962,0.16636746486010393
3,0,Day 84,Day 0,0.23682027268476533,0.1970625163371507,0.19465706178102002,0.235887545450162,0.13557260374690194
3,3,Day 84,Day 84,0.20538317609318435,0.09602880691332684,0.1627736708027733,0.43584085483354995,0.09997349135716563
3,3,Day 84,Day 84,0.20308851090478452,0.09182103190844271,0.18650745432155189,0.407462394195167,0.1111206086700538
3,3,Day 84,Day 84,0.2222676866119713,0.1242601937955785,0.2219338208273849,0.3155873666668401,0.11595093209822531
3,3,Day 84,Day 84,0.15987458753128364,0.10636012697489133,0.1967309577882631,0.3696128489083642,0.16742147879719776
3,3,Day 84,Day 84,0.1136613065679534,0.238878667210659,0.18339681522394868,0.29768247722833785,0.166380733769101
3,3,Day 84,Day 84,0.3258147904490498,0.06622129034118543,0.1750386780772796,0.3393549504993379,0.09357029063314733
3,3,Day 84,Day 84,0.15725504644462485,0.11344186832332762,0.2469828840067344,0.35833965180703137,0.12398054941828168
3,3,Day 84,Day 84,0.15007300015109973,0.13546010027984653,0.16398138754036753,0.4202060500049175,0.13027946202376864
3,3,Day 84,Day 84,0.12902911871463896,0.13226342300327956,0.17669239148366486,0.4249647911992435,0.13705027559917315
3,2,Day 84,Day 56,0.22566335652007807,0.10175249719431448,0.2884449195462264,0.17943024319606818,0.20470898354331277
3,2,Day 84,Day 56,0.1016240386485229,0.23757069078280407,0.31786288556031794,0.20746848559494105,0.1354738994134139
3,3,Day 84,Day 84,0.14741059900576628,0.16280442398580441,0.18113211082553798,0.412322389153138,0.09633047702975318
3,3,Day 84,Day 84,0.19936995599089427,0.11581982825572042,0.2504335351642137,0.29201176692624564,0.14236491366292608
3,3,Day 84,Day 84,0.1991989717117066,0.13559270864461284,0.200286179270715,0.2680044558455331,0.1969176845274325
3,3,Day 84,Day 84,0.2335697896069905,0.10902948789009632,0.17250601782236366,0.38159279367110205,0.10330191100944734
3,3,Day 84,Day 84,0.19561382847838474,0.17492468702803002,0.2609336869600891,0.2822956075023081,0.08623219003118802
3,3,Day 84,Day 84,0.08444128482371252,0.15151442931648865,0.16497111949246696,0.42595723380607275,0.17311593256125918
3,3,Day 84,Day 84,0.27121959096279324,0.10245744090435263,0.2007732221284164,0.2836894509057033,0.1418602950987345
3,2,Day 84,Day 56,0.1321333460973855,0.17611980258227442,0.3948908635823175,0.16711062336374752,0.12974536437427495
3,3,Day 84,Day 84,0.14876142440089035,0.13041380698250238,0.16075902703603565,0.41566263967841155,0.14440310190216
3,3,Day 84,Day 84,0.12658353989294757,0.11876924097100691,0.18974436205373837,0.3782383794516348,0.18666447763067245
3,2,Day 84,Day 56,0.1345640044343743,0.1929572731539301,0.2575139602786615,0.2167702129484213,0.1981945491846127
3,3,Day 84,Day 84,0.1554337947180796,0.1536656408014459,0.30365785361344955,0.3083439324298134,0.07889877843721152
3,3,Day 84,Day 84,0.2703457732258739,0.13847157621399847,0.19205620805973683,0.2730036084334272,0.12612283406696354
3,3,Day 84,Day 84,0.10668071496845796,0.23839878353778815,0.20545771858573064,0.29488122555523266,0.1545815573527907
3,3,Day 84,Day 84,0.17390852769245438,0.140436709961989,0.24084697332571448,0.33730635907940887,0.10750142994043316
3,3,Day 84,Day 84,0.19775209251731615,0.11017303554657155,0.20404414634024748,0.31375537905766987,0.1742753465381949
3,3,Day 84,Day 84,0.0889706547666638,0.1487266877587658,0.17838078353554238,0.4044538937124854,0.17946798022654262
3,3,Day 84,Day 84,0.17720781005671019,0.13355712675756284,0.22238146549525858,0.3010685365682918,0.16578506112217647
3,3,Day 84,Day 84,0.14538910437123775,0.15053519424041248,0.23600661741529125,0.33885756508583426,0.12921151888722426
3,3,Day 84,Day 84,0.1410912776703757,0.09028257484584709,0.27998237771665513,0.34653499327305815,0.142108776494064
3,3,Day 84,Day 84,0.07899559871981723,0.08738459886206196,0.16523785660228868,0.49566995483419113,0.17271199098164092
3,3,Day 84,Day 84,0.1802271681360084,0.09637766672774792,0.14611681957514822,0.3998250673089074,0.17745327825218798
3,4,Day 84,Mature,0.14898416573714598,0.16309789495849544,0.16320803151381338,0.2530264021114325,0.27168350567911265
3,3,Day 84,Day 84,0.11058604839526386,0.10799857962510831,0.10724171301840887,0.537778774493709,0.1363948844675099
3,3,Day 84,Day 84,0.13563560473724803,0.1418304949096687,0.12048765017820481,0.4129200969194705,0.18912615325540796
3,3,Day 84,Day 84,0.19332818708909932,0.15215905416881884,0.1646564247260607,0.35456025809612113,0.1352960759198998
3,3,Day 84,Day 84,0.14882738637699505,0.14585218102190545,0.19028604174247693,0.37945644622051583,0.13557794463810668
3,2,Day 84,Day 56,0.13854347488066393,0.12062047711912574,0.3650227697402317,0.19637919078513555,0.17943408747484318
3,3,Day 84,Day 84,0.15612188823433304,0.08666699809186648,0.17616006601130021,0.4431059228609971,0.13794512480150306
3,2,Day 84,Day 56,0.14863806938372,0.12701614412686305,0.3615831204555402,0.27359023940471844,0.08917242662915831
3,3,Day 84,Day 84,0.10185387010468755,0.07284302576388607,0.25326970839798496,0.4098933894602627,0.16214000627317862
3,3,Day 84,Day 84,0.15137208832030763,0.1769544672890544,0.18586319721578823,0.3732870988972205,0.11252314827762938
3,3,Day 84,Day 84,0.22368162410851714,0.10094732320204074,0.1630218532843892,0.37243641381437564,0.13991278559067727
3,2,Day 84,Day 56,0.19788314187118447,0.08926920693905623,0.24985171210343582,0.22325283396530266,0.23974310512102073
3,2,Day 84,Day 56,0.22792197895903002,0.07444752461794851,0.26654983916762803,0.26384072241896905,0.16723993483642438
3,0,Day 84,Day 0,0.3701564804786103,0.13433132958508717,0.16382334445872684,0.22166025964510033,0.11002858583247532
3,3,Day 84,Day 84,0.1559539784731162,0.13527045573978522,0.1897646756643148,0.3282264343757543,0.19078445574702949
3,3,Day 84,Day 84,0.11490386387276098,0.1564788054987625,0.12057580769288569,0.3890946985336808,0.2189468244019101
3,3,Day 84,Day 84,0.17055448875039994,0.19320698386572924,0.15439692917550962,0.264722804580563,0.2171187936277983
3,3,Day 84,Day 84,0.25659097488155586,0.11263612939476064,0.1517242404081034,0.29423354204258706,0.1848151132729932
3,3,Day 84,Day 84,0.12809402029481592,0.11549316263317848,0.20815784982557106,0.3115020332027016,0.236752934043733
3,4,Day 84,Mature,0.16713904014425196,0.16147570422104937,0.22836945811292206,0.2048436908114233,0.23817210671035322
3,3,Day 84,Day 84,0.1519680234331899,0.1544647034236445,0.21388685749081154,0.3392135666604687,0.14046684899188538
3,3,Day 84,Day 84,0.1261761316906455,0.10361381106183416,0.16590569892340723,0.38283105335801526,0.2214733049660979
3,0,Day 84,Day 0,0.2431697177387218,0.17767833175484277,0.16224203106569482,0.18418509832987842,0.2327248211108622
3,3,Day 84,Day 84,0.17321328391224167,0.05489916696733556,0.29392704609636106,0.3623086202255247,0.11565188279853707
3,3,Day 84,Day 84,0.17747672900768816,0.09007889927593875,0.22916573886250616,0.37767451237252647,0.12560412048134054
3,0,Day 84,Day 0,0.27573395405971113,0.1273613432084767,0.19233753650245286,0.23301245937676912,0.17155470685259017
3,3,Day 84,Day 84,0.1666599978202829,0.16117707787859928,0.14166966840388515,0.3964353061068606,0.13405794979037214
3,3,Day 84,Day 84,0.2330783151839707,0.10552855320063932,0.24701952698604296,0.28099813938785206,0.133375465241495
3,3,Day 84,Day 84,0.1407124358261057,0.11679575343098127,0.23753917675392724,0.2840094248645079,0.22094320912447798
3,3,Day 84,Day 84,0.22225739292751734,0.09662085296344633,0.1778448643644794,0.37799881354715786,0.12527807619739906
3,3,Day 84,Day 84,0.14487071869914275,0.16118839448595543,0.15347693962702075,0.38074452516479507,0.15971942202308595
3,3,Day 84,Day 84,0.0856731027249836,0.23410033520361587,0.18373766287880203,0.4114409545333262,0.08504794465927218
3,3,Day 84,Day 84,0.14289232249238493,0.11212825849963097,0.2522275420698009,0.3202942107313778,0.1724576662068054
3,3,Day 84,Day 84,0.15777387040226556,0.10900063672379535,0.3183963855165809,0.32636022939465803,0.0884688779627002
3,3,Day 84,Day 84,0.17356037551427952,0.17495340813395402,0.16726587998502443,0.3834339463559294,0.10078639001081259
3,3,Day 84,Day 84,0.15899937543095927,0.18315398737951608,0.12530237781729772,0.33156441551574256,0.20097984385648449
3,3,Day 84,Day 84,0.11392849999460386,0.07093398333575444,0.14387395471426695,0.5460295207255642,0.12523404122981044
3,3,Day 84,Day 84,0.136884187582238,0.20698519495733633,0.14615089245128937,0.41369880198620174,0.0962809230229346
3,2,Day 84,Day 56,0.058783825673101836,0.08694791050832065,0.40428888054771683,0.33881453577822124,0.1111648474926394
3,3,Day 84,Day 84,0.16683742028152987,0.1356303055480128,0.23086755061151845,0.2649768471106072,0.20168787644833167
3,2,Day 84,Day 56,0.24885109487726073,0.1328936137466704,0.24951735584953588,0.24398909464034715,0.12474884088618578
3,3,Day 84,Day 84,0.13987069302448554,0.13252268019002345,0.1437665378883689,0.47310360040030797,0.11073648849681411
3,3,Day 84,Day 84,0.13734413468805814,0.0989413245991965,0.16373180265236575,0.4122851525809453,0.18769758547943435
3,3,Day 84,Day 84,0.1965849487792231,0.16576524901877246,0.14095767375634408,0.3664249031545482,0.13026722529111226
3,3,Day 84,Day 84,0.11107627359355077,0.1516243156521226,0.243221992823128,0.32782378312348165,0.16625363480771704
3,3,Day 84,Day 84,0.11237721438629157,0.11274547691036428,0.12299499528112694,0.42186734711580914,0.23001496630640794
3,3,Day 84,Day 84,0.11529912543217216,0.10429198597428964,0.23080757999472534,0.44157075836164256,0.10803055023717033
3,3,Day 84,Day 84,0.21308347526969973,0.1372733708323847,0.2267081621516216,0.2955405295522614,0.12739446219403244
3,4,Day 84,Mature,0.17474894807617503,0.17213999233118868,0.19588485860982316,0.21437871337000539,0.2428474876128079
3,3,Day 84,Day 84,0.12743829514405822,0.13768931281773608,0.21760261040661955,0.3050149663389751,0.2122548152926111
3,3,Day 84,Day 84,0.2027433318502057,0.19570323298523729,0.17389983895600533,0.23543956498802093,0.19221403122053066
3,2,Day 84,Day 56,0.20255611701505608,0.16302651898890677,0.2535718337855804,0.2359968769779022,0.14484865323255458
3,4,Day 84,Mature,0.18947815550592073,0.15444823166091673,0.2145702973562205,0.2094829647475195,0.23202035072942268
3,3,Day 84,Day 84,0.1385872249129914,0.10506564549582119,0.180230894358318,0.3370185568905385,0.2390976783423308
3,3,Day 84,Day 84,0.1455137876208122,0.12008030879647667,0.2436440041552502,0.3015409420351902,0.18922095739227066
3,0,Day 84,Day 0,0.2622486923457919,0.2399824459749525,0.1790953707839579,0.17435067638570428,0.14432281450959336
3,3,Day 84,Day 84,0.16184940450337854,0.1744863055153061,0.13833469206717489,0.38234906888334447,0.14298052903079608
3,3,Day 84,Day 84,0.10413924293546191,0.15861928058907981,0.19761615034446586,0.460484804171628,0.07914052195936454
3,3,Day 84,Day 84,0.14209493238435286,0.10453620215023675,0.2056510815098342,0.3821695492713129,0.16554823468426333
3,3,Day 84,Day 84,0.21141930112033908,0.13720956925359784,0.12413182340048909,0.3987567864533007,0.12848251977227348
3,3,Day 84,Day 84,0.11208769944087794,0.14653620123441072,0.18464151307126184,0.46112225604187246,0.0956123302115771
3,3,Day 84,Day 84,0.15147070742846078,0.0750411874587504,0.1989119401769357,0.3611915827675517,0.2133845821683016
3,3,Day 84,Day 84,0.1941398579483497,0.17894416864347346,0.16561208894630733,0.3130042749270448,0.1482996095348248
3,3,Day 84,Day 84,0.14587916186592245,0.10342028412303857,0.17852720279903103,0.2979758116522784,0.27419753955972964
3,2,Day 84,Day 56,0.15423112476600004,0.10426619281715942,0.28165270525383757,0.24648244539942468,0.21336753176357826
3,3,Day 84,Day 84,0.15114717860432356,0.10494829169069315,0.12131059172133288,0.38415853896615954,0.2384353990174908
3,3,Day 84,Day 84,0.18781555135439204,0.17093390252391077,0.16710925588755646,0.2687274732925208,0.2054138169416199
3,3,Day 84,Day 84,0.24434062809370863,0.10483034494958117,0.12593993960063224,0.3994448009223415,0.1254442864337364
3,3,Day 84,Day 84,0.17363447003317065,0.12359049760385277,0.1186245326367061,0.3921475527705913,0.1920029469556791
3,3,Day 84,Day 84,0.13304689542911288,0.11258608226719459,0.18090988596082622,0.44543382867534254,0.12802330766752382
3,3,Day 84,Day 84,0.16978350034013662,0.11218949387995891,0.15100735322739306,0.42882497880151915,0.13819467375099248
3,3,Day 84,Day 84,0.13207067071622525,0.12865822120855813,0.21564578679888718,0.34278340528431656,0.180841915992013
3,3,Day 84,Day 84,0.14904379725808134,0.08091205700197854,0.16826300177746367,0.4569749583624246,0.14480618560005182
3,0,Day 84,Day 0,0.22904349654351983,0.12947512924772256,0.22386934861937766,0.19438219078367483,0.22322983480570505
3,3,Day 84,Day 84,0.20473629472565782,0.13623618422384853,0.21091584382872655,0.31215791674274573,0.13595376047902125
3,3,Day 84,Day 84,0.11990883161266973,0.13288330814080274,0.09393699857543066,0.46855414270129203,0.18471671896980482
3,3,Day 84,Day 84,0.12702334380758076,0.09381283420915631,0.18164150447286534,0.3622216156066385,0.23530070190375926
3,3,Day 84,Day 84,0.23360278662891992,0.11598550424863434,0.23897638569591945,0.24140972528533403,0.17002559814119234
3,3,Day 84,Day 84,0.1696109447449207,0.0993483647389519,0.30699146535353716,0.32483905576279415,0.0992101693997962
3,3,Day 84,Day 84,0.15110752514470155,0.09597798559798638,0.2291601688720406,0.41998490762580193,0.10376941275946946
3,3,Day 84,Day 84,0.11832341515494553,0.16580707097676964,0.17102756169281338,0.39094738795296435,0.15389456422250716
3,3,Day 84,Day 84,0.13502254990861098,0.1347834549761836,0.13345800598956353,0.3977104928856447,0.19902549623999705
3,3,Day 84,Day 84,0.2513404246985645,0.09317751942986734,0.1866203664014829,0.4033855183284526,0.06547617114163265
3,3,Day 84,Day 84,0.15382005761301334,0.08660317665042898,0.23710747509119795,0.4105386797657068,0.11193061087965299
3,3,Day 84,Day 84,0.1863515700670165,0.09677755697130945,0.2922505979461756,0.3073418419496848,0.11727843306581377
3,3,Day 84,Day 84,0.15076623367197567,0.19850128335627468,0.207516720485221,0.31294412663396975,0.13027163585255885
3,3,Day 84,Day 84,0.16297756789032192,0.09476715076231247,0.14618001392542707,0.29834712528608803,0.2977281421358505
3,3,Day 84,Day 84,0.16185409019087096,0.12965522451692388,0.2002408410500292,0.29940991012343343,0.20883993411874247
3,3,Day 84,Day 84,0.12645267047401795,0.0783366976861974,0.27002999970816766,0.3932935707971808,0.13188706133443612
3,3,Day 84,Day 84,0.06323603227836883,0.10414260003419024,0.29214712181465813,0.43306485885092305,0.10740938702185986
3,3,Day 84,Day 84,0.1858728558537014,0.11772056127736144,0.19913908798895097,0.3454926557006891,0.15177483917929702
3,3,Day 84,Day 84,0.2100304055345549,0.13640065375242935,0.2060848461949917,0.26505355395226987,0.18243054056575408
3,3,Day 84,Day 84,0.14534028126135504,0.12394473978335566,0.23513880502530052,0.3642839609749868,0.1312922129550019
3,3,Day 84,Day 84,0.15132879639961014,0.2640794650890118,0.09222153419014067,0.3286696228997822,0.16370058142145513
3,3,Day 84,Day 84,0.13359746996689273,0.13018903325614234,0.1720732083319465,0.4598717420007096,0.10426854644430879
3,3,Day 84,Day 84,0.2266552087119546,0.13836870447095181,0.21270343450631599,0.2409747577012085,0.1812978946095692
3,3,Day 84,Day 84,0.2429651465950343,0.10453327251846152,0.13436483128001944,0.4337745478257553,0.08436220178072962
3,3,Day 84,Day 84,0.2504205500117397,0.11277225791426676,0.08906809295121008,0.369804958486156,0.17793414063662746
3,3,Day 84,Day 84,0.0925916493350907,0.12524534913153765,0.21934644124176603,0.42193872819829514,0.14087783209331034
3,3,Day 84,Day 84,0.26211409781308237,0.14091797388971866,0.15567486542884335,0.3355713278423636,0.10572173502599196
3,3,Day 84,Day 84,0.1682891897293976,0.11713927863236323,0.15756689712831407,0.4385604570034092,0.11844417750651591
3,3,Day 84,Day 84,0.18316958215243873,0.0910773592201935,0.2111272567940065,0.3285111932100539,0.18611460862330736
3,3,Day 84,Day 84,0.12471253412396946,0.12891041932014147,0.2525954301191928,0.3255302039849561,0.16825141245174027
3,3,Day 84,Day 84,0.1368649089177213,0.08327310881031838,0.22405420831339212,0.3379851811695552,0.2178225927890131
3,3,Day 84,Day 84,0.2565126317121054,0.07668889871505534,0.13062106389701372,0.35120970959671227,0.1849676960791131
3,3,Day 84,Day 84,0.2251112578080444,0.12422707639248769,0.14985670098194173,0.3589711735963579,0.1418337912211683
3,2,Day 84,Day 56,0.1203869766743235,0.1796501618471685,0.28642708675855166,0.23148713589581607,0.1820486388241403
3,2,Day 84,Day 56,0.16375500851220043,0.10334351431316016,0.34393287176418,0.23845867293179343,0.15050993247866584
3,2,Day 84,Day 56,0.1641459379160848,0.10966938149928583,0.34037060259640206,0.25678731481525746,0.12902676317296985
3,3,Day 84,Day 84,0.11888762845167117,0.1785012460959374,0.23889133107640942,0.31981652521244325,0.1439032691635388
3,3,Day 84,Day 84,0.14670660280191142,0.09729527388136633,0.24324441584604897,0.36900466049201003,0.14374904697866328
3,3,Day 84,Day 84,0.12389271294595058,0.1722599147309497,0.24604877974655823,0.2851917066434095,0.17260688593313187
3,3,Day 84,Day 84,0.18998838705078674,0.10381012184825633,0.19904539009861208,0.26939367678941556,0.23776242421292937
3,3,Day 84,Day 84,0.10819443896520772,0.10209034618105074,0.3046139120711704,0.30473877230594903,0.18036253047662212
3,3,Day 84,Day 84,0.1454408649921448,0.15745837766675003,0.16527611933638156,0.3510863980784003,0.18073823992632335
3,3,Day 84,Day 84,0.145300121729454,0.1271352237550041,0.2155494374744359,0.32965900601950865,0.18235621102159735
3,3,Day 84,Day 84,0.0576177235476676,0.10779567031557048,0.1910001525468864,0.38867298554652585,0.2549134680433496
3,3,Day 84,Day 84,0.18000628781522365,0.21493583745816625,0.1447963952285155,0.27139627085563756,0.18886520864245704
3,4,Day 84,Mature,0.13500293049486453,0.10045783919571726,0.15916366573636873,0.2677306503176063,0.3376449142554432
3,3,Day 84,Day 84,0.19830610417193345,0.13482612007739989,0.11045361209502005,0.39789973066670953,0.15851443298893703
3,3,Day 84,Day 84,0.09629613575238467,0.1324041214460671,0.2002732009673652,0.3639671537066734,0.2070593881275097
3,2,Day 84,Day 56,0.12103359558739551,0.12157157569309368,0.34262919559161675,0.31868981653431294,0.09607581659358111
3,2,Day 84,Day 56,0.18617845253122844,0.12946752923202137,0.23493080518991916,0.2152826998840909,0.2341405131627401
3,3,Day 84,Day 84,0.1047276750330986,0.2646570276532942,0.16844939076279342,0.332051471157643,0.1301144353931707
3,3,Day 84,Day 84,0.11889915968857431,0.105889333409916,0.20085591569882316,0.39577916255141055,0.1785764286512761
3,3,Day 84,Day 84,0.24372289271803832,0.06850206264931075,0.25931011669205767,0.3078283158826085,0.12063661205798477
3,3,Day 84,Day 84,0.13356945088541755,0.08556583920384456,0.20535074371093853,0.41256235454071977,0.1629516116590796
3,3,Day 84,Day 84,0.11755203085110952,0.11173477638175125,0.20441865132714335,0.41266752991281064,0.15362701152718525
3,3,Day 84,Day 84,0.09163846757551451,0.14695513534642907,0.19325035968905604,0.44168576067151666,0.12647027671748376
3,3,Day 84,Day 84,0.19749113205588936,0.0600150236333055,0.21618418495656552,0.3663497358255906,0.159959923528649
3,3,Day 84,Day 84,0.10530407665889123,0.10139987607116359,0.28354938901626503,0.33561410460403773,0.1741325536496424
3,3,Day 84,Day 84,0.12820264831986522,0.14075975442387442,0.17743515198387197,0.41622830207848316,0.13737414319390526
3,3,Day 84,Day 84,0.12141493792098138,0.18060511432641865,0.17703222700613158,0.3514792962961647,0.1694684244503038
3,3,Day 84,Day 84,0.1700038171754925,0.06796920645529428,0.18813193203372516,0.4156175286755115,0.15827751565997644
3,3,Day 84,Day 84,0.10702077741773115,0.09912069809694433,0.26372608664932135,0.4138562848043223,0.11627615303168078
3,3,Day 84,Day 84,0.2571213067024709,0.13027950966264162,0.16608301593177013,0.3226706497699153,0.12384551793320193
3,3,Day 84,Day 84,0.10162310386521654,0.1129738529900957,0.21531823784371557,0.3561572823286298,0.21392752297234235
3,3,Day 84,Day 84,0.12630790583100018,0.177424135045988,0.18209326904127351,0.4076424534344869,0.10653223664725142
3,3,Day 84,Day 84,0.20788112960942004,0.1166078936610275,0.17767649577466718,0.2817458325639694,0.216088648390916
3,2,Day 84,Day 56,0.13474520035729534,0.09934651166238795,0.2852156224828376,0.27925251040320376,0.20144015509427526
3,3,Day 84,Day 84,0.1433877278047538,0.09642244396413416,0.17269508874601974,0.45184451102041684,0.13565022846467545
3,0,Day 84,Day 0,0.31239277032893326,0.13429349872230104,0.19685664961547683,0.18951237564474088,0.16694470568854788
3,3,Day 84,Day 84,0.13797529917062765,0.09710329015405268,0.22554885138452213,0.3816730579058765,0.15769950138492098
3,3,Day 84,Day 84,0.2093561308667637,0.1225585090090267,0.22713891231757455,0.23713943969159176,0.20380700811504335
3,3,Day 84,Day 84,0.1735797605454576,0.16249204160810798,0.16162619757685126,0.3444913167693719,0.15781068350021135
3,3,Day 84,Day 84,0.12464422339457011,0.2613433643653145,0.1345090571035861,0.3687539193745953,0.11074943576193405
3,3,Day 84,Day 84,0.15234328280123555,0.07464618399709887,0.19490975825335372,0.39206000737373636,0.1860407675745755
3,3,Day 84,Day 84,0.2740083165474159,0.06346711464312975,0.20869078839377392,0.2763652970276645,0.1774684833880159
3,3,Day 84,Day 84,0.13047646097344548,0.10325771656491506,0.2065854952102815,0.38758908804570075,0.17209123920565736
3,3,Day 84,Day 84,0.20873788407090155,0.09322260598694625,0.1852085559016815,0.3974939961119527,0.1153369579285179
3,2,Day 84,Day 56,0.16445094348830172,0.1025667276505607,0.36904039419728946,0.23680228350956098,0.12713965115428705
3,3,Day 84,Day 84,0.15783597890717352,0.10321341326193184,0.19402325195106718,0.33666015667370375,0.20826719920612363
3,3,Day 84,Day 84,0.13773552354867874,0.10757240245092535,0.19348753611599254,0.3874125576796971,0.17379198020470638
3,3,Day 84,Day 84,0.10586084202247222,0.11548232707543796,0.21139724069509397,0.477234136087282,0.09002545411971387
3,3,Day 84,Day 84,0.1499850402464313,0.11766855608773455,0.251144622429436,0.31012012793840116,0.17108165329799704
3,2,Day 84,Day 56,0.1600965021839713,0.18911575321965607,0.31109493629839874,0.2602479006026855,0.07944490769528853
3,3,Day 84,Day 84,0.14600616172700934,0.13048661154527927,0.17449799458926843,0.3929280482830127,0.1560811838554301
3,3,Day 84,Day 84,0.14337307999475205,0.10610186302723684,0.18935240124510722,0.3830840199499663,0.17808863578293743
3,3,Day 84,Day 84,0.17618567489077275,0.09671341296296185,0.19485582418554034,0.35381569627892334,0.17842939168180164
3,3,Day 84,Day 84,0.14345324358888495,0.11105221331322294,0.2005668950615084,0.442346362490242,0.1025812855461417
3,3,Day 84,Day 84,0.19120062549372918,0.15058954399992533,0.18229209142940356,0.3148972698786468,0.1610204691982952
3,3,Day 84,Day 84,0.21193905032201804,0.137100988333093,0.20410957466648105,0.2941639935999774,0.15268639307843057
3,3,Day 84,Day 84,0.13153559236416137,0.1470868865055002,0.17016590960690348,0.31795910535258703,0.23325250617084795
3,3,Day 84,Day 84,0.11281011282590053,0.12096095867449896,0.15276798449232612,0.4830714855086477,0.1303894584986267
3,3,Day 84,Day 84,0.11500146511068642,0.1132509474226492,0.19363244248691538,0.48582308983936523,0.09229205514038373
3,3,Day 84,Day 84,0.15059821274384358,0.13407916681188276,0.10936294876932312,0.360461173043152,0.24549849863179854
3,3,Day 84,Day 84,0.1408327540996021,0.07260160737150657,0.14144787317157656,0.5292290076341737,0.11588875772314107
3,3,Day 84,Day 84,0.2132672352936679,0.1705568125828089,0.14749618298090336,0.26746626723490385,0.20121350190771597
3,3,Day 84,Day 84,0.1709902652120285,0.18341956499157344,0.0949070065952415,0.3315041801062536,0.21917898309490297
3,3,Day 84,Day 84,0.14380886061407988,0.152345509756222,0.18259060612845132,0.3331457861439491,0.18810923735729768
3,3,Day 84,Day 84,0.1588063396958289,0.20048562994828373,0.21580823613211575,0.25091176430342294,0.1739880299203487
3,3,Day 84,Day 84,0.20477925475742917,0.07321684766685016,0.22776038479396885,0.3618630103547608,0.13238050242699098
3,3,Day 84,Day 84,0.2389015631876104,0.10082152953035277,0.16332778521206848,0.39861300661499005,0.09833611545497835
3,3,Day 84,Day 84,0.2541986762515042,0.1354117974052775,0.1444622467507929,0.3186313137941854,0.14729596579823986
3,3,Day 84,Day 84,0.1368928647879236,0.1723039493330546,0.16737361416733854,0.26640632650927404,0.25702324520240927
3,3,Day 84,Day 84,0.15113072886751838,0.11034309880570761,0.2447760547207342,0.3122168154791167,0.18153330212692315
3,3,Day 84,Day 84,0.17442051276436701,0.1129758725468646,0.22810084174998135,0.35278049804740064,0.1317222748913863
3,3,Day 84,Day 84,0.1551011167152251,0.11935838203651193,0.17345192047092428,0.3633516608063249,0.18873691997101377
3,3,Day 84,Day 84,0.1758193657745875,0.07055789778551161,0.24581290959637592,0.3958016809412687,0.11200814590225629
3,3,Day 84,Day 84,0.1229050475985696,0.13515046425468738,0.22863156526548456,0.41134287283772636,0.10197005004353207
3,3,Day 84,Day 84,0.19025344634389643,0.09932408156316237,0.25873867306167664,0.3320991063129715,0.11958469271829308
3,3,Day 84,Day 84,0.0662623161806872,0.206324918058111,0.26473557043318,0.34876074975531657,0.11391644557270515
3,2,Day 84,Day 56,0.19986223419306887,0.09813672551930616,0.2744004408239565,0.2243470662400819,0.20325353322358655
3,2,Day 84,Day 56,0.2032015781387905,0.15046563346910774,0.2603600459546358,0.24155836628856717,0.14441437614889882
3,4,Day 84,Mature,0.22946489564285769,0.12963974262274908,0.1421334646653654,0.24781069282495968,0.25095120424406825
3,3,Day 84,Day 84,0.11371601265920267,0.17465477575800736,0.1531358145797768,0.45737076398873433,0.10112263301427882
3,3,Day 84,Day 84,0.24619301871170493,0.09909908748397873,0.25118191328387585,0.27575947190386296,0.1277665086165775
3,3,Day 84,Day 84,0.20863355731002303,0.11245985371944121,0.17527031657860526,0.292749714255241,0.2108865581366895
3,3,Day 84,Day 84,0.16267516605995688,0.09055089680945208,0.14766551506125064,0.46360854274544444,0.13549987932389596
3,3,Day 84,Day 84,0.12413466744373615,0.16542685286899297,0.21955940802342364,0.3922572348674806,0.09862183679636662
3,2,Day 84,Day 56,0.12805142602430059,0.11774255864082163,0.3536356045117237,0.24475080843088526,0.1558196023922688
3,3,Day 84,Day 84,0.17507039514376732,0.12031337184901934,0.23572990845932038,0.2782114315270627,0.19067489302083024
3,3,Day 84,Day 84,0.1256596530365108,0.16516066420420128,0.2195425207988179,0.3885015102863456,0.10113565167412433
3,3,Day 84,Day 84,0.11171165324022687,0.06470940226336155,0.2245186499616781,0.4169435167081836,0.18211677782654978
4,4,Mature,Mature,0.12138349232522552,0.12610920166723139,0.16372410900103124,0.22184308908641748,0.3669401079200944
4,4,Mature,Mature,0.12874060746540686,0.17087733405483307,0.11927727900981959,0.19209077922882858,0.389014000241112
4,4,Mature,Mature,0.1660502282776815,0.14103888779687393,0.15130672080865024,0.15980275529559934,0.381801407821195
4,4,Mature,Mature,0.09916557042929833,0.09530768547157269,0.19484266576709366,0.17684212814495606,0.4338419501870793
4,4,Mature,Mature,0.1986216845932372,0.14354576372110023,0.1852585808461609,0.1180289655286187,0.3545450053108829
4,4,Mature,Mature,0.12261901517281772,0.155633975310617,0.1118267545826312,0.19077349276381342,0.41914676217012065
4,4,Mature,Mature,0.18814737748011368,0.1773967012461262,0.16261832411340174,0.14340039555974055,0.32843720160061785
4,4,Mature,Mature,0.0797531931107013,0.07946497900724157,0.11396196823930664,0.23859680301202443,0.4882230566307259
4,4,Mature,Mature,0.13689863347178485,0.09866672672276189,0.18090118823633738,0.21377527776046323,0.36975817380865267
4,4,Mature,Mature,0.12558289201817793,0.11876470095157426,0.10986679438727447,0.17369351636409452,0.47209209627887877
4,4,Mature,Mature,0.1342332361513094,0.15368972334432024,0.16027301921396148,0.17943291085709812,0.3723711104333108
4,4,Mature,Mature,0.14738202524035665,0.13039537034265458,0.15384413905991465,0.1312927636360627,0.4370857017210114
4,4,Mature,Mature,0.15426862310158934,0.10153017426764227,0.1909604577037419,0.13907307200986835,0.41416767291715806
4,4,Mature,Mature,0.17754647879844088,0.1617939126080083,0.1395348521239279,0.14489915005264162,0.37622560641698144
4,4,Mature,Mature,0.16896295256617802,0.12081683952187383,0.12281437776063352,0.09935118888965622,0.48805464126165826
4,4,Mature,Mature,0.12578140909082405,0.16027483323752192,0.1419037065562009,0.21171975157995004,0.36032029953550304
4,4,Mature,Mature,0.20032635009795688,0.13143631580602366,0.18792074508895631,0.12401432078535093,0.3563022682217123
4,4,Mature,Mature,0.09665492489460449,0.1381284107380306,0.17207093514906743,0.15624478125061173,0.43690094796768564
4,4,Mature,Mature,0.19041224861281209,0.14734661871748062,0.1427340280174677,0.18555968690589586,0.33394741774634373
4,4,Mature,Mature,0.13188964104214446,0.12723704062807473,0.11395863345424827,0.12366131164681862,0.5032533732287139
4,4,Mature,Mature,0.17775826594920388,0.17912035164728943,0.13760191957313567,0.18062801358940833,0.3248914492409627
4,4,Mature,Mature,0.15269721158837615,0.17903612602487473,0.20251816228763064,0.20076195665568927,0.2649865434434292
4,4,Mature,Mature,0.12450288419177434,0.1247889696023552,0.14779672878063013,0.18086187349660834,0.4220495439286319
4,4,Mature,Mature,0.12020685359923527,0.1579749165616517,0.14665001581971657,0.17825023617986965,0.3969179778395268
4,4,Mature,Mature,0.10246535494595384,0.14249117853706514,0.1365600162160275,0.14447001448501537,0.474013435815938
4,4,Mature,Mature,0.16190370700776172,0.10242549115577766,0.12927366190746056,0.1665455142968359,0.4398516256321641
4,4,Mature,Mature,0.1620000758089219,0.14543308164957644,0.21997875687790044,0.11181458309499344,0.3607735025686078
4,4,Mature,Mature,0.1241056631555874,0.16919190739207757,0.10746222257669993,0.19584020709214803,0.403399999783487
4,4,Mature,Mature,0.13309248609064844,0.10876688399973346,0.14430570955835761,0.24402455037073306,0.36981036998052746
4,4,Mature,Mature,0.1569420067688578,0.19178548396749742,0.1471089754717813,0.13776689463590994,0.3663966391559535
4,4,Mature,Mature,0.1266715249666074,0.12307183567978347,0.1031526663112557,0.21344717147923045,0.433656801563123
4,4,Mature,Mature,0.16362644276505653,0.11903674197920157,0.17679155796521517,0.15102228099983123,0.3895229762906955
4,4,Mature,Mature,0.18099648860250633,0.17079299808915294,0.14998131613342047,0.1098490433260766,0.3883801538488438
4,4,Mature,Mature,0.14903926511989868,0.11339501626927115,0.08549221871286847,0.11345438836269998,0.5386191115352617
4,4,Mature,Mature,0.20133193424195162,0.15395244546073947,0.1281127078678972,0.15617881184204524,0.3604241005873664
4,4,Mature,Mature,0.1673391454880033,0.15846223805865223,0.14048734795914022,0.1270936089682989,0.40661765952590534
4,4,Mature,Mature,0.1925684355841731,0.1730679306369724,0.18929387028890776,0.21357514782804896,0.2314946156618978
4,4,Mature,Mature,0.16387897622599246,0.16050642769550238,0.17189127543223756,0.21545724129849408,0.2882660793477735
4,4,Mature,Mature,0.1260527283703058,0.13119891257510918,0.14416605323322884,0.16679248605644384,0.43178981976491243
4,4,Mature,Mature,0.1286494694680923,0.1722309989262794,0.18782965601466356,0.13263027025512175,0.378659605335843
4,0,Mature,Day 0,0.255279305498252,0.1633018348923141,0.1628037507302889,0.20300838657601436,0.21560672230313058
4,4,Mature,Mature,0.1813912070162453,0.10597082051806213,0.1253309997774563,0.20158913700565126,0.38571783568258494
4,4,Mature,Mature,0.16712828021342555,0.11583754553946089,0.11735528821190391,0.14822004364971353,0.4514588423854962
4,4,Mature,Mature,0.21083669537593616,0.09006336972279803,0.14513385713326515,0.12447764193330038,0.4294884358347002
4,4,Mature,Mature,0.18340703707754488,0.1602237943928163,0.16594851828310794,0.21801506307541005,0.2724055871711208
4,4,Mature,Mature,0.12393289650472565,0.2178844622268067,0.13183294437865126,0.19375934958390612,0.3325903473059102
4,4,Mature,Mature,0.10211703313446154,0.09396800295787511,0.13935890149098482,0.2401516703574346,0.4244043920592441
4,4,Mature,Mature,0.1614164139910078,0.10035652337201649,0.19333034796861576,0.11948528029720383,0.4254114343711561
4,4,Mature,Mature,0.13982453008747595,0.12964219737982474,0.19434705390403284,0.13688386103999794,0.39930235758866855
4,2,Mature,Day 56,0.13427029874576332,0.11736583041321788,0.29620566658911696,0.18633093014475202,0.2658272741071499
4,4,Mature,Mature,0.1331745803260819,0.10607010336169902,0.13669691457434494,0.20482901600051118,0.4192293857373631
4,4,Mature,Mature,0.15636724250637646,0.12259799480896436,0.11430728372780852,0.15163327171542318,0.4550942072414274
4,4,Mature,Mature,0.2292935880673362,0.14234671914885494,0.15430355520680564,0.10220531177037069,0.37185082580663265
4,4,Mature,Mature,0.17688089985219904,0.1098932103718594,0.12513830870184872,0.20961816847217193,0.3784694126019209
4,4,Mature,Mature,0.21736656299925342,0.14516889132047303,0.1588436263738615,0.14942279677472253,0.32919812253168956
4,4,Mature,Mature,0.21273503633974689,0.1392152419983889,0.10093646542434766,0.1895803104834914,0.35753294575402517
4,4,Mature,Mature,0.21185476570824543,0.17898553620672994,0.07998561985509942,0.139647098232105,0.3895269799978202
4,4,Mature,Mature,0.15306798818929845,0.11245320160608296,0.13022652431242868,0.10594864165534941,0.4983036442368403
4,4,Mature,Mature,0.1925275609820073,0.13414420262175095,0.19530776387987034,0.17021905574281193,0.30780141677355954
4,4,Mature,Mature,0.18384830264164834,0.12258975148152979,0.1139785865279544,0.17841021072348393,0.40117314862538356
4,4,Mature,Mature,0.11187646612821633,0.10188311862918809,0.13146281511633132,0.1812688444140331,0.4735087557122312
4,4,Mature,Mature,0.09676474328598036,0.20063967731262963,0.11808129405938271,0.1468718606731705,0.4376424246688366
4,4,Mature,Mature,0.2519312329538275,0.13785698222398146,0.11350152402284468,0.19816246793792422,0.298547792861422
4,4,Mature,Mature,0.13231938242296054,0.16137572201950207,0.11646358259628659,0.14251112000139934,0.44733019295985144
4,4,Mature,Mature,0.11203070248566127,0.22163608891752654,0.22583627657639077,0.18095146901551373,0.2595454630049078
4,4,Mature,Mature,0.12021812545003263,0.1135383388553017,0.12878217173631498,0.14144983535841407,0.4960115285999365
4,4,Mature,Mature,0.1709912242978876,0.130995355851293,0.15782731250230733,0.2008009851552933,0.3393851221932188
4,4,Mature,Mature,0.12035725706756761,0.10610908965563047,0.15867314793592055,0.1685969985030186,0.4462635068378628
4,4,Mature,Mature,0.1431422306677919,0.2505737095325919,0.10783250528051024,0.10077809554572302,0.397673458973383
4,4,Mature,Mature,0.1194601398717934,0.1348624750351154,0.15184390324763553,0.21237324477288647,0.3814602370725693
4,3,Mature,Day 84,0.12326014062945698,0.14885270984466306,0.1704682103817591,0.28869616621741195,0.268722772926709
4,4,Mature,Mature,0.1399695941190127,0.11123959271421051,0.1269381455733883,0.14256618442894625,0.4792864831644423
4,4,Mature,Mature,0.14502533597708758,0.0970629409895259,0.1260327391416433,0.20070883892537666,0.43117014496636663
4,4,Mature,Mature,0.14502943190756995,0.13378318031429762,0.18852441249753135,0.15837301928167058,0.37428995599893045
4,4,Mature,Mature,0.13478196560015004,0.16964232296793505,0.09672966599643038,0.185825714527531,0.4130203309079534
4,4,Mature,Mature,0.11127081138711571,0.11842669074574523,0.18698277502860278,0.1892798513893329,0.3940398714492033
4,4,Mature,Mature,0.14501998732667182,0.13291581913238132,0.18332674145395417,0.16340095075053945,0.37533650133645324
4,4,Mature,Mature,0.2353789159937141,0.16960038504329422,0.14398921113408164,0.13719324090524768,0.31383824692366247
4,4,Mature,Mature,0.13495642245301245,0.19170452447320852,0.13049603149166022,0.13086839493359748,0.41197462664852125
4,4,Mature,Mature,0.15616596707902283,0.12632959342444466,0.15030500839983052,0.14640786102654116,0.42079157007016077
4,4,Mature,Mature,0.16503565836890174,0.14033562509354852,0.1237521206753365,0.20947036022623913,0.36140623563597407
4,0,Mature,Day 0,0.2731416443704098,0.11079072384829661,0.15032239582673856,0.19744761048516818,0.26829762546938696
4,4,Mature,Mature,0.18730310164049116,0.11216277984002625,0.16081103787243106,0.14995064301048278,0.3897724376365687
4,4,Mature,Mature,0.14494430131046024,0.14469417246433397,0.13212711452257644,0.15108682717169009,0.4271475845309391
4,4,Mature,Mature,0.17289896476302158,0.11675159895393855,0.11614463914955668,0.1908867227564429,0.4033180743770403
4,4,Mature,Mature,0.189653515715001,0.12246813527981625,0.10605027585763803,0.15995337772928814,0.4218746954182565
4,4,Mature,Mature,0.15382906569995017,0.13025433414919094,0.18931215261179812,0.17032967901462812,0.35627476852443263
4,4,Mature,Mature,0.1439866430745546,0.13981278275851072,0.14074009548687128,0.18548895310051905,0.38997152557954434
4,4,Mature,Mature,0.21116693724453958,0.1395439033544738,0.11536794789207813,0.18814831588271405,0.34577289562619434
4,4,Mature,Mature,0.1636146783852508,0.2246843393347472,0.11941151266973318,0.17912901697301675,0.313160452637252
4,4,Mature,Mature,0.20287333301913818,0.1435192872781618,0.16133317618716903,0.16117523777554144,0.3310989657399896
4,4,Mature,Mature,0.1568401431939973,0.12041278170377123,0.10393117965079797,0.21942450274427022,0.39939139270716334
4,4,Mature,Mature,0.09712265760796304,0.17083045823823967,0.12623483538141494,0.24126785438476592,0.3645441943876164
4,4,Mature,Mature,0.1702890602422484,0.19695758122713458,0.11438909640550558,0.15003339418337314,0.3683308679417382
4,4,Mature,Mature,0.1997158136081975,0.11602789027402753,0.12465161556074471,0.1857548201627144,0.37384986039431584
4,4,Mature,Mature,0.1567173039556371,0.10195270310155892,0.2566359398831828,0.12523509360600882,0.35945895945361234
4,4,Mature,Mature,0.1287304717704523,0.1938548652113199,0.09746340372171965,0.2532035412150497,0.3267477180814585
4,4,Mature,Mature,0.15220660524083263,0.1061487243111639,0.16072091344816328,0.13441563650458802,0.44650812049525224
4,4,Mature,Mature,0.11150257765206588,0.13076025363575464,0.12504568681437536,0.12659665153153324,0.5060948303662708
4,4,Mature,Mature,0.14432463797418238,0.16222463756911815,0.08636119178471316,0.19657421678351533,0.410515315888471
4,4,Mature,Mature,0.10016107348317502,0.16542886046495303,0.10660495394321517,0.0913889274357624,0.5364161846728943
4,4,Mature,Mature,0.1858499726854876,0.11593993395588255,0.12964175888478757,0.19928751778291015,0.36928081669093205
4,4,Mature,Mature,0.1619985171398028,0.14400164124344172,0.16116645713920194,0.14837800674095655,0.384455377736597
4,4,Mature,Mature,0.10901133799749833,0.1747030053010477,0.11885027428010796,0.21135491864415887,0.3860804637771871
4,4,Mature,Mature,0.17367805014985338,0.14243726820309457,0.13376233116895409,0.12387750946701521,0.42624484101108284
4,4,Mature,Mature,0.14509779926042032,0.15800698487052559,0.20099786196563835,0.16321688632676132,0.3326804675766544
4,4,Mature,Mature,0.10205983287086651,0.15290216477969984,0.19924164357302915,0.2308089508858444,0.31498740789056023
4,4,Mature,Mature,0.14024954479988322,0.1722611785663811,0.13321136428450833,0.1675030131965056,0.38677489915272184
4,4,Mature,Mature,0.116405194360534,0.1309822591342243,0.16194237398781375,0.18942732593120912,0.40124284658621884
4,4,Mature,Mature,0.1197335410314015,0.14836998101572466,0.10836522861589075,0.12701273102317295,0.4965185183138102
4,4,Mature,Mature,0.1308608571478393,0.16869220167807564,0.15847690675344347,0.23177591724851093,0.3101941171721307
4,4,Mature,Mature,0.11663645269822769,0.19958385869591194,0.12615715515190778,0.19987961563102505,0.35774291782292755
4,4,Mature,Mature,0.1797213078431552,0.18193383602151944,0.16322875702443657,0.09748365082975136,0.37763244828113735
4,4,Mature,Mature,0.18907361477455523,0.15484911884093025,0.16088238429802496,0.10706940169932344,0.3881254803871661
4,4,Mature,Mature,0.1585791225881862,0.15263196458503214,0.19441883382823963,0.16276765160499262,0.33160242739354945
4,4,Mature,Mature,0.15061341366443265,0.11511751480909516,0.09102355305069271,0.19636563392707995,0.4468798845486995
4,4,Mature,Mature,0.1309167169696317,0.10011623183693974,0.17778620283242344,0.1650487065041145,0.4261321418568908
4,4,Mature,Mature,0.2136965796988193,0.08188344982304586,0.12077361092729347,0.1544531535452865,0.42919320600555494
4,4,Mature,Mature,0.08396664297078026,0.18383531741733816,0.1286427476294432,0.13977899056705628,0.4637763014153821
4,4,Mature,Mature,0.13303877548501764,0.18019651092749223,0.11723979352303267,0.1882855740725254,0.38123934599193193
4,4,Mature,Mature,0.11098393612748497,0.23077667196090731,0.14842174259116292,0.18139071818978922,0.3284269311306555
4,4,Mature,Mature,0.09989448435463417,0.19954745924411485,0.07927832870108187,0.13308536077159036,0.4881943669285787
4,4,Mature,Mature,0.16948386656863854,0.150094720840837,0.14541532748015684,0.1731002402115516,0.3619058448988161
4,4,Mature,Mature,0.10167695863115271,0.16324658337084288,0.1715228633762862,0.2527320703296854,0.3108215242920327
4,4,Mature,Mature,0.16286289099401588,0.1252496119046548,0.18611605588660152,0.2116256263553588,0.31414581485936904
4,4,Mature,Mature,0.1295686603540658,0.1682275073212088,0.16568541711455576,0.13755048658466693,0.39896792862550257
4,4,Mature,Mature,0.14385820558273235,0.20971214990496517,0.20395160690907863,0.13518647775112658,0.30729155985209733
4,4,Mature,Mature,0.2127691611315467,0.11766413870612187,0.18184750777181413,0.1585913228782305,0.32912786951228684
4,4,Mature,Mature,0.10045543360929697,0.15018757880734893,0.12753991529081524,0.14988634107745227,0.47193073121508666
4,4,Mature,Mature,0.11592952043581546,0.17607716368414028,0.20756424159982778,0.16864594794705645,0.3317831263331601
4,4,Mature,Mature,0.1682009894798926,0.16198074269681814,0.1459611487041803,0.21166416447929526,0.3121929546398137
4,4,Mature,Mature,0.138685404375505,0.21168196229662353,0.15583335685290564,0.18211005914061126,0.3116892173343546
4,4,Mature,Mature,0.07997231049905765,0.1275754734983037,0.16488462691396863,0.11884804594048098,0.5087195431481891
4,4,Mature,Mature,0.10668981722020025,0.10992977506182515,0.14890856800841873,0.19238546302381615,0.4420863766857397
4,4,Mature,Mature,0.1727230378546436,0.11410990819415918,0.1614516154543862,0.12908835232960514,0.4226270861672058
4,4,Mature,Mature,0.14266670561215838,0.14508135804281447,0.15281003786601238,0.10536354947289105,0.4540783490061236
4,4,Mature,Mature,0.1582093609583564,0.10091317622271782,0.1906641012868492,0.22652323241050168,0.32369012912157497
4,4,Mature,Mature,0.09824981567043771,0.1681415448415492,0.20704427197839667,0.15466495370353528,0.3718994138060811
4,4,Mature,Mature,0.1427435649417685,0.1482106823901712,0.13511839088932057,0.15818197796229144,0.41574538381644827
4,4,Mature,Mature,0.22528563756357578,0.09163920260891063,0.13071229266128653,0.11349842034062602,0.43886444682560116
4,4,Mature,Mature,0.10286064816644257,0.0813384376089417,0.1389810905195534,0.21613201852868355,0.4606878051763787
4,4,Mature,Mature,0.13770242914323838,0.13894719194489127,0.18537946511333578,0.12282957220036364,0.415141341598171
4,4,Mature,Mature,0.13283058124319375,0.10848199390953775,0.13930515902689586,0.2296467318024699,0.38973553401790284
4,4,Mature,Mature,0.15782260084312,0.1354997233227767,0.15643563974620944,0.12967718054401345,0.42056485554388034
4,4,Mature,Mature,0.15313570354589956,0.15035394571230318,0.16074298318665525,0.16559223262517314,0.3701751349299689
4,4,Mature,Mature,0.2595820017271107,0.14891063029408236,0.14072521737188617,0.13847790017874503,0.31230425042817567
4,4,Mature,Mature,0.16478643368160398,0.17487738387556204,0.11230678243663422,0.13274893944594876,0.41528046056025114
4,4,Mature,Mature,0.16050290486571703,0.1394403828668383,0.21912401603465811,0.1223400617394481,0.3585926344933384
4,4,Mature,Mature,0.17890852708552998,0.12513723281392322,0.1575538566772688,0.2505490639741479,0.28785131944913006
4,4,Mature,Mature,0.16494547279105565,0.15259678673238591,0.10971661979201508,0.1824541725903952,0.3902869480941482
4,4,Mature,Mature,0.15121622877991897,0.14822988200938464,0.12483690570662923,0.13207428752649228,0.4436426959775748
4,4,Mature,Mature,0.1072094162326944,0.12381715183402857,0.12719661043009478,0.2051425964614224,0.4366342250417598
4,4,Mature,Mature,0.10334717752007558,0.10198912910810799,0.16209015888443776,0.16036141002796006,0.4722121244594186
4,4,Mature,Mature,0.1760524515610261,0.14009254156745932,0.14377545705254774,0.19955131382497746,0.34052823599398946
4,4,Mature,Mature,0.18859008456782286,0.10559019060332453,0.1558525103479696,0.22277711058637237,0.3271901038945107
4,4,Mature,Mature,0.1399501178541179,0.18960839170458102,0.2014254614325588,0.1697074176851109,0.2993086113236314
4,4,Mature,Mature,0.19348004005470634,0.19627670217299487,0.1210781912635358,0.13337716739410288,0.3557878991146601
4,4,Mature,Mature,0.1632770559768856,0.1269647707780143,0.1683311416678437,0.13779462502713963,0.40363240655011673
4,4,Mature,Mature,0.16868821899818742,0.18165200447250163,0.17787947406219679,0.16159499902741145,0.3101853034397027
4,4,Mature,Mature,0.1304736481199789,0.1737943195979495,0.19980404521419204,0.23354310618862906,0.26238488087925055
4,4,Mature,Mature,0.11668622566375396,0.1641969983155443,0.17945311165754307,0.19753675040780183,0.3421269139553568
4,4,Mature,Mature,0.1354197818217344,0.15805364199270697,0.18844818495413637,0.2359031359927028,0.28217525523871945
4,4,Mature,Mature,0.14725350627575004,0.13396712230150898,0.16283994966612222,0.17323855067015814,0.3827008710864606
4,4,Mature,Mature,0.1329901372466106,0.1387532007727508,0.161169371733414,0.17748772532279594,0.3895995649244286
4,4,Mature,Mature,0.17698350184504164,0.13298258668045826,0.11408694469777522,0.19110969800342573,0.3848372687732991
4,4,Mature,Mature,0.13447746045980455,0.17935490515535354,0.19792593913214868,0.14655437018802964,0.34168732506466365
4,4,Mature,Mature,0.12632600462118473,0.12500198672365895,0.18388171061284936,0.2040287657818152,0.36076153226049174
4,4,Mature,Mature,0.1248259004262057,0.09989022059841399,0.19996327986682472,0.19306361651074128,0.3822569825978143
4,4,Mature,Mature,0.17618839477449294,0.14144267767150467,0.14245280855494424,0.19561656704943267,0.3442995519496254
4,4,Mature,Mature,0.14211808365848713,0.15227046754493548,0.13974907767855776,0.2140219621759092,0.35184040894211044
4,4,Mature,Mature,0.11304987502201819,0.08826457566890007,0.08648036770179385,0.15149567405710418,0.5607095075501837
4,4,Mature,Mature,0.18056887369223762,0.17085270755903612,0.12133611284002664,0.1263164526087738,0.40092585329992586
4,4,Mature,Mature,0.15111106801921584,0.12785903201120116,0.10197456910118756,0.19369734693185578,0.42535798393653984
4,4,Mature,Mature,0.14510857753192732,0.10783769974584181,0.1401612169318362,0.11212735508578794,0.4947651507046067
4,4,Mature,Mature,0.1378715480793032,0.08673193490913876,0.12868185795308304,0.17854572176438424,0.4681689372940907
4,4,Mature,Mature,0.14827004365319435,0.11476410247295171,0.18342313068990485,0.15656097965617397,0.39698174352777504
4,3,Mature,Day 84,0.14035679369301005,0.1844247159980061,0.14253436514371334,0.2801378586776177,0.2525462664876528
4,4,Mature,Mature,0.1520967868447277,0.13150844831233882,0.14116040510769726,0.15396799683065807,0.42126636290457814
4,4,Mature,Mature,0.18493637767285356,0.12706150128539676,0.13025015017091998,0.14353477912539456,0.41421719174543514
4,4,Mature,Mature,0.13016379176167717,0.11896721286815301,0.09207342462375541,0.15844185859855606,0.5003537121478583
4,4,Mature,Mature,0.15993878494695482,0.11708610670220557,0.16099835196506596,0.15986868700353932,0.4021080693822343
4,4,Mature,Mature,0.17691147213821495,0.10100117968722742,0.1734177690787289,0.20874817492317654,0.33992140417265226
4,4,Mature,Mature,0.13416286201136482,0.14818093924040077,0.17619623131151702,0.18242781312949616,0.3590321543072212
4,4,Mature,Mature,0.20027789753699546,0.11437078984276225,0.09171896526236371,0.1934421467755475,0.40019020058233107
4,4,Mature,Mature,0.14199771393165297,0.09725068630220148,0.12850643634295836,0.11390247335521615,0.518342690067971
4,4,Mature,Mature,0.10784493639966827,0.13221925839074897,0.11904404062235306,0.17806724375308425,0.46282452083414555
4,4,Mature,Mature,0.15564460246121814,0.14461290656655193,0.12138755472541904,0.2056968466504706,0.3726580895963402
4,4,Mature,Mature,0.10832399717873649,0.21918179284725747,0.15463497201060047,0.15308731782069143,0.36477192014271415
4,4,Mature,Mature,0.18566565559943424,0.11317095463495108,0.13418659581035908,0.11036801686522013,0.45660877709003533
4,4,Mature,Mature,0.13577715839417087,0.14278065988260988,0.1563870928374824,0.19229125897679292,0.372763829908944
4,4,Mature,Mature,0.11853374755723815,0.12148867874032258,0.140751336310936,0.17053888533276404,0.4486873520587393
4,4,Mature,Mature,0.10259376371085922,0.11887204401676041,0.17011000226042403,0.14532965981947202,0.46309453019248425
4,4,Mature,Mature,0.13151845957890246,0.13869843415922203,0.13132736869741882,0.18887358983563507,0.40958214772882157
4,4,Mature,Mature,0.13678378663826846,0.1532659974057057,0.1713508396322413,0.2558388712117345,0.2827605051120501
4,4,Mature,Mature,0.1863524791183609,0.10970376022453575,0.18345103613265554,0.19170134304616984,0.328791381478278
4,4,Mature,Mature,0.16495119035361305,0.146239596327487,0.1808946913278401,0.16995196330929588,0.33796255868176395
4,4,Mature,Mature,0.19091297760839318,0.13113405883836207,0.1717436726805056,0.15398811329279297,0.35222117757994614
4,4,Mature,Mature,0.10480519565767223,0.10239801217920602,0.177285116443617,0.12793241568250355,0.4875792600370011
4,4,Mature,Mature,0.15512064166017075,0.11739101622147442,0.08486165273430343,0.14724581763628677,0.49538087174776463
4,4,Mature,Mature,0.16806310725241919,0.17825628518029676,0.11186943333000975,0.18498299298087723,0.35682818125639704
4,4,Mature,Mature,0.17363536011896136,0.14646276422569304,0.08843767603438607,0.15263290560000561,0.43883129402095394
4,4,Mature,Mature,0.13817497431374615,0.17460409799725538,0.1582703792945067,0.22789120562862322,0.3010593427658685
4,4,Mature,Mature,0.11630012443935174,0.08452051484451008,0.16534184371587524,0.17376114702066814,0.4600763699795947
4,4,Mature,Mature,0.11231821351643938,0.13502897204709635,0.16186250831238652,0.23090593727609968,0.35988436884797803
4,4,Mature,Mature,0.1937011443580499,0.10152165023501634,0.1670184953039969,0.15864121890765642,0.37911749119528043
4,4,Mature,Mature,0.1223417225921192,0.1666178786212618,0.14754279171880116,0.13297904035919855,0.4305185667086193
4,4,Mature,Mature,0.1419214162416665,0.1615609330397108,0.11651531141978497,0.17430564640591034,0.40569669289292737
4,4,Mature,Mature,0.13124045014460212,0.17092626481151546,0.15861200745826246,0.15224768848750767,0.3869735890981123
4,4,Mature,Mature,0.15900909890196066,0.15691704007067922,0.09948998745793368,0.16098081167685113,0.42360306189257524
4,4,Mature,Mature,0.20117734355985412,0.14233548162166748,0.1461617359397494,0.2212287424919486,0.28909669638678037
4,4,Mature,Mature,0.12054769048070073,0.14801641076788444,0.147457939727087,0.11677391470659844,0.4672040443177294
4,4,Mature,Mature,0.14723154808149597,0.14399550219881654,0.11130871433796131,0.24198841008374772,0.3554758252979784
4,4,Mature,Mature,0.1465737436811299,0.15339848930877076,0.12354851656650417,0.19141594115906863,0.38506330928452664
4,4,Mature,Mature,0.11217884224626677,0.15144189217073473,0.1980251544693576,0.19461536519769865,0.3437387459159422
4,4,Mature,Mature,0.10647077209796244,0.08001091068121542,0.17231895975439804,0.23861671987123892,0.4025826375951852
4,4,Mature,Mature,0.13058059885814913,0.10413160376052591,0.11251813372872171,0.10707097244260058,0.5456986912100027
4,4,Mature,Mature,0.18578691239496153,0.11966689991876696,0.14030641666936639,0.21435815387722879,0.33988161713967635
4,4,Mature,Mature,0.21043011151788754,0.2005699502353325,0.13029820957693916,0.13298130105231806,0.3257204276175227
4,4,Mature,Mature,0.11810839299565021,0.09439856052767377,0.1750756934877803,0.2049754818544623,0.40744187113443336
4,4,Mature,Mature,0.11760808530038072,0.11409433899647202,0.16426474341063038,0.16191150175876726,0.4421213305337496
4,4,Mature,Mature,0.175219461709227,0.1578458576737801,0.19382594119592073,0.12568806805971797,0.3474206713613541
4,4,Mature,Mature,0.15834383498268534,0.14191965219557065,0.19279945153035064,0.1735617258767927,0.33337533541460074
4,4,Mature,Mature,0.13115684124409283,0.14237839785441467,0.1095938583842565,0.13616537774818574,0.4807055247690503
4,4,Mature,Mature,0.16845466217945398,0.13234420807185743,0.11622781175445082,0.19412129017165475,0.38885202782258294
4,4,Mature,Mature,0.12268023115952986,0.19161171952368436,0.1739799531467678,0.23291544142739812,0.27881265474261985
4,4,Mature,Mature,0.15478647870183745,0.10835538771673797,0.15773886309665994,0.20538582494499139,0.37373344553977333
4,4,Mature,Mature,0.19676034397969736,0.1260919766901517,0.13440646402423354,0.09795417287782703,0.4447870424280902
4,4,Mature,Mature,0.13850238474526724,0.17748212824481957,0.1282223879630944,0.20818635372516678,0.347606745321652
4,4,Mature,Mature,0.14390708533869684,0.15280492837756887,0.13962364481805678,0.1571807664971854,0.40648357496849225
4,4,Mature,Mature,0.16150229371833827,0.14740090790840238,0.15475963715864102,0.22294727616677446,0.3133898850478439
4,4,Mature,Mature,0.1375175506883286,0.1577943034683344,0.1516728740434101,0.14150574822680273,0.4115095235731242
4,4,Mature,Mature,0.1412194316519896,0.1443631867199643,0.18472532825823468,0.20918352892077208,0.3205085244490394
4,4,Mature,Mature,0.13399384012596946,0.15409809332007512,0.17873330222197473,0.2046157457492791,0.3285590185827016
4,4,Mature,Mature,0.11438278093571112,0.11677165893458881,0.1656175922450752,0.19522116017486324,0.4080068077097617
4,4,Mature,Mature,0.1537884759800791,0.1694416665187219,0.11905016797873272,0.23697967887996566,0.32074001064250074
4,4,Mature,Mature,0.20482544022622917,0.13060963994723318,0.12344345887360526,0.1596351662775798,0.3814862946753526
4,4,Mature,Mature,0.13637612786510908,0.13660407332241295,0.1641169161894926,0.16711317664477704,0.3957897059782084
4,4,Mature,Mature,0.09410775362409038,0.1468854536864925,0.13921865493376975,0.24724357504214217,0.37254456271350517
4,4,Mature,Mature,0.11065568225994515,0.186137769876739,0.18512523803642922,0.1514959660861587,0.366585343740728
4,4,Mature,Mature,0.2267431371891885,0.21218572751759426,0.09156979972549976,0.165699900204143,0.30380143536357446
4,4,Mature,Mature,0.11845209148925183,0.11365438831144109,0.12621266864540984,0.11596169434919604,0.5257191572047012
4,4,Mature,Mature,0.20261274568919516,0.10021672897343602,0.171585734782445,0.23406374582384068,0.29152104473108315
4,4,Mature,Mature,0.13092836099309615,0.2060797555851555,0.18656825286115677,0.1617770649951254,0.31464656556546616
4,4,Mature,Mature,0.16915690840194358,0.13126335376394574,0.10619602380277779,0.13493850199247504,0.4584452120388579
4,4,Mature,Mature,0.14588467271633598,0.1820266961310695,0.10921792180517159,0.12142185926710532,0.4414488500803175
4,4,Mature,Mature,0.13932219860988546,0.13001154577624674,0.10586782648902102,0.1836220283622355,0.4411764007626113
4,4,Mature,Mature,0.15715915419944623,0.13226496981817237,0.13368147379862472,0.2144666419916764,0.36242776019208023
4,4,Mature,Mature,0.20605967074911977,0.11939441477527771,0.15308189474154035,0.1560873510201434,0.3653766687139187
4,4,Mature,Mature,0.13940051828755273,0.13581447822690476,0.11181514121999452,0.15342234227352858,0.45954751999201954
4,4,Mature,Mature,0.1739427804543542,0.12206830713817296,0.22038685804355673,0.12113458738902332,0.3624674669748928
4,4,Mature,Mature,0.22325503004059144,0.1322212586413289,0.11433543501387841,0.18810333530406625,0.34208494100013503
4,4,Mature,Mature,0.11737822302986572,0.10644210993886359,0.2740683381208608,0.15615541880827621,0.34595591010213367
4,4,Mature,Mature,0.2336102225619868,0.18357936385550266,0.14157271715809974,0.1525861400167531,0.28865155640765766
4,4,Mature,Mature,0.12915845189898306,0.08450885121480421,0.21016572099155462,0.14317035746514425,0.4329966184295138
4,4,Mature,Mature,0.16332017797596785,0.0930782298391957,0.15732381302620163,0.12052544771743995,0.46575233144119504
4,4,Mature,Mature,0.1583889826702546,0.18422689569467807,0.16001732206144845,0.1889752111790168,0.30839158839460207
4,4,Mature,Mature,0.13177403494520148,0.10196568877625167,0.15401684170991609,0.15846222071418672,0.4537812138544441
4,4,Mature,Mature,0.1787537580633066,0.17064896974435884,0.1658553288007631,0.2386958398902539,0.24604610350131767
4,4,Mature,Mature,0.15149257001700558,0.09413604038395902,0.15692569572916895,0.27157811302156004,0.3258675808483064
4,4,Mature,Mature,0.14587452848245322,0.1420526547196654,0.1824362762022379,0.15472714405565666,0.37490939653998673
4,4,Mature,Mature,0.16234077473958827,0.1454488306367407,0.09066659056710363,0.20220452329479421,0.3993392807617732
4,4,Mature,Mature,0.1471598319278413,0.12752799252059197,0.1303503355707385,0.18577303402885118,0.40918880595197715
4,4,Mature,Mature,0.09571610587397963,0.1470179557604309,0.11907528662434613,0.13498749008586666,0.5032031616553767
4,4,Mature,Mature,0.17325639692812456,0.1415854163886775,0.16945503406886359,0.16326608811132132,0.35243706450301304
4,4,Mature,Mature,0.15564362196804593,0.16821247839839568,0.12013088215962146,0.13791103819904058,0.41810197927489645
4,4,Mature,Mature,0.11164420115807858,0.1653177960169377,0.14396062752827166,0.18364962605434962,0.39542774924236246
4,4,Mature,Mature,0.11485067069094528,0.10403572120573183,0.1536009261370511,0.1646985691635108,0.46281411280276114
4,4,Mature,Mature,0.19405190187984644,0.12918870114447542,0.14469502665179892,0.16592855119277222,0.36613581913110693
4,4,Mature,Mature,0.14876245393661416,0.19398114547838438,0.16498405581700276,0.1725191187948579,0.3197532259731407
4,4,Mature,Mature,0.15231563541112342,0.16146716746674242,0.16550152861643902,0.15177013578042786,0.36894553272526726
4,4,Mature,Mature,0.1709032484140639,0.11686934600778225,0.16213097263313364,0.10271514516823049,0.4473812877767897
4,4,Mature,Mature,0.15443067765850654,0.15168439502616338,0.12347091580811297,0.1682543578964173,0.40215965361079986
4,4,Mature,Mature,0.15881474995038383,0.109712322317547,0.12073703597933619,0.17888481732616285,0.4318510744265701
4,4,Mature,Mature,0.13811762319155654,0.1947261650180447,0.18975034026291515,0.19162406043316021,0.2857818110943234
4,4,Mature,Mature,0.1704914902309358,0.14496382046770953,0.1896734076532471,0.16396894209250626,0.3309023395556012
4,4,Mature,Mature,0.10049113731468312,0.20602625849713213,0.1502110543145232,0.19705232555742166,0.34621922431623986
4,4,Mature,Mature,0.13048615288689808,0.1202042029666338,0.13490278913683243,0.16214463210850433,0.45226222290113144
4,4,Mature,Mature,0.10467047012804052,0.18082413756155888,0.16224001879472427,0.18128411885651496,0.37098125465916143
4,4,Mature,Mature,0.1965654648136156,0.12704859686167547,0.14040355834699036,0.16977879813289007,0.3662035818448285
4,4,Mature,Mature,0.1545426788993821,0.11520378744048398,0.12034864235785293,0.18434710866499038,0.4255577826372905
4,4,Mature,Mature,0.12818074665944187,0.09377130138623853,0.13635058609904108,0.19296954058201224,0.44872782527326627
4,4,Mature,Mature,0.09109541338325347,0.10472379905171907,0.11181827044111295,0.1992764870763013,0.4930860300476132
4,4,Mature,Mature,0.12720845314088633,0.17157356549161495,0.14553918357169354,0.13390224934467754,0.4217765484511277
4,4,Mature,Mature,0.2161441746422538,0.15254873697006446,0.15154776010003032,0.15929269904032942,0.32046662924732205
4,4,Mature,Mature,0.1420399316160492,0.13711949741373894,0.1393610893412958,0.19508910657783837,0.3863903750510777
4,4,Mature,Mature,0.11436480844758395,0.11975668752191067,0.09258665768824677,0.2827116389212201,0.39058020742103844
4,4,Mature,Mature,0.10786399810058608,0.1177970295954002,0.11492799266785032,0.22749938435423886,0.4319115952819245
4,4,Mature,Mature,0.16308010213373336,0.14914971601148272,0.19579827024566376,0.18111265367289126,0.310859257936229
4,4,Mature,Mature,0.15085606861500336,0.12303710617576955,0.1659002313877991,0.2708397454701638,0.2893668483512642
4,4,Mature,Mature,0.14223461627659167,0.14495303178842117,0.15961329741349684,0.24230215499386543,0.3108968995276249
4,4,Mature,Mature,0.15616253914261846,0.11831315385199137,0.15249706575956365,0.20308475926201658,0.3699424819838099
4,4,Mature,Mature,0.17417267049776525,0.14179474236447706,0.18863060922533276,0.1618142435402361,0.3335877343721889
4,4,Mature,Mature,0.13533488416802167,0.12863294272322565,0.14776833775939788,0.1837127446984482,0.40455109065090655
4,4,Mature,Mature,0.22919897166119857,0.10345453789657698,0.14350185800967633,0.18840069583541863,0.33544393659712946
4,4,Mature,Mature,0.21668272388078075,0.09468044247631713,0.1367486885029926,0.10210913516152127,0.44977900997838816
4,4,Mature,Mature,0.13707682432852575,0.17874090987709843,0.13493596070623712,0.1973532320240042,0.3518930730641345
4,4,Mature,Mature,0.13735524921551107,0.10570125258294653,0.1648322423281226,0.12106314092391837,0.47104811494950144
4,4,Mature,Mature,0.11963765174408429,0.15737518910795073,0.11332871402457989,0.15586618519564147,0.45379225992774347
4,4,Mature,Mature,0.1467097457879547,0.12919263375712028,0.16535276275056948,0.1367612366026661,0.4219836211016893
4,4,Mature,Mature,0.1809219415521289,0.1546963445600984,0.14066350666038988,0.24448554056696395,0.2792326666604189
4,4,Mature,Mature,0.17838344579222287,0.13190681444765479,0.10595569235549882,0.248084356622344,0.33566969078227954
4,4,Mature,Mature,0.12316241160851048,0.1441116189323647,0.11762327720319025,0.18363085737027793,0.43147183488565655
4,4,Mature,Mature,0.1373159392744351,0.2093627607658439,0.16707084263319247,0.21449825407068032,0.27175220325584815
4,4,Mature,Mature,0.22447343452193033,0.18578122606173714,0.14282075167376604,0.1548564109646712,0.29206817677789526
4,4,Mature,Mature,0.17893248071151915,0.1359660452453974,0.19048147427075665,0.1047359714834278,0.38988402828889895
4,4,Mature,Mature,0.12151143379154825,0.17021626407900017,0.16950012041622972,0.17988580112939045,0.3588863805838315
4,4,Mature,Mature,0.17450167136431693,0.0890854824985253,0.11676871389195316,0.19014134758998003,0.4295027846552247
4,4,Mature,Mature,0.13155408102115795,0.19234084557245051,0.11975169744740997,0.17128322427098278,0.3850701516879988
4,4,Mature,Mature,0.11634224141202805,0.15303101073962683,0.11870875784684798,0.22349189871937208,0.388426091282125
4,4,Mature,Mature,0.17904454684436572,0.17535772277500344,0.13535599502757337,0.10587555273067854,0.40436618262237906
4,4,Mature,Mature,0.1437326591860185,0.15465065077226678,0.1367599777619444,0.14818337774427115,0.4166733345354992
4,4,Mature,Mature,0.08771773490623344,0.14027070258523883,0.10990398358558677,0.1321937915253328,0.5299137873976082
4,4,Mature,Mature,0.11583456710167941,0.15298417412198775,0.1955470347890842,0.18420116154912639,0.35143306243812217
4,4,Mature,Mature,0.10778179529845183,0.1466223004225804,0.2263201295747434,0.14358441917128903,0.37569135553293526
4,4,Mature,Mature,0.1448164779262219,0.1417340618023571,0.08930869701191325,0.21418816124011195,0.40995260201939576
4,4,Mature,Mature,0.11630894164016271,0.19283678288841305,0.13385356014032354,0.18079599747925731,0.3762047178518434
4,4,Mature,Mature,0.09200527237498081,0.08609642795602022,0.13795201964587425,0.20035152772731385,0.48359475229581084
4,4,Mature,Mature,0.17827574550149927,0.1786078710632862,0.10302337795719481,0.23351744583811115,0.3065755596399086
4,4,Mature,Mature,0.1154830038018576,0.15931346048906386,0.16422194397660048,0.1492163439120613,0.4117652478204168
4,4,Mature,Mature,0.12417777676666845,0.14823888058867088,0.1804600077099345,0.16732812053449875,0.37979521440022745
4,4,Mature,Mature,0.20999325119482282,0.1577517410780496,0.14649005805452395,0.22908089584500513,0.2566840538275985
4,4,Mature,Mature,0.06992879079535588,0.14171213056210827,0.09778662337881154,0.17741435358546778,0.5131581016782565
4,4,Mature,Mature,0.17766188342807673,0.13174103771532628,0.1016789078519083,0.1600762501966746,0.4288419208080141
4,4,Mature,Mature,0.17399509427715862,0.10128776968003111,0.17780914706975157,0.13653690816989525,0.4103710808031634
4,4,Mature,Mature,0.12801854468155033,0.144510184679957,0.1801126698824233,0.12290011061345017,0.4244584901426192
4,4,Mature,Mature,0.13287912785412265,0.212993734295165,0.10641695045286485,0.25225412093703425,0.2954560664608133
4,4,Mature,Mature,0.1192741760433365,0.10964318569541232,0.10602038768886918,0.14036377369520683,0.5246984768771753
4,4,Mature,Mature,0.15621308830900077,0.2159481781344965,0.14078113290632177,0.1749929030607191,0.312064697589462
4,4,Mature,Mature,0.17898146249893335,0.16801928194309643,0.16984724962233447,0.18188839971341172,0.30126360622222403
4,4,Mature,Mature,0.1615255202236055,0.13763403991698928,0.15769607850343875,0.17814639750717903,0.36499796384878735
4,4,Mature,Mature,0.13848167590933502,0.11926973330165842,0.17127431245823077,0.15466949401484364,0.4163047843159322
4,4,Mature,Mature,0.14316945287431676,0.07847583364773211,0.17132187711925592,0.1509960252612363,0.4560368110974589
4,4,Mature,Mature,0.15884923156821437,0.13240948449066922,0.15988615667519002,0.1497216836987605,0.39913344356716585
4,4,Mature,Mature,0.1286674260982633,0.11643835198122811,0.1088121838007371,0.1657686087111864,0.48031342940858507
4,4,Mature,Mature,0.16158832218360028,0.11233059724166532,0.10421358998000312,0.20333737353383258,0.4185301170608988
4,4,Mature,Mature,0.09570969655698544,0.16816614417431594,0.1318520541889547,0.14167866130366732,0.46259344377607664
4,4,Mature,Mature,0.11688840197339227,0.19418986255834111,0.1370395172976119,0.15397351315537072,0.3979087050152841
4,4,Mature,Mature,0.09247570803797317,0.0966991575575907,0.14472875146327382,0.18011260810539376,0.4859837748357686
4,4,Mature,Mature,0.12023495182034079,0.22203753355223232,0.12464206196280994,0.1422250839740294,0.3908603686905876
4,4,Mature,Mature,0.15735893024000114,0.1696049469820781,0.20558380491930225,0.12204516505197886,0.34540715280663953
4,4,Mature,Mature,0.1551841531332313,0.15429925003240433,0.14293312410139553,0.1885944760437855,0.3589889966891834
4,4,Mature,Mature,0.2191747004454036,0.18527761927921677,0.11457360905456652,0.13599312542441494,0.34498094579639815
4,4,Mature,Mature,0.18614627637158035,0.11410422865773469,0.15042492260068674,0.20971124400561367,0.3396133283643845
4,4,Mature,Mature,0.1594748429170576,0.11320580358832197,0.17559119935812614,0.15026173492254769,0.40146641921394666
4,4,Mature,Mature,0.16125782969806907,0.15051070395702532,0.15646645120760794,0.147372698779011,0.38439231635828663
4,4,Mature,Mature,0.15523893948865974,0.10887426077967165,0.14217812414639655,0.20080405583453884,0.3929046197507333
4,4,Mature,Mature,0.18525455160019727,0.18304428250075208,0.10867180985998312,0.23590752181720487,0.2871218342218627
4,4,Mature,Mature,0.15409734209169185,0.12019271388143028,0.17637747733046627,0.18198712901563427,0.3673453376807774
4,4,Mature,Mature,0.1249032424037643,0.11235531181507215,0.17377518878538578,0.22162892458460837,0.36733733241116945
4,4,Mature,Mature,0.1331521490991707,0.10093925694416396,0.11919381918127665,0.2156104082739618,0.4311043665014269
4,4,Mature,Mature,0.16265688418912758,0.11830396784046822,0.1733081151136754,0.16381821682283648,0.38191281603389243
4,4,Mature,Mature,0.15906243568421552,0.1143616919467595,0.13179475204146873,0.13528869634164142,0.4594924239859147
4,4,Mature,Mature,0.13456937044300823,0.1651545291011899,0.1800259981891684,0.199448793703338,0.3208013085632954
4,4,Mature,Mature,0.1853418667407606,0.14608831948913878,0.1791717976972723,0.11090480876820466,0.37849320730462366
4,4,Mature,Mature,0.21714586391615937,0.14111878251422255,0.19743988803727067,0.22040744749075356,0.22388801804159392
4,4,Mature,Mature,0.12855844168659364,0.11727621554233653,0.14487805063482476,0.15100445976641055,0.4582828323698344
4,4,Mature,Mature,0.2014565297628895,0.11743578006757227,0.17285982640992864,0.12377682950094901,0.38447103425866064
4,4,Mature,Mature,0.14894781923872047,0.20170234312817062,0.1013180344034128,0.14293927418936836,0.4050925290403278
4,4,Mature,Mature,0.15032904028483232,0.13965480320584958,0.1138398132034816,0.13998128262330517,0.4561950606825313
4,4,Mature,Mature,0.13165544428373904,0.1398217062206133,0.1322298952326883,0.11503915229346293,0.48125380196949635
4,4,Mature,Mature,0.1340379437994813,0.19532716984227827,0.09633153744089808,0.17282409038606245,0.4014792585312801
4,4,Mature,Mature,0.17303518545795454,0.2011200036293785,0.1056058925840909,0.18539981254342516,0.3348391057851509
4,4,Mature,Mature,0.12631249365014827,0.15614858681630814,0.19577515570793513,0.1679853085475638,0.35377845527804475
4,4,Mature,Mature,0.14287845937034727,0.13403730110187445,0.11040489973439685,0.21685710852598028,0.3958222312674012
4,4,Mature,Mature,0.16022824540731925,0.11701233716815433,0.1341764732758675,0.16376040598003896,0.42482253816862
4,4,Mature,Mature,0.1219396893821656,0.15074692598515,0.2066350604260225,0.17795421112431567,0.34272411308234624
4,4,Mature,Mature,0.12143649840851657,0.12698137500892548,0.13760422336745975,0.29964771629770237,0.31433018691739584
4,4,Mature,Mature,0.16551225562190489,0.1646991839046255,0.10591304194244039,0.11177255790007772,0.45210296063095146
4,4,Mature,Mature,0.22196915043448295,0.13862159574839905,0.1248096875630476,0.17115633495873336,0.3434432312953371
4,4,Mature,Mature,0.15434874489173567,0.14799793206849213,0.12224143159566857,0.20277655390072144,0.3726353375433823
4,4,Mature,Mature,0.1525255738516872,0.17825834474438337,0.13902543665558822,0.1599099605233833,0.370280684224958
4,4,Mature,Mature,0.10317979587126258,0.1107471331298768,0.14555767342606307,0.24985628710021074,0.3906591104725869
4,4,Mature,Mature,0.15222639427135257,0.14852392665048025,0.10872567211018971,0.16475168865431067,0.4257723183136667
4,4,Mature,Mature,0.15486323565985566,0.14221994740216223,0.15995761251545762,0.1554530851909168,0.38750611923160766
4,4,Mature,Mature,0.10660067238321876,0.12645818693937386,0.19841922800855313,0.17975870390829007,0.38876320876056425
4,4,Mature,Mature,0.20456549316582648,0.09311057688732298,0.10443919676216214,0.24080182449114598,0.35708290869354237
4,4,Mature,Mature,0.1371565038418491,0.10596403469528266,0.16383943236134033,0.19542361722971974,0.39761641187180813
4,4,Mature,Mature,0.1633523458724971,0.15035576345260954,0.18237183043634136,0.14809500910965911,0.3558250511288929
4,4,Mature,Mature,0.15748681493648636,0.11297560289259469,0.12370824948538163,0.14425173375192918,0.4615775989336083
4,4,Mature,Mature,0.12813721668131137,0.12837148365602166,0.20956840184200165,0.21207486252903288,0.3218480352916324
4,4,Mature,Mature,0.1412180020488588,0.09656696515894841,0.13093211269213015,0.19504294135583594,0.4362399787442266
4,4,Mature,Mature,0.1480731675453434,0.21008231101505723,0.16642040014601828,0.21562767524612209,0.25979644604745905
4,4,Mature,Mature,0.16595573788409274,0.10841760960387081,0.1625759768213028,0.1841346251806158,0.37891605051011784
4,4,Mature,Mature,0.18590560241903759,0.11682029475545395,0.13409306793284367,0.16486852635794433,0.39831250853472033
4,4,Mature,Mature,0.166581260575561,0.10250739064302822,0.20501608463844417,0.18741074031719954,0.33848452382576716
4,4,Mature,Mature,0.12343649868387636,0.1364119835037894,0.17856139781726196,0.20168969136130363,0.3599004286337687
4,4,Mature,Mature,0.13062203799848546,0.17767992793727128,0.13696934867474633,0.18873234160829983,0.36599634378119716
4,4,Mature,Mature,0.16487630867963762,0.17997599071114895,0.11697260740401534,0.10984899126263106,0.428326101942567
4,4,Mature,Mature,0.18696611172780883,0.18936490898269318,0.19185628710636826,0.1376705959077869,0.29414209627534293
4,4,Mature,Mature,0.10005022191063846,0.14335764117706365,0.16700342771910878,0.2807914928899064,0.30879721630328266
4,4,Mature,Mature,0.1459839385185126,0.10869318971245054,0.11320656275376706,0.1732363296350002,0.45887997938026953
4,4,Mature,Mature,0.14535820215368386,0.10079722593300193,0.1572319211425552,0.17360507411766554,0.42300757665309363
4,4,Mature,Mature,0.12255447971449339,0.16555501571268152,0.14174260239683248,0.25886684863058734,0.31128105354540525
4,4,Mature,Mature,0.1295103326277167,0.13912023396320547,0.1497944498772133,0.14061877357523836,0.44095620995662627
4,4,Mature,Mature,0.15783226339407289,0.15705970626879648,0.15728869012347407,0.23242302862518713,0.2953963115884694
4,4,Mature,Mature,0.23709346766445544,0.12623690099223644,0.1302498443923565,0.12006181768107126,0.38635796926988025
4,4,Mature,Mature,0.13992470726134348,0.17070316733255067,0.16936489455455925,0.1353211266584137,0.38468610419313287
4,4,Mature,Mature,0.15801941070635409,0.11013184358338729,0.13998515701821174,0.16527199176411952,0.42659159692792736
4,4,Mature,Mature,0.12661296584784484,0.1358294519581631,0.08748042825961629,0.19300785865196868,0.45706929528240714
4,4,Mature,Mature,0.08272274402474888,0.1072208878066492,0.14962617351569296,0.1811106898953732,0.4793195047575357
4,4,Mature,Mature,0.13846960418389112,0.12465102957058624,0.15529272192898835,0.23682202350989853,0.3447646208066357
4,4,Mature,Mature,0.19015984050250512,0.12149725782336454,0.1266873209557447,0.21844761630810916,0.34320796441027646
4,4,Mature,Mature,0.1591072196275466,0.0930484776961529,0.11977144501769141,0.18938005861813165,0.4386927990404774
4,4,Mature,Mature,0.10680742341594537,0.14626059272452427,0.11822281620082731,0.25423178424850323,0.37447738341019987
4,4,Mature,Mature,0.13062264165966397,0.14966533512374752,0.11759801672542611,0.16215405801860858,0.43995994847255376
4,4,Mature,Mature,0.1390057698495293,0.11926616733521632,0.09046723082325825,0.15060123998130237,0.5006595920106937
4,4,Mature,Mature,0.172482676226313,0.1500254701271439,0.12487363719712122,0.09766779559284046,0.4549504208565815
4,4,Mature,Mature,0.12638629342665755,0.12143373167114035,0.15927150430211234,0.2647676374623135,0.32814083313777626
4,4,Mature,Mature,0.14318654497323263,0.136506957625716,0.15784366770887095,0.14239830976336879,0.42006451992881166
4,4,Mature,Mature,0.15091209250577844,0.1374470092727646,0.15404508293727662,0.1781710502384425,0.37942476504573786
4,4,Mature,Mature,0.2120076650405981,0.15107990649551706,0.14505301350031974,0.16135961417868677,0.33049980078487823
4,4,Mature,Mature,0.1451151966142938,0.09986979617589403,0.17375891928984152,0.12345504296024713,0.4578010449597234
4,4,Mature,Mature,0.14280272917678152,0.15953959524867448,0.2075551130756199,0.1113934787964581,0.3787090837024659
4,4,Mature,Mature,0.1375390172911429,0.15590193450317524,0.1569721771668595,0.15674947726930386,0.39283739376951843
4,4,Mature,Mature,0.1097322774959384,0.17140606984823087,0.16068472522001126,0.2104492102812971,0.3477277171545224
4,4,Mature,Mature,0.1400342940960907,0.1223574945374523,0.18027988366154535,0.1459273322667953,0.4114009954381164
4,4,Mature,Mature,0.08466045857574409,0.11725467432275817,0.16713185103573402,0.1562929244535265,0.4746600916122372
4,4,Mature,Mature,0.11010568290754162,0.09638831530101849,0.16738615057754513,0.2375018531767567,0.38861799803713803
4,4,Mature,Mature,0.1345410756477116,0.09562886649788174,0.14220615211870907,0.19885495541147305,0.42876895032422463
4,4,Mature,Mature,0.1449099435004127,0.12818331195202753,0.11538382722059415,0.1250943474481588,0.48642856987880695
4,4,Mature,Mature,0.14543353153657895,0.08243013868572201,0.12122340565011704,0.13038255242879263,0.5205303716987894
4,4,Mature,Mature,0.15999725409275237,0.1320228321534379,0.1407532218986851,0.23091227757902577,0.3363144142760988
4,4,Mature,Mature,0.22574589297791972,0.12129715511451032,0.15295743707059037,0.16016524478869942,0.33983427004828015
4,4,Mature,Mature,0.1654115179371696,0.15885031812386535,0.12799142533669955,0.13096334007105861,0.4167833985312068
4,4,Mature,Mature,0.10350170535791502,0.13080705154447406,0.0814628416941173,0.12607490959866505,0.5581534918048286
4,4,Mature,Mature,0.17999232621406924,0.08309647642399853,0.17095136361831687,0.14061045729940236,0.4253493764442129
4,4,Mature,Mature,0.12404815337751748,0.12449487110626543,0.15066987554389077,0.14060372432386462,0.4601833756484616
4,4,Mature,Mature,0.12772473044958316,0.10613635418465778,0.21647692367202775,0.14096218857937226,0.4086998031143591
4,4,Mature,Mature,0.17713164174788076,0.12449818064484855,0.12557963374079428,0.1849355114817967,0.3878550323846797
4,4,Mature,Mature,0.11003305661788759,0.13391286737233166,0.09851901640389453,0.1523887417932841,0.5051463178126021
4,4,Mature,Mature,0.12928939451691746,0.1363886875255162,0.1160156123192493,0.1880057181411307,0.43030058749718636
4,4,Mature,Mature,0.09943309992342445,0.10676323644137192,0.14641042121852846,0.20480590275451857,0.4425873396621566
4,4,Mature,Mature,0.1740083662726598,0.1858693409441223,0.1800889507833327,0.11193319647121017,0.348100145528675
4,4,Mature,Mature,0.1947771073834259,0.13580780772367032,0.11041589641330433,0.14092487209019844,0.41807431638940107
4,4,Mature,Mature,0.14472820086029037,0.1309443265100762,0.12987091769813858,0.1159613797017965,0.47849517522969826
4,4,Mature,Mature,0.12807188901714497,0.14243931667431398,0.18802319146847818,0.20368972343545141,0.33777587940461135
4,4,Mature,Mature,0.1665508187117877,0.18041093243633916,0.18588338475850733,0.15754183153418638,0.3096130325591794
4,4,Mature,Mature,0.07534217737086263,0.07584078503133143,0.1086896333776157,0.2041914468549655,0.5359359573652247
4,4,Mature,Mature,0.14468270203777653,0.1897032770616875,0.1561122518053833,0.16525498654499896,0.3442467825501538
4,4,Mature,Mature,0.13285539693809098,0.1522590092085823,0.17116363048982314,0.15816932654657123,0.38555263681693247
4,4,Mature,Mature,0.14525161538288126,0.14896658501793694,0.14272379198089136,0.16191398640219604,0.40114402121609444
4,4,Mature,Mature,0.18471532330541895,0.08870994018259881,0.13314170210232099,0.127830023426094,0.4656030109835674
4,4,Mature,Mature,0.16996630045840724,0.17398903535322255,0.153889124838751,0.11084634758326137,0.39130919176635787
4,4,Mature,Mature,0.1864049483177517,0.07774454963574068,0.20312768458375688,0.20316030965246948,0.3295625078102812
4,4,Mature,Mature,0.11974711850825841,0.07510820738600144,0.14103900650074397,0.20385393473225294,0.46025173287274324
4,4,Mature,Mature,0.12185176907257435,0.1393765672466118,0.12795415014964945,0.134583025483671,0.4762344880474934
4,4,Mature,Mature,0.11660869893269407,0.12038302428246667,0.12142908282710739,0.1225315497291722,0.5190476442285598
4,4,Mature,Mature,0.18118051444419483,0.12797392043504446,0.0999855980749573,0.20168717611454337,0.38917279093125995
4,4,Mature,Mature,0.09966285011220012,0.09971949994075775,0.13269200227075667,0.20565981140633893,0.4622658362699465
4,4,Mature,Mature,0.11061372561056977,0.16729084958086554,0.1840657975747703,0.17628237169370306,0.3617472555400914
4,4,Mature,Mature,0.1856634845258769,0.16056149009093232,0.12615212690824068,0.1751907721554584,0.3524321263194917
4,4,Mature,Mature,0.19043368722593465,0.14741260762000905,0.14995507346273287,0.18887412031030956,0.323324511381014
4,4,Mature,Mature,0.1642768804479201,0.1474767015505978,0.1314656040688698,0.19065019342856424,0.36613062050404793
4,4,Mature,Mature,0.12704145675115883,0.13109814016104662,0.13803953314745301,0.18693981173208427,0.4168810582082572
4,4,Mature,Mature,0.12786106827857652,0.2117809666535671,0.17695182918685853,0.1346673484583115,0.3487387874226863
4,4,Mature,Mature,0.13144622318801696,0.134751733469482,0.134554027304728,0.20353322293248652,0.39571479310528657
4,4,Mature,Mature,0.13267461289416713,0.16466018152703277,0.14472502620741914,0.16262922127964452,0.39531095809173644
4,4,Mature,Mature,0.14574517736219417,0.14366899675585096,0.13261498179093667,0.14372318682698468,0.4342476572640335
4,4,Mature,Mature,0.12410034224004778,0.1344122557876783,0.16736301370250406,0.2055747459767818,0.36854964229298814
4,4,Mature,Mature,0.081521185201375,0.1938005606927206,0.18338085381220173,0.1841043042628315,0.3571930960308711
4,4,Mature,Mature,0.09337587848652777,0.17374358733329717,0.09543329873846786,0.14560910791109916,0.49183812753060807
4,4,Mature,Mature,0.15506910421513123,0.16260265148480732,0.1520048507361359,0.21754071726703847,0.31278267629688705
4,4,Mature,Mature,0.13186421866758916,0.12565764065089238,0.18262562674568236,0.14716055289894084,0.41269196103689526
4,4,Mature,Mature,0.15327373057034244,0.07588336655286126,0.15302093900992692,0.2303884013847653,0.3874335624821041
4,4,Mature,Mature,0.1545025259531799,0.16450357580782704,0.1287741571517161,0.16523628310889715,0.3869834579783798
4,4,Mature,Mature,0.15169326373004433,0.15862456482288392,0.1686274626755499,0.2264281854003067,0.2946265233712151
4,4,Mature,Mature,0.12894378656949682,0.2169881600293425,0.14349505496496745,0.179720848245683,0.3308521501905103
4,4,Mature,Mature,0.12398920630098455,0.20947257511309286,0.13520738449524,0.13120911589453432,0.4001217181961481
4,4,Mature,Mature,0.10354496939941593,0.13599284427746397,0.13385120977103404,0.22530341412738158,0.40130756242470444
4,4,Mature,Mature,0.17021444633854782,0.18429090311923085,0.1692766761580844,0.15375803457946371,0.32245993980467325
4,4,Mature,Mature,0.10546436956376633,0.13981924023259507,0.12523836672311117,0.20976296993339888,0.41971505354712857
4,4,Mature,Mature,0.1277723874121295,0.0693613119328863,0.10682676855449383,0.1376680212404382,0.5583715108600521
4,4,Mature,Mature,0.13383667832600718,0.16127715713257426,0.12125940144755973,0.14537240641865148,0.4382543566752073
4,4,Mature,Mature,0.10392755928550262,0.14303442327229307,0.09764319683631177,0.24223681011439688,0.41315801049149564
4,4,Mature,Mature,0.1491353697318837,0.16309596611691857,0.14050839496360754,0.1908025459095613,0.35645772327802877
4,4,Mature,Mature,0.16397555487076965,0.15183899679409893,0.1287998837229661,0.14826540912017927,0.40712015549198605
4,4,Mature,Mature,0.14143527607078268,0.08853060158435895,0.11855357777065254,0.12212374589274956,0.5293567986814562
4,4,Mature,Mature,0.10519485692045664,0.12222406430020497,0.2157792996880041,0.1897615628866349,0.3670402162046995
4,4,Mature,Mature,0.2055298891223456,0.19216605272675352,0.14578157588912613,0.2188774873553585,0.23764499490641636
4,4,Mature,Mature,0.1456103286546698,0.2204693205776109,0.1553366935283131,0.11738392939652069,0.36119972784288557
4,4,Mature,Mature,0.14035534496877547,0.18125003494766875,0.1461378117643876,0.15015275043343665,0.38210405788573154
4,4,Mature,Mature,0.13099930288120207,0.10322437648798548,0.16936559918363467,0.15685118957013097,0.43955953187704677
4,4,Mature,Mature,0.1582278359439936,0.11430420262973004,0.1371063216725644,0.17804564361012454,0.4123159961435873
4,4,Mature,Mature,0.18204406119308567,0.13749582738064098,0.1685475871772725,0.15949466406623097,0.35241786018276994
4,4,Mature,Mature,0.14703451499778517,0.1295831399852932,0.13634396683111613,0.12290019226557723,0.4641381859202283
4,4,Mature,Mature,0.14033759723602296,0.12149096121961024,0.18619308466871132,0.12021025917473009,0.43176809770092545
4,4,Mature,Mature,0.18041184921477885,0.14744235011074905,0.14357526936855408,0.17795407101231503,0.350616460293603
4,4,Mature,Mature,0.10243442918892443,0.1289887292847566,0.2146170430564709,0.14348254169989708,0.4104772567699509
4,4,Mature,Mature,0.13444655658959934,0.1436997488722118,0.1357237127721184,0.20217307911147178,0.3839569026545987
4,4,Mature,Mature,0.17474457044785444,0.11057487469429332,0.1378451629594087,0.16162247410589364,0.4152129177925499
4,4,Mature,Mature,0.11444034947806567,0.16321934520896544,0.18389596372508857,0.12468132481872013,0.41376301676916016
4,4,Mature,Mature,0.11345123929928536,0.22614269840694404,0.11837296469171228,0.231336577547625,0.3106965200544333
4,4,Mature,Mature,0.14278403965082856,0.1473828991496136,0.15042196685887932,0.1959662175246102,0.36344487681606835
4,4,Mature,Mature,0.11446500024247991,0.1736716117149004,0.1866416001316563,0.20669751530540298,0.3185242726055605
4,4,Mature,Mature,0.14500280784843575,0.12188831111054689,0.1161864206231881,0.18253280216828222,0.4343896582495471
4,4,Mature,Mature,0.1137321301391785,0.17939997503202942,0.22556244557533667,0.18526006396816228,0.29604538528529306
4,4,Mature,Mature,0.12303034869852474,0.09214017995220443,0.15274588337680445,0.17655370452329053,0.45552988344917594
4,4,Mature,Mature,0.1416503693212771,0.1799027850597411,0.12167938469967204,0.14370783455226882,0.41305962636704086
4,4,Mature,Mature,0.17679128406006492,0.12995791619820388,0.15096535414805398,0.16929172944168636,0.3729937161519909
4,4,Mature,Mature,0.10417562494509525,0.14406022583782224,0.19914916934342905,0.17787425649387514,0.3747407233797783
4,4,Mature,Mature,0.15817616833199,0.1339904969893508,0.12067096721014658,0.1370966180620584,0.45006574940645416
4,4,Mature,Mature,0.13461728539454537,0.09197716105045901,0.16812050300281253,0.12891545353556447,0.47636959701661863
4,4,Mature,Mature,0.16461873287905485,0.15504290117410668,0.12124377554340483,0.20118224909280844,0.3579123413106252
4,4,Mature,Mature,0.0942839819356293,0.15766949520348392,0.08700717476066341,0.2469664686940574,0.41407287940616594
4,4,Mature,Mature,0.1622823284607757,0.09777588340764497,0.15767790590487563,0.1949421185124486,0.38732176371425503
4,4,Mature,Mature,0.1289137176631396,0.11362938387531057,0.19396410098465872,0.17322440470252395,0.39026839277436726
4,4,Mature,Mature,0.11620424191559198,0.11425553913446256,0.16126145096793368,0.1011254616428737,0.507153306339138
4,4,Mature,Mature,0.1938309739639265,0.11072173522402008,0.10100633464486349,0.28540167423409957,0.3090392819330903
4,4,Mature,Mature,0.18571974769293711,0.1741263068525973,0.09505415959725898,0.19461640704411678,0.35048337881308994
4,4,Mature,Mature,0.14243273086795502,0.1555844115200158,0.12239526246639727,0.18473452799652076,0.39485306714911117
4,4,Mature,Mature,0.12050284345408381,0.11905711419019159,0.12136414036670393,0.25319253339789144,0.38588336859112926
4,4,Mature,Mature,0.16272870390706076,0.1383646958662189,0.15208602515394926,0.2542506844222879,0.29256989065048317
4,4,Mature,Mature,0.14993583051890935,0.12649194341062658,0.12819784037202708,0.2758924437782492,0.31948194192018775
4,4,Mature,Mature,0.1892742112649418,0.1575385207818883,0.12843279172631716,0.25073809415684634,0.27401638207000645
4,4,Mature,Mature,0.1645728092506468,0.13528836074034656,0.20791692685599075,0.16314413933027494,0.32907776382274107
4,4,Mature,Mature,0.13638224025450754,0.12274272551940778,0.15865480045940725,0.1555776523238125,0.4266425814428649
4,4,Mature,Mature,0.2961231197480616,0.1338086873180331,0.09514570342221132,0.14657465701477357,0.3283478324969205
4,4,Mature,Mature,0.18734970893972291,0.16060430256025915,0.1730650307919922,0.16495054352938524,0.31403041417864047
4,4,Mature,Mature,0.1327047176200146,0.13656029151714202,0.17849620414283857,0.18456720867590443,0.3676715780441005
4,4,Mature,Mature,0.1453280542260753,0.15285913967185935,0.1410859939362054,0.1664232670299385,0.3943035451359213
4,4,Mature,Mature,0.11888629994170985,0.10954192376797886,0.10748659767654993,0.17007626029266085,0.49400891832110055
4,4,Mature,Mature,0.18141941333274209,0.1531475288408662,0.2158283121132591,0.16068247459857352,0.28892227111455904
4,4,Mature,Mature,0.17719016977339064,0.18113416384788436,0.11930482237387562,0.16799658304350792,0.35437426096134145
4,4,Mature,Mature,0.15596134658820088,0.12970666960602323,0.19585725371921803,0.10301558604354255,0.41545914404301537
4,4,Mature,Mature,0.14535627341852814,0.14023581872893773,0.18241755095484005,0.2091029218089972,0.3228874350886969
4,4,Mature,Mature,0.17209949570618988,0.10425843679517002,0.16112919313076382,0.2382910861502488,0.3242217882176274
4,4,Mature,Mature,0.13680244674553954,0.11909262895235141,0.0957398583317855,0.16939033276921353,0.47897473320110995
4,4,Mature,Mature,0.14506591494590512,0.12745172474169453,0.1596077050461218,0.2024320503524845,0.36544260491379404
4,4,Mature,Mature,0.12588859114923517,0.17794047730506743,0.14041841379777065,0.13818543926782123,0.41756707848010555
4,4,Mature,Mature,0.2182867512142324,0.14449997717223328,0.13028646785483997,0.10980635154934654,0.39712045220934783
4,4,Mature,Mature,0.1715996909439724,0.14316349692177535,0.11296662831627988,0.15293687780826437,0.41933330600970803
4,4,Mature,Mature,0.17339007803413276,0.09788532131809251,0.14833269243177435,0.10778335738701628,0.4726085508289842
4,4,Mature,Mature,0.130872780405509,0.14815203486032333,0.08497439658997469,0.17249716159853476,0.4635036265456582
4,4,Mature,Mature,0.17011851890663862,0.16616333850230117,0.14470282498238402,0.14029929510058414,0.37871602250809194
4,4,Mature,Mature,0.14842445982029517,0.11853059777184596,0.12412345341223889,0.12046920040478648,0.48845228859083356
4,4,Mature,Mature,0.18286247233081576,0.14231117543313387,0.1280305119386167,0.2044750722716644,0.34232076802576933
4,4,Mature,Mature,0.16525624996020527,0.1493439075064454,0.19711095234090578,0.1261249027752193,0.3621639874172243
4,4,Mature,Mature,0.11067505773599665,0.14630416197806426,0.21724447400614588,0.1658679186193462,0.35990838766044697
4,4,Mature,Mature,0.1683011464016194,0.169529116988606,0.13753617175160296,0.19241237237932723,0.33222119247884446
4,4,Mature,Mature,0.19890929998524023,0.22863281589611584,0.1664665647641351,0.09918541917814178,0.3068059001763671
4,4,Mature,Mature,0.16126761718849814,0.1223853031124295,0.1912766954625981,0.19087613139319565,0.33419425284327864
4,4,Mature,Mature,0.16543279621191848,0.12871008858853347,0.16047683768283552,0.16671419214116545,0.378666085375547
4,4,Mature,Mature,0.2132709099855109,0.09080434580121921,0.08584477439926275,0.14413120729402268,0.46594876251998435
4,4,Mature,Mature,0.14999312473317455,0.16973121460771165,0.21328161432888876,0.18306477050649156,0.28392927582373345
4,4,Mature,Mature,0.09591265124050152,0.14642143569433808,0.156626265830138,0.20873420590112532,0.39230544133389705
4,4,Mature,Mature,0.16827108506777005,0.12744665181178444,0.11190396331012901,0.16370884718108966,0.4286694526292269
4,4,Mature,Mature,0.19175524099203492,0.15165453094229656,0.15980932797407252,0.16128792852161988,0.3354929715699762
4,0,Mature,Day 0,0.27198089003354475,0.14704786031272551,0.1782101939167872,0.15478547292647396,0.24797558281046864
4,4,Mature,Mature,0.12987703958654626,0.10003653631346102,0.11702489470209157,0.2267614640780038,0.4263000653198973
4,4,Mature,Mature,0.15506012464302618,0.1253480056802181,0.10657596227211207,0.18170521823789534,0.43131068916674825
4,4,Mature,Mature,0.1956867774471226,0.08722200735245904,0.11956243752709345,0.1532410198375519,0.44428775783577296
4,4,Mature,Mature,0.145190870317595,0.14052966076718756,0.16805126242403703,0.13931236854228565,0.4069158379488948
4,4,Mature,Mature,0.1287083534451114,0.10419806264507997,0.17158243048702215,0.2037283987308228,0.3917827546919638
4,4,Mature,Mature,0.05922357961163919,0.1641441812231044,0.14509406906404368,0.23286029678843612,0.39867787331277654
4,4,Mature,Mature,0.15023482516937378,0.12313377559532362,0.14523893168005422,0.20456116597728355,0.3768313015779649
4,4,Mature,Mature,0.10313599473017888,0.13281344477210905,0.16506658988279885,0.1767882204216053,0.42219575019330785
4,4,Mature,Mature,0.10535662824841314,0.12446557787364866,0.1881569973075647,0.26977604004774,0.31224475652263356
4,4,Mature,Mature,0.1748444723285629,0.12955441570230394,0.09359805542647603,0.14279695862673392,0.4592060979159232
4,4,Mature,Mature,0.127241798953062,0.13907190423813579,0.16092490406566173,0.20812689993533903,0.36463449280780136
4,4,Mature,Mature,0.0965327130000204,0.1288546124591267,0.1539765010713057,0.24002472281309215,0.38061145065645513
4,4,Mature,Mature,0.15952502677645308,0.14591671299404424,0.1459717202008361,0.21103440269464138,0.3375521373340252
4,4,Mature,Mature,0.1372947925956469,0.15045831648696634,0.13785323050198825,0.20919926827387997,0.36519439214151844
4,4,Mature,Mature,0.16439683357866455,0.14681796959345542,0.16711233084450236,0.16235801578553974,0.3593148501978379
4,4,Mature,Mature,0.13861016896730569,0.13673714838937392,0.1380501301372349,0.24638236651627712,0.3402201859898084
4,4,Mature,Mature,0.16974841389320058,0.1154860357859602,0.19126559952936567,0.1513805382782239,0.3721194125132497
4,4,Mature,Mature,0.14362031327544342,0.1606700459273801,0.14041551451785,0.15718086537605871,0.3981132609032678
4,4,Mature,Mature,0.1265035023876981,0.10026111540210872,0.11399195643504308,0.21201628092501099,0.44722714485013915
4,4,Mature,Mature,0.13878768462220942,0.13374430767436926,0.14608371522410857,0.1634220840598257,0.41796220841948717
4,4,Mature,Mature,0.1327138831574492,0.13673132825203754,0.20070233962057807,0.1824643576846698,0.3473880912852655
4,4,Mature,Mature,0.18670198070090513,0.18077353466382556,0.13315377678732346,0.13877903241014022,0.3605916754378055
4,4,Mature,Mature,0.1892395387799542,0.14820441789779343,0.15047265325476877,0.15325070757719092,0.3588326824902926
4,4,Mature,Mature,0.16917971023238648,0.11180959041171719,0.20137481838561572,0.16042551595500615,0.3572103650152745
4,4,Mature,Mature,0.11457340446670743,0.14958674657576398,0.14726104352401634,0.1801554109845227,0.4084233944489895
4,4,Mature,Mature,0.13219992348636986,0.10176570748856371,0.10981984151200201,0.17325259071935245,0.482961936793712
4,4,Mature,Mature,0.12246260844341753,0.12945955718947208,0.1345861181496818,0.19373971719865543,0.41975199901877314
4,4,Mature,Mature,0.2014657904301378,0.20859999664659984,0.12944457328293876,0.16109771594202316,0.29939192369830037
4,4,Mature,Mature,0.13051443652293201,0.13299488499429812,0.16631843559491136,0.2259024752393119,0.3442697676485467
4,4,Mature,Mature,0.10493852343208925,0.1008659393448172,0.1755129825546019,0.17603366046612579,0.442648894202366
4,4,Mature,Mature,0.1579313881572194,0.13542776267045117,0.16286924944473735,0.15212803018333013,0.391643569544262
4,4,Mature,Mature,0.11126163674776245,0.12942734993193822,0.1373589450641449,0.16748055158556635,0.4544715166705881
4,4,Mature,Mature,0.14598205754596796,0.11215518809567768,0.19083322215107815,0.1892262278676084,0.3618033043396679
4,4,Mature,Mature,0.1479972040148361,0.18653569027818764,0.16130697289483514,0.1755058088271161,0.328654323985025
4,4,Mature,Mature,0.1652153686567385,0.10562144086527941,0.17657611060086625,0.14548411493348218,0.4071029649436336
4,4,Mature,Mature,0.15402371531950915,0.13242653135461224,0.12506223293479238,0.1689597234450349,0.4195277969460514
4,4,Mature,Mature,0.08876579623741186,0.17250369382015918,0.116565201496917,0.14349473323632705,0.47867057520918493
4,4,Mature,Mature,0.1464329939889259,0.14994831847677972,0.14011311594977316,0.19405519810918345,0.3694503734753377
4,4,Mature,Mature,0.21775244508202893,0.10474251695351855,0.14845739290523047,0.1775983222951248,0.3514493227640972
4,4,Mature,Mature,0.19095275777999515,0.14322839429728698,0.09367263637432244,0.22633880007816587,0.34580741147022953
4,4,Mature,Mature,0.12209610146448684,0.17521506605091786,0.14619619898233763,0.23049168664337708,0.32600094685888065
4,4,Mature,Mature,0.10095945142454266,0.1353011297533704,0.10031312328517693,0.24378901809745943,0.41963727743945056
4,4,Mature,Mature,0.1853932366925875,0.17115178039343332,0.16048159459709846,0.1442787429061762,0.3386946454107046
4,4,Mature,Mature,0.09289561872888541,0.15453465236786276,0.16837830707539728,0.18478466975255609,0.3994067520752985
4,4,Mature,Mature,0.1415948829695135,0.15354681430268868,0.20646852518862305,0.2390326438736502,0.25935713366552465
4,4,Mature,Mature,0.16479959197101882,0.10826564920408319,0.16699731249768043,0.18846592745751475,0.3714715188697028
4,4,Mature,Mature,0.12891530893614384,0.19717586529652104,0.15346307377874346,0.12268028344177068,0.39776546854682093
4,4,Mature,Mature,0.15844659923327395,0.11206526992221395,0.17449202930458593,0.1722175200140166,0.38277858152590954
4,4,Mature,Mature,0.1734156807660982,0.14193656481470565,0.18666550913730412,0.2417723738283293,0.25620987145356267
4,4,Mature,Mature,0.18694070818940853,0.11776379733068892,0.14997844496949336,0.18366926937930395,0.3616477801311054
4,4,Mature,Mature,0.18549255944652315,0.13020653135854598,0.1434097536923498,0.1295153740954817,0.4113757814070994
4,4,Mature,Mature,0.14332738815185941,0.1679311513771643,0.16259879019393597,0.14474306719932872,0.38139960307771154
4,4,Mature,Mature,0.1539057033343927,0.17316722323661948,0.16892875369342916,0.21575552040574242,0.2882427993298163
4,4,Mature,Mature,0.13929320360499678,0.12601691470547732,0.15602983911364296,0.17797773596265978,0.4006823066132231
4,4,Mature,Mature,0.13682789315657992,0.1315948545586788,0.12015981695637182,0.2104027086845457,0.40101472664382387
4,4,Mature,Mature,0.13876549188455622,0.1170965462625996,0.10837175465201032,0.236947614420389,0.3988185927804449
4,4,Mature,Mature,0.0931788953017734,0.15532894340909179,0.1705780603190243,0.16370428233468615,0.41720981863542433
4,4,Mature,Mature,0.13106195069141593,0.08665677388411328,0.13821541826916003,0.1555411216689042,0.4885247354864067
4,4,Mature,Mature,0.1790547831109248,0.10294658548682216,0.20085909608796407,0.14657967343294614,0.370559861881343
4,4,Mature,Mature,0.15646173050137666,0.17081394404335465,0.16998219202967443,0.1553502341480737,0.34739189927752057
4,4,Mature,Mature,0.1172083835336903,0.1390560054605761,0.19850375675705298,0.177941530074415,0.36729032417426566
4,4,Mature,Mature,0.16308709514633743,0.09813045992487218,0.11393524130692353,0.23909031258752492,0.385756891034342
4,4,Mature,Mature,0.0852649578330866,0.13182307898621404,0.12768233205802626,0.18151003138551264,0.47371959973716055
4,4,Mature,Mature,0.13142811596425547,0.13137734997124473,0.14245503633644263,0.23034944602039634,0.36439005170766087
4,4,Mature,Mature,0.13369621882687222,0.09842536545544504,0.19822613977707948,0.25068288983814285,0.3189693861024604
4,4,Mature,Mature,0.12878966966762895,0.14737052555430197,0.19732257410519094,0.17946264644783505,0.34705458422504304
4,4,Mature,Mature,0.11942210415750136,0.12909059722303887,0.17961828780885736,0.1714310478404207,0.4004379629701818
4,4,Mature,Mature,0.1257696208023123,0.1077970908522103,0.11104184092378039,0.2501565376206315,0.4052349098010654
4,4,Mature,Mature,0.17563030362242926,0.12857994056180264,0.1089037086911091,0.19427112421580797,0.39261492290885097
4,4,Mature,Mature,0.1506049213330098,0.1364579868565608,0.07407502384801865,0.25347016530645045,0.3853919026559603
4,4,Mature,Mature,0.1513590190901852,0.13316471576018155,0.14847011902826307,0.14088391688190763,0.42612222923946264
4,4,Mature,Mature,0.10363558173608693,0.14065485921148266,0.1623371331041683,0.15576308613226747,0.4376093398159946
4,4,Mature,Mature,0.11385252246750317,0.11025222562882767,0.15390811929024237,0.1994782583260358,0.422508874287391
4,4,Mature,Mature,0.20337951456755388,0.1532503214509318,0.17585567274152572,0.14959762658626066,0.3179168646537279
4,4,Mature,Mature,0.1915690453913136,0.1487992445039656,0.14316537587651582,0.17434429821237066,0.3421220360158342
4,4,Mature,Mature,0.1400247877992606,0.11973123450745858,0.16581725758313637,0.1902800441889779,0.3841466759211666
4,4,Mature,Mature,0.13065158839218294,0.14448234083271333,0.1413522421555014,0.19858863768876736,0.38492519093083494
4,4,Mature,Mature,0.10911775697088384,0.10342580609481532,0.11962222360836287,0.20769680793939094,0.46013740538654707
4,4,Mature,Mature,0.16622202062423763,0.15884280729448508,0.20213569360110606,0.18623054875583508,0.28656892972433623
4,4,Mature,Mature,0.14462812577746992,0.13228497131614914,0.16240453089763526,0.20148239250158936,0.35919997950715626
4,4,Mature,Mature,0.19572677156012874,0.09905276526508663,0.19384738877007837,0.22179763299786825,0.28957544140683794
4,4,Mature,Mature,0.11412185490550872,0.13943475728394314,0.10170106136278548,0.19824085922810344,0.4465014672196592
4,4,Mature,Mature,0.15756114074434577,0.12577516556858745,0.09979627123152765,0.15515569594463016,0.46171172651090897
4,4,Mature,Mature,0.10862439535538895,0.11034392384733299,0.1412208826403077,0.22222447258197367,0.4175863255749967
4,4,Mature,Mature,0.0893446417368731,0.06880986283915845,0.19594805545342928,0.23477569300720275,0.4111217469633363
4,4,Mature,Mature,0.10800319562111968,0.1738017383943641,0.1438163106037367,0.16455900105764057,0.40981975432313905
4,4,Mature,Mature,0.14438074640627147,0.0979845938909239,0.12645127366980283,0.18564953670197998,0.4455338493310218
4,4,Mature,Mature,0.1421807551593637,0.15973602982602061,0.12554201111524782,0.1641631407046697,0.4083780631946982
4,4,Mature,Mature,0.17118273632292982,0.21785916740379532,0.17686034972103123,0.19716698077608882,0.23693076577615477
4,4,Mature,Mature,0.19468728389107848,0.1688088477785681,0.19046449535798146,0.11604148158150336,0.32999789139086855
4,4,Mature,Mature,0.14626035040855465,0.14079181288318815,0.13798258097335525,0.16711084370521417,0.40785441202968775
4,4,Mature,Mature,0.0837657796681354,0.18843595253892662,0.14815571320555548,0.15066753913303085,0.4289750154543516
4,4,Mature,Mature,0.09496914087634899,0.10957319672257347,0.1314500127129768,0.22079669561130483,0.44321095407679584
4,4,Mature,Mature,0.1463581177991627,0.11093458869250962,0.15043296677537824,0.2380785889336496,0.35419573779929986
4,4,Mature,Mature,0.1224468155510534,0.14029881613889422,0.14521865232691591,0.16648556989407134,0.425550146089065
4,4,Mature,Mature,0.1617567112264232,0.11730965642206768,0.14821971535974007,0.1331369503471024,0.4395769666446666
4,4,Mature,Mature,0.15069717361489066,0.15167073275915952,0.11150754833869998,0.23436449667419268,0.35176004861305715
4,0,Mature,Day 0,0.27472553896261864,0.20009592245548533,0.1412219345051489,0.17274091892814628,0.21121568514860087
4,4,Mature,Mature,0.126245236744377,0.14547956527003597,0.14253865599363477,0.16524819832762044,0.42048834366433185
4,4,Mature,Mature,0.10858382044077464,0.14269861853371887,0.15543486801939863,0.17782954327587344,0.4154531497302345
4,4,Mature,Mature,0.1737315636653595,0.11868394011036454,0.14360824056396615,0.21876277568865493,0.3452134799716549
4,4,Mature,Mature,0.14782925223772636,0.13249738226920513,0.1906284808981639,0.15421404007588088,0.37483084451902365
4,4,Mature,Mature,0.12705779927769725,0.10280063959314785,0.15504620051584755,0.14089076546834578,0.47420459514496155
4,4,Mature,Mature,0.08296092362658003,0.14980432103448904,0.14251161242269683,0.13841234928459983,0.48631079363163426
4,4,Mature,Mature,0.1406265385368987,0.1527836248805238,0.11941136141933877,0.20387999533441867,0.38329847982882
4,4,Mature,Mature,0.12037056021273536,0.1308470144713097,0.14792580000579644,0.18172256038371237,0.41913406492644617
4,4,Mature,Mature,0.10483029779160338,0.09595774844161735,0.14350306443054492,0.1652746555239185,0.49043423381231577
4,4,Mature,Mature,0.1983336195791747,0.12396889342750274,0.1443775299194149,0.1168472565213695,0.41647270055253827
4,4,Mature,Mature,0.11302590810684263,0.10952279883420038,0.11492387178319056,0.12113398250216412,0.5413934387736024
4,4,Mature,Mature,0.13292728139889964,0.10543779349659238,0.12756564383322486,0.29012361908824885,0.3439456621830343
4,4,Mature,Mature,0.1545026402761139,0.15759228856729512,0.19404773286861243,0.0926598049944328,0.40119753329354574
4,4,Mature,Mature,0.14494656775678572,0.15068382464878416,0.1658511432175203,0.18201337996799977,0.35650508440891
4,4,Mature,Mature,0.16256818939161732,0.13146328327796628,0.09964395496982119,0.14623524942594554,0.4600893229346497
4,4,Mature,Mature,0.16112075467971526,0.12661599793782413,0.15525934249296766,0.14925257903824687,0.407751325851246
4,4,Mature,Mature,0.12831668435768964,0.13006889082090511,0.12388019885442535,0.18489175232700686,0.432842473639973
4,4,Mature,Mature,0.19045800398209872,0.163402568064306,0.15505895628190744,0.147442618544903,0.34363785312678485
4,4,Mature,Mature,0.14799866506374265,0.1256073013535194,0.18608312381085831,0.16645826585402104,0.3738526439178586
4,4,Mature,Mature,0.13949732976003645,0.15212890767612447,0.11478556441741282,0.14078613919154412,0.45280205895488224
4,4,Mature,Mature,0.14968319082071221,0.14969334545109278,0.1816221597576973,0.11225415536021532,0.40674714861028244
4,2,Mature,Day 56,0.13887196996696646,0.10735564270212064,0.29196601758187624,0.17619654338655913,0.2856098263624775
4,4,Mature,Mature,0.1336366788415479,0.12970276030507946,0.15441056332404962,0.18136820456796163,0.4008817929613614
4,4,Mature,Mature,0.12787331723917558,0.17858247400726354,0.1908143990478608,0.1701684850364499,0.33256132466925026
4,4,Mature,Mature,0.1547788966193864,0.18822289281814653,0.190984362418125,0.1935101563657946,0.2725036917785475
4,4,Mature,Mature,0.12620226140409418,0.13866641678308864,0.1086388530305163,0.15741648568119995,0.46907598310110105
4,4,Mature,Mature,0.11653547964522798,0.1053861442584263,0.13909895879031375,0.14743316787023783,0.49154624943579417
4,4,Mature,Mature,0.11469994481839232,0.18196426935841473,0.09644218710692799,0.20592897235438468,0.4009646263618803
4,4,Mature,Mature,0.11417117892418377,0.17547317927641123,0.16587178059578087,0.15185703931680475,0.3926268218868194
4,4,Mature,Mature,0.15594538119206897,0.18826890592641893,0.182175063088185,0.18568216824009645,0.28792848155323064
4,4,Mature,Mature,0.15144412759731535,0.10559800053240193,0.1120192124186641,0.169379168020649,0.4615594914309697
4,4,Mature,Mature,0.16804088629258732,0.15832680390068934,0.1618486918977124,0.15054777529537117,0.36123584261363983
4,4,Mature,Mature,0.19309804399778685,0.1907971153959848,0.10334361067494242,0.1659184133204355,0.3468428166108504
4,4,Mature,Mature,0.16410793741197935,0.12780822784332732,0.16134305414499794,0.17716296574310153,0.36957781485659386
4,4,Mature,Mature,0.13290509052192767,0.13024787861839932,0.12457955803601264,0.20241323561482627,0.409854237208834
4,4,Mature,Mature,0.10493175915731671,0.17110879404733217,0.11877061427007629,0.21761515774362808,0.3875736747816468
4,4,Mature,Mature,0.09983779427469702,0.16803380848238542,0.1717131023547342,0.18801458546194375,0.37240070942623965
4,4,Mature,Mature,0.15045807365729996,0.12980669750359813,0.14418478075025276,0.22061973116005265,0.3549307169287964
4,4,Mature,Mature,0.1715843169840946,0.13610902437469719,0.14048798672608906,0.12975510562300532,0.4220635662921137
4,4,Mature,Mature,0.07572297672025277,0.13661775726532333,0.1625697149435229,0.2201128388883727,0.4049767121825283
4,4,Mature,Mature,0.18107118586979154,0.09747285599664912,0.16814939754230085,0.12701248794171502,0.4262940726495434
4,4,Mature,Mature,0.1453437941970281,0.19591692625212292,0.16843123441233407,0.17854600719192923,0.3117620379465857
4,4,Mature,Mature,0.13379128891534753,0.13392761945163587,0.17727676868388736,0.1292239332664817,0.42578038968264736
4,4,Mature,Mature,0.1266599893305726,0.16121534204317223,0.17607576184661472,0.10541199462908558,0.4306369121505549
4,4,Mature,Mature,0.12027256333262612,0.09290750835931084,0.11768943438964975,0.3216292234820602,0.3475012704363531
4,4,Mature,Mature,0.2002587323737111,0.15010373185398437,0.11072061346539266,0.1367684977841548,0.40214842452275706
4,4,Mature,Mature,0.12999859018304988,0.09909792624551987,0.08465623394355731,0.3211230749556455,0.3651241746722275
4,4,Mature,Mature,0.13817553801477497,0.1471587246177066,0.14354050516413733,0.18001853242170707,0.3911066997816739
4,4,Mature,Mature,0.13172815610783742,0.09987936671320695,0.13311433934642708,0.1408586108105825,0.49441952702194597
4,4,Mature,Mature,0.17060278359486838,0.12860057932246913,0.09897539856659675,0.11129571071321198,0.4905255278028539
4,4,Mature,Mature,0.16360430400548467,0.13374475907677738,0.1381938548358488,0.15222982211062652,0.4122272599712627
4,4,Mature,Mature,0.08887527779016433,0.11488874555059787,0.1356458791736556,0.2457518231560703,0.4148382743295119
4,4,Mature,Mature,0.14276492987722406,0.13890588128678746,0.18814492703447147,0.22205646537367907,0.30812779642783794
4,4,Mature,Mature,0.13981231233317182,0.12889276425373866,0.15038788347676532,0.16334350816339177,0.4175635317729324
4,4,Mature,Mature,0.12898324841634815,0.12916950765523746,0.15943662921830015,0.2216027503987847,0.3608078643113295
4,4,Mature,Mature,0.16413791184433488,0.11317649361420708,0.17061028818450302,0.19622757680022143,0.3558477295567335
4,4,Mature,Mature,0.14257822744252965,0.1151841753876877,0.10318393882642003,0.16173208428108798,0.47732157406227466
4,4,Mature,Mature,0.11259723091674276,0.13944364834854284,0.14963369477351426,0.13163117461280197,0.46669425134839826
4,4,Mature,Mature,0.07662429742218466,0.10870889617269244,0.12350859740257213,0.14184680064588798,0.5493114083566629
4,4,Mature,Mature,0.14972075122992176,0.1476258507608341,0.16372070365584707,0.12842130045287312,0.4105113939005239
4,4,Mature,Mature,0.1768963295782966,0.13448557558665158,0.11468635620857404,0.24289484503908307,0.33103689358739474
4,4,Mature,Mature,0.15863516424543692,0.11143837778151432,0.1305066754883846,0.18481180755944887,0.4146079749252153
4,4,Mature,Mature,0.18072609099047346,0.14357647816705119,0.17603456861166702,0.17199480458513433,0.3276680576456741
4,4,Mature,Mature,0.13613780787458402,0.08849464279877166,0.18404868701394342,0.11864944219868345,0.47266942011401747
4,4,Mature,Mature,0.11534255149463213,0.14858315959513999,0.15581338693660007,0.15407925337863576,0.4261816485949921
4,4,Mature,Mature,0.16490406186942627,0.09064761126632379,0.15670659417058708,0.13145454781422997,0.456287184879433
4,4,Mature,Mature,0.10473838542804395,0.09986342603566202,0.2008337386276602,0.2101522160610807,0.38441223384755324
4,4,Mature,Mature,0.15324181387121544,0.13355317071872289,0.17064611914360142,0.14451289786955884,0.3980459983969013
4,4,Mature,Mature,0.13000485350258636,0.12044785838493052,0.1411433092786546,0.138587560887029,0.4698164179467996
4,4,Mature,Mature,0.12268995512066738,0.1488611968789766,0.18715466910447084,0.13509207892238076,0.40620209997350437
4,4,Mature,Mature,0.15659436745549798,0.12264641730408755,0.1597078933617725,0.19030413400722945,0.3707471878714124
4,4,Mature,Mature,0.12449053686760807,0.11091555092379647,0.13589256562577104,0.13062288247273068,0.4980784641100937
4,4,Mature,Mature,0.09510791998940775,0.20454925903793028,0.1705926334590182,0.14597780126514928,0.3837723862484945
4,4,Mature,Mature,0.08862840435062831,0.2221366409069648,0.11491209733502598,0.14662476321474724,0.42769809419263366
4,4,Mature,Mature,0.19632797514597242,0.13103721503795293,0.18315290463169198,0.17870482624413314,0.31077707894024953
4,4,Mature,Mature,0.14613809389697327,0.17830336841493535,0.1334613929900032,0.16980679355496633,0.37229035114312176
4,4,Mature,Mature,0.22902078613192578,0.13524498341620378,0.10388372238352361,0.13411180089688754,0.39773870717145937
4,4,Mature,Mature,0.124842076059072,0.16031179922006053,0.14495686084804066,0.20019263140240603,0.3696966324704208
4,4,Mature,Mature,0.1767615242443621,0.12074063934160942,0.10622535022753148,0.2674183224534019,0.3288541637330951
4,3,Mature,Day 84,0.11816907426778071,0.11672373841502853,0.25415308475120635,0.261248794024537,0.24970530854144746
4,4,Mature,Mature,0.10240846881261326,0.18586894817278013,0.12257730175047205,0.16646148294090904,0.4226837983232256
4,4,Mature,Mature,0.13992820803580996,0.12858596998276184,0.13745403966606995,0.1938828772907005,0.40014890502465766
4,4,Mature,Mature,0.1387019376188953,0.1903293952932681,0.07196734729910326,0.1865898079766814,0.412411511812052
4,4,Mature,Mature,0.1621457770915961,0.1181286043130535,0.1331552772028593,0.18804374708779587,0.39852659430469517
4,4,Mature,Mature,0.11728657846225664,0.1286567538499381,0.18844677700102969,0.0851653133254604,0.4804445773613151
4,4,Mature,Mature,0.19604293922151417,0.17320487450896938,0.16083095369645362,0.14600383424356247,0.3239173983295003
4,4,Mature,Mature,0.13333595520481825,0.2099550385175082,0.13473497438202633,0.18364013789818062,0.3383338939974665
4,4,Mature,Mature,0.198962696028961,0.13940345441417065,0.16333980569458975,0.1244171566037317,0.3738768872585469
4,4,Mature,Mature,0.1690462347021172,0.11977575371025317,0.2791020116671521,0.11620537124423946,0.3158706286762381
4,4,Mature,Mature,0.17155372160583088,0.15127126588276263,0.13511169524847913,0.15638064263680254,0.3856826746261248
4,4,Mature,Mature,0.12947658065247372,0.208593983694328,0.143505245482962,0.2196776349945308,0.2987465551757055
4,4,Mature,Mature,0.17374277158662335,0.06799238679885751,0.1277866638529869,0.2205458510782548,0.40993232668327745
4,4,Mature,Mature,0.2089962579769348,0.18871581418682942,0.1274912142981316,0.14335622218906277,0.3314404913490414
4,4,Mature,Mature,0.15262678088923815,0.12790742874311614,0.19842850235361037,0.14198546559578618,0.3790518224182491
4,4,Mature,Mature,0.1496287786297642,0.08508257913276777,0.18851123301947662,0.17312347556699892,0.4036539336509926
4,4,Mature,Mature,0.10998256863268267,0.14546886534975295,0.17292973848034945,0.14951748746961316,0.4221013400676017
4,4,Mature,Mature,0.11208034723513284,0.13885939413760034,0.12096160240801365,0.15109540839460925,0.4770032478246438
4,4,Mature,Mature,0.16954884170288667,0.1265647966964435,0.13059841321853116,0.2857392430883536,0.2875487052937851
4,4,Mature,Mature,0.11826434254792038,0.13203690366360082,0.11257032962440494,0.2524088946134619,0.3847195295506119
4,4,Mature,Mature,0.16116951263190327,0.18765820395065755,0.1296297853968848,0.19166837753106233,0.329874120489492
4,4,Mature,Mature,0.24985339974876752,0.1699857780332392,0.13880191753152074,0.13662847419756663,0.3047304304889058
4,4,Mature,Mature,0.13103714241179906,0.21376009108052044,0.10894074198754093,0.17181218210080712,0.3744498424193325
4,4,Mature,Mature,0.13762330471870934,0.13275997722349936,0.14030636590476192,0.20735378996152803,0.38195656219150137
4,4,Mature,Mature,0.16792250493538263,0.07306397074048819,0.16651838825228155,0.11658961712997654,0.47590551894187116
4,4,Mature,Mature,0.1924869201409659,0.10668267923242239,0.13158910719877198,0.13762048389512754,0.4316208095327121
4,4,Mature,Mature,0.12129281932533313,0.17001164938009225,0.1330220188278144,0.1479399383548256,0.42773357411193463
4,4,Mature,Mature,0.17755506162141332,0.0949618050550314,0.15289810116729752,0.16920290573438784,0.40538212642186994
4,4,Mature,Mature,0.1402615587980398,0.11102677696874197,0.1495111513863021,0.12976700923105192,0.4694335036158643
4,4,Mature,Mature,0.17390041729668676,0.16181097160071786,0.16694686153319044,0.24101978167107418,0.2563219678983308
4,4,Mature,Mature,0.12239907310133222,0.1611500956035728,0.16005507604018246,0.16036743859477975,0.39602831666013283
4,4,Mature,Mature,0.14581301150827256,0.10592306473660637,0.15455091709133953,0.1466815629193625,0.44703144374441905
4,4,Mature,Mature,0.10977828836185316,0.15870164689966756,0.18815008359466065,0.1781025321116401,0.36526744903217856
4,4,Mature,Mature,0.19191689392063216,0.18778225209166546,0.13896042384061497,0.22355403078604402,0.25778639936104336
4,4,Mature,Mature,0.10562298170509918,0.1311375957897112,0.24612800388135875,0.12941319585006594,0.3876982227737649
4,4,Mature,Mature,0.15066616054974927,0.12789752539040758,0.13757971141892594,0.17836371594227748,0.40549288669863987
4,4,Mature,Mature,0.1047072940277618,0.14689228787494701,0.1894483730621057,0.2127768824750017,0.34617516256018377
4,4,Mature,Mature,0.11112708484062479,0.13363252238718437,0.21659926098405163,0.20494936334534333,0.3336917684427959
4,4,Mature,Mature,0.15505264552039652,0.13400457192860254,0.13240131491170656,0.1755120787697201,0.40302938886957435
4,4,Mature,Mature,0.11138468724897263,0.17531873291473007,0.20892934186681167,0.13540358073188577,0.3689636572375999
4,4,Mature,Mature,0.1895651259189538,0.12392045866398071,0.1087461232770542,0.1556867746653028,0.4220815174747084
4,4,Mature,Mature,0.14874842120921006,0.18231513330144325,0.12081332390955099,0.138400030769399,0.4097230908103967
4,4,Mature,Mature,0.13205971899100902,0.13829689034199658,0.20823912112287724,0.15970175052879124,0.3617025190153259
4,4,Mature,Mature,0.11164812503434127,0.1605090653171182,0.12617311103446766,0.16668782747849867,0.4349818711355743
4,4,Mature,Mature,0.20010567088200196,0.1123890935065276,0.09511784736875442,0.17491169466029233,0.4174756935824237
4,4,Mature,Mature,0.1385440402533424,0.17098456228983053,0.15077098258421623,0.13549286316019096,0.40420755171241984
4,4,Mature,Mature,0.16140505097700636,0.20787344031853505,0.15874956124764697,0.20109836448706764,0.270873582969744
4,4,Mature,Mature,0.10560647674405017,0.14820274048598375,0.19810059554263187,0.14941388829069824,0.3986762989366359
4,4,Mature,Mature,0.16219864853096705,0.09506222724204953,0.18138607967689602,0.21672860994781282,0.3446244346022745
4,4,Mature,Mature,0.12095463552658475,0.1337518198929584,0.10573522597110695,0.1351274947520661,0.5044308238572838
4,4,Mature,Mature,0.16336793272220482,0.15332892042778445,0.18653566836635524,0.170403298144784,0.32636418033887143
4,4,Mature,Mature,0.13609943437073363,0.13108137416028923,0.1525582516930174,0.1739037310708407,0.40635720870511904
4,4,Mature,Mature,0.13806568910613137,0.12609099734850926,0.13878025256944496,0.13829374380876752,0.4587693171671468
4,4,Mature,Mature,0.23159505536746738,0.11328511433104263,0.1387582117682336,0.15385441712096384,0.3625072014122926
4,4,Mature,Mature,0.13761205243045185,0.15245184509668758,0.10213375519845157,0.22719278367921664,0.3806095635951924
4,4,Mature,Mature,0.11786885254408483,0.08961702196979804,0.12770289823636305,0.1725905750796548,0.49222065217009914
4,4,Mature,Mature,0.13017756959887328,0.07298140751772646,0.09991597375857664,0.13272015488653685,0.5642048942382869
4,4,Mature,Mature,0.11742831041355854,0.1482903992999096,0.13729930618227076,0.1400349529515165,0.4569470311527446
4,4,Mature,Mature,0.16067557360394064,0.15709253160622566,0.15641369247664547,0.13855579820010722,0.38726240411308094
4,4,Mature,Mature,0.14954010158399886,0.13828111898605708,0.12332123975551829,0.14352177756415624,0.4453357621102696
4,4,Mature,Mature,0.23767308538130033,0.13991159818218477,0.12007921568161009,0.12816282042830257,0.3741732803266022
4,4,Mature,Mature,0.22697297086785612,0.12081064685348711,0.1727134165818768,0.14623491424871557,0.3332680514480643
4,4,Mature,Mature,0.15786766208309944,0.11106526836879078,0.11572306971295758,0.23627125263625093,0.3790727471989013
4,4,Mature,Mature,0.13540934956287326,0.13025855028198322,0.12788739351148956,0.22234424315220463,0.38410046349144933
4,4,Mature,Mature,0.1820036659784821,0.10989732398631126,0.13435902757255636,0.13699240835137505,0.4367475741112753
4,4,Mature,Mature,0.0851702449954567,0.13445170520144473,0.07842822317463466,0.14483520933494176,0.5571146172935221
4,4,Mature,Mature,0.19004414247612128,0.14575985641694858,0.11629307018429978,0.21300769176459872,0.3348952391580316
4,4,Mature,Mature,0.16213296045532458,0.11735011683027975,0.13046085374472507,0.15220545719256903,0.4378506117771016
4,4,Mature,Mature,0.1490618011749774,0.20105702782538498,0.16304234695862932,0.08536860011589452,0.4014702239251138
4,4,Mature,Mature,0.11551566219611287,0.12430479495743657,0.13633442949112362,0.15917972885336007,0.4646653845019669
4,3,Mature,Day 84,0.15162220296498446,0.10069604598615466,0.16007214324790883,0.30151953557972994,0.2860900722212221
4,4,Mature,Mature,0.16130535051268924,0.09279022798758145,0.16377956508970906,0.2380070902717028,0.34411776613831735
4,4,Mature,Mature,0.11245578320754662,0.13049005747885595,0.2022205617412149,0.20111082730824353,0.35372277026413906
4,4,Mature,Mature,0.11676376678484189,0.14294956810454196,0.1336334611134583,0.2144708542688324,0.39218234972832555
4,4,Mature,Mature,0.16037359851713834,0.1903755073376893,0.16240532114453118,0.1496777729130863,0.3371678000875548
4,4,Mature,Mature,0.08914012692117908,0.12260678270132132,0.1386279052782223,0.1614948541094087,0.4881303309898686
4,4,Mature,Mature,0.16618621531977085,0.1379048657951544,0.13524045946224067,0.15227875639713917,0.40838970302569505
4,4,Mature,Mature,0.17625062601931837,0.12200603109227376,0.18209515571492954,0.17306481760491957,0.34658336956855873
4,4,Mature,Mature,0.16975987939571308,0.11992144484367655,0.17380493969917687,0.1821716826356551,0.3543420534257784
4,4,Mature,Mature,0.1522295428982187,0.14715981332861858,0.17929509685033485,0.20248847983636406,0.3188270670864639
4,4,Mature,Mature,0.09977096126253798,0.21863378111472273,0.09542984420747669,0.19339858840143698,0.3927668250138256
4,4,Mature,Mature,0.10406894306999673,0.1275511069839862,0.1364547660532467,0.22350291286213292,0.4084222710306375
4,4,Mature,Mature,0.15151125704733084,0.09052366139887116,0.24442358396112807,0.14304434086959522,0.37049715672307465
4,4,Mature,Mature,0.1241029031148155,0.11956912592640251,0.1559761549441027,0.22882375900003668,0.3715280570146427
4,4,Mature,Mature,0.15704989271247854,0.14026600453645333,0.17397782112493854,0.1404214614768033,0.3882848201493262
4,4,Mature,Mature,0.1614335723762025,0.1544178568984972,0.10949126374319543,0.14023435646348859,0.4344229505186162
4,4,Mature,Mature,0.10046855540467789,0.19132434231579185,0.13995414938863787,0.17351747090110042,0.394735481989792
4,4,Mature,Mature,0.1148776651270155,0.1305978488783154,0.1670789712620454,0.2171362162941965,0.37030929843842725
4,4,Mature,Mature,0.1416073331326035,0.11648882872855754,0.14937331078643132,0.22436836554947906,0.36816216180292854
4,4,Mature,Mature,0.17108912307169558,0.14629333440223147,0.10243867306721172,0.1270885230706057,0.45309034638825546
4,4,Mature,Mature,0.12491328650521169,0.13339299681394215,0.18767526522497166,0.17682537151812078,0.37719307993775364
4,4,Mature,Mature,0.13805282166459074,0.10800743336472302,0.13584987848720476,0.128580554451102,0.48950931203237963
4,4,Mature,Mature,0.1459604167180019,0.13206092817827936,0.16481315782981446,0.08470536887430713,0.47246012839959717
4,4,Mature,Mature,0.10354555925438283,0.13453056491015974,0.1327898078536687,0.19440110643551115,0.43473296154627766
4,4,Mature,Mature,0.18214467010354424,0.11205479189888239,0.16037592997666233,0.16323861282537372,0.3821859951955375
4,4,Mature,Mature,0.12977360530691556,0.14909762196731788,0.211008936061573,0.21156415371161819,0.29855568295257534
4,4,Mature,Mature,0.14460976544022494,0.22869907519706997,0.1561618455735868,0.16077285107969344,0.30975646270942475
4,4,Mature,Mature,0.1629095823841842,0.11847431776619298,0.15636720624743825,0.14706769558420685,0.4151811980179778
4,4,Mature,Mature,0.14603839817390452,0.15106236460965766,0.12020852539930088,0.13312343618800745,0.4495672756291295
4,4,Mature,Mature,0.12575949207298043,0.1316557350980314,0.12165163499575624,0.18907513476804483,0.43185800306518696
4,4,Mature,Mature,0.14171290428086214,0.16864060321115812,0.19515108748075638,0.1496158638913309,0.34487954113589253
4,4,Mature,Mature,0.13010327561827492,0.09168964709231962,0.13431193187559626,0.12846061710631218,0.5154345283074969
4,4,Mature,Mature,0.1355502668082586,0.1340593255534581,0.11312948013374491,0.2069007592259018,0.41036016827863664
4,4,Mature,Mature,0.1202349159428475,0.16254522459012213,0.22863287810879715,0.16594151485263473,0.3226454665055985
4,4,Mature,Mature,0.17154693123241255,0.15561205150399596,0.12715549829016146,0.1185026123693771,0.427182906604053
4,4,Mature,Mature,0.15621122768010945,0.20947879658506632,0.13059543384874328,0.2327666586106091,0.2709478832754719
4,4,Mature,Mature,0.1591785895260348,0.17598911651635746,0.13603961545401402,0.19009937041804412,0.33869330808554965
4,4,Mature,Mature,0.15806735566875504,0.13658675781094895,0.13877221077180887,0.2351604394039095,0.3314132363445776
4,4,Mature,Mature,0.1192679144370267,0.1319475607221315,0.1400075784616859,0.16714197408827497,0.44163497229088094
4,4,Mature,Mature,0.13359785224869364,0.07394197459660776,0.11035412203232471,0.08733569004072579,0.594770361081648
4,4,Mature,Mature,0.10646165557179578,0.1324758577588063,0.12079565058492044,0.2174188969540003,0.4228479391304772
4,4,Mature,Mature,0.1576352147591361,0.13817976001069573,0.10873500583628391,0.19654381240749147,0.39890620698639284
4,4,Mature,Mature,0.13989869238559227,0.11114514768770152,0.09344230539739613,0.11802324423408724,0.5374906102952228
4,4,Mature,Mature,0.16113365981330877,0.12869126995313585,0.1542216936241751,0.1769230646780618,0.3790303119313184
4,4,Mature,Mature,0.12411956400500469,0.1447049239225907,0.12109403092743491,0.1698955696432418,0.44018591150172803
4,4,Mature,Mature,0.1847220835217453,0.08943336425641457,0.14294771353224786,0.2153573442357668,0.3675394944538255
4,4,Mature,Mature,0.15523184689031216,0.14124728679541512,0.17608366766390723,0.11343250129607164,0.41400469735429374
4,4,Mature,Mature,0.15331315545094643,0.08991566412713076,0.20767782996774384,0.2462619197451522,0.3028314307090268
4,4,Mature,Mature,0.13993139114394448,0.14428486248291145,0.15718040562340005,0.18441515220353882,0.37418818854620517
4,4,Mature,Mature,0.130360314946096,0.16221794830113073,0.15317396779657816,0.13586375029184738,0.41838401866434777
4,4,Mature,Mature,0.09618217177352753,0.12389630753537835,0.16734108003015397,0.1277888753583358,0.48479156530260437
4,4,Mature,Mature,0.16272821704619186,0.11343078557129731,0.1439467509731959,0.16154729290583714,0.4183469535034778
4,4,Mature,Mature,0.23458544077711013,0.11159990483968317,0.17742866240434915,0.14624000130064002,0.33014599067821754
4,4,Mature,Mature,0.14092989708650522,0.15383902837433705,0.17335343880684898,0.2410621537304348,0.290815482001874
4,4,Mature,Mature,0.11207946518885185,0.08745100235921364,0.11967155620356053,0.11570147787308101,0.5650964983752929
4,4,Mature,Mature,0.09564193619523711,0.21393583207032119,0.1599482358523786,0.09782300165974894,0.4326509942223142
4,4,Mature,Mature,0.1738213583374595,0.18179661975673087,0.10958656678704036,0.20275633026398543,0.33203912485478393
4,4,Mature,Mature,0.17343569169843587,0.22010944510145525,0.15893662037801315,0.1406354304706137,0.30688281235148207
4,4,Mature,Mature,0.13224799438834595,0.16911224547061246,0.1263605293610598,0.14587250428429613,0.4264067264956858
4,4,Mature,Mature,0.18312324447691242,0.1633775816658312,0.13655720832602875,0.21680420353481356,0.30013776199641407
4,4,Mature,Mature,0.12937820352979362,0.1392121391647596,0.14755221891755635,0.11675587176807993,0.4671015666198104
4,4,Mature,Mature,0.10294667601427607,0.1284337661498998,0.13955044101797776,0.12961219824582432,0.499456918572022
4,4,Mature,Mature,0.1552343865801289,0.10193553269278252,0.1385144987021773,0.14673153326907404,0.4575840487558373
4,4,Mature,Mature,0.10001359213928267,0.1683940188902136,0.19887672086287714,0.20339713453107294,0.3293185335765536
4,4,Mature,Mature,0.12117487544930827,0.10908874162447306,0.11176805043754778,0.18134692157536184,0.47662141091330906
4,4,Mature,Mature,0.13644863985432296,0.1801146221321388,0.15537565789494878,0.13106207491209895,0.39699900520649056
4,4,Mature,Mature,0.15038394656932666,0.15726491890264968,0.14874295205693483,0.24542017710935593,0.29818800536173284
4,4,Mature,Mature,0.14437432608022324,0.10355445604751948,0.09836391739883402,0.13826631356223312,0.5154409869111901
4,4,Mature,Mature,0.18470946085856327,0.12859502155346786,0.16181626471728872,0.1334149334407943,0.39146431942988585
4,4,Mature,Mature,0.16392452885167275,0.08282478710388715,0.1257056592737472,0.20289262134168623,0.4246524034290067
4,4,Mature,Mature,0.1208065011214093,0.08757192151758506,0.14904659734866696,0.18290156059565132,0.45967341941668743
4,4,Mature,Mature,0.16786789137833627,0.17569274907567173,0.19316134477714653,0.10368765456567011,0.3595903602031754
4,4,Mature,Mature,0.14346481387764123,0.16897534808010817,0.17550663314900822,0.20350828434560256,0.3085449205476399
4,4,Mature,Mature,0.14569202431298126,0.12791102820382352,0.19105002624680759,0.14514492849216462,0.39020199274422296
4,4,Mature,Mature,0.14979530013083805,0.13606098733170818,0.12513836680939353,0.11795177660414466,0.4710535691239156
4,4,Mature,Mature,0.14753581754243802,0.08886309839870178,0.1550241437866159,0.23653283012277937,0.37204411014946487
4,4,Mature,Mature,0.12618872919057741,0.13764822508053212,0.12684782472116035,0.17212599768928627,0.43718922331844395
4,4,Mature,Mature,0.14645972035478624,0.12720225897354806,0.10665850513263564,0.16653072878973352,0.45314878674929643
4,4,Mature,Mature,0.14550077172078085,0.1697753882653314,0.18633005130968805,0.21460195412672242,0.28379183457747736
4,4,Mature,Mature,0.1424829577341584,0.1623855776090765,0.12200732739727661,0.14042173395681642,0.43270240330267223
4,4,Mature,Mature,0.1489676870709905,0.09055908116330975,0.16199696928284402,0.20457789128851997,0.3938983711943358
4,4,Mature,Mature,0.23946051666583246,0.11411266231559852,0.13008801413505292,0.14671502000181627,0.3696237868816998
4,4,Mature,Mature,0.14646563637364513,0.11003858958311477,0.14198074300839744,0.1804133221411711,0.4211017088936716
4,4,Mature,Mature,0.19758882741558417,0.1558402253497568,0.10152804975764633,0.11656298069132803,0.4284799167856847
4,4,Mature,Mature,0.22072176131769372,0.1356946082673368,0.10996120727877548,0.15070904667240387,0.3829133764637901
4,4,Mature,Mature,0.16356997749826555,0.12831713267116113,0.16645749756217426,0.0910114636393768,0.45064392862902225
4,4,Mature,Mature,0.19173801603482124,0.1250375059917889,0.13226591848651367,0.1139061939264584,0.4370523655604178
4,4,Mature,Mature,0.09767241207329593,0.11729527974023374,0.1349838956125765,0.19929044110425334,0.4507579714696405
4,4,Mature,Mature,0.12629813569350629,0.14323973284609548,0.19579194385464696,0.1602728502324087,0.3743973373733426
4,4,Mature,Mature,0.1183521177506081,0.12262612929946756,0.2097357846193486,0.18189792181445893,0.36738804651611684
4,4,Mature,Mature,0.13581299953776152,0.15719890987457877,0.154450974050377,0.17479127665611563,0.3777458398811672
4,4,Mature,Mature,0.18152254601640908,0.08471825779990128,0.1400476119010448,0.1221825753141618,0.47152900896848293
4,4,Mature,Mature,0.15294616829487334,0.13058526810043825,0.15307955632574555,0.1984047457680391,0.3649842615109037
4,4,Mature,Mature,0.13745163364981933,0.1328643310502343,0.11673567975585994,0.1499159166514811,0.4630324388926053
4,4,Mature,Mature,0.10340180878135617,0.09076794096149937,0.136096839193139,0.14122485196918935,0.5285085590948161
4,4,Mature,Mature,0.19695554988172262,0.1555856884954724,0.12850902323451227,0.14953829285246156,0.3694114455358311
4,4,Mature,Mature,0.19203683525027604,0.14083980872028315,0.10596107242202488,0.1816442205368159,0.3795180630706
4,4,Mature,Mature,0.25183970076406964,0.11748564059818922,0.1496337800604369,0.19074410456570481,0.2902967740115995
4,4,Mature,Mature,0.12624710889855778,0.14316079458834433,0.19538614493741205,0.19260828207998873,0.34259766949569714
4,4,Mature,Mature,0.0986079841076879,0.12991339466487054,0.13249981111634268,0.16082482749174862,0.47815398261935027
4,4,Mature,Mature,0.1276914362761068,0.11781698308942257,0.1548123575928322,0.09951746748332602,0.5001617555583124
4,4,Mature,Mature,0.14898307741164185,0.11970324382992546,0.19970110350586456,0.13687458763650717,0.3947379876160609
4,4,Mature,Mature,0.14224105701362091,0.17475603232337716,0.135188359440493,0.1981947646287047,0.34961978659380427
4,4,Mature,Mature,0.1490629901489994,0.1085689708940598,0.10616772271361646,0.17441011746424553,0.46179019877907884
4,4,Mature,Mature,0.18665659341593668,0.1726709012384681,0.14758140914843493,0.131316918853244,0.3617741773439163
4,4,Mature,Mature,0.11998612138501863,0.12261602827635774,0.12337627521510401,0.17137027910287342,0.4626512960206462
4,4,Mature,Mature,0.13341577544184424,0.11612758809908363,0.09584557949271018,0.18034236576636706,0.47426869119999493
4,4,Mature,Mature,0.15703550967302055,0.13563570091912575,0.18890111255431444,0.17190445169244198,0.3465232251610972
4,4,Mature,Mature,0.14423752740339502,0.20161014039579553,0.161270388271549,0.14766034345277482,0.34522160047648565
4,4,Mature,Mature,0.14220785403277447,0.12415222233627518,0.14400884812362275,0.15402298599207498,0.43560808951525265
4,4,Mature,Mature,0.1024205939065125,0.17141731999093296,0.15876629692442593,0.15427610204289355,0.41311968713523517
4,4,Mature,Mature,0.12743192175895982,0.14839481500905508,0.1896192743766531,0.14154587529108947,0.39300811356424253
4,4,Mature,Mature,0.20003725398124284,0.17650824595382883,0.1340372432666117,0.16498289524474952,0.32443436155356714
4,4,Mature,Mature,0.14309732378191292,0.1510665356339933,0.16204296668993978,0.16742290237712468,0.37637027151702923
4,4,Mature,Mature,0.14046636441152294,0.14813996154893583,0.14030803514600027,0.23370533862814172,0.3373803002653993
4,4,Mature,Mature,0.09841801360183221,0.15409600010282715,0.16623351478564874,0.14858106055715153,0.4326714109525403
4,4,Mature,Mature,0.18283448738566072,0.17537963349408497,0.14370280518367368,0.14706753136068226,0.35101554257589834
4,4,Mature,Mature,0.14896600879961655,0.13746301116473658,0.1571406770377001,0.13855269344165302,0.41787760955629377
4,4,Mature,Mature,0.18221784154574802,0.14317175985659858,0.11183051624220441,0.16713011070888772,0.39564977164656123
4,4,Mature,Mature,0.1677163568234529,0.16339416222333267,0.10976203325208456,0.22460753568560146,0.33451991201552855
4,4,Mature,Mature,0.2338139868752582,0.15550772420122663,0.12499121313062941,0.1425564886489682,0.3431305871439176
4,4,Mature,Mature,0.12606887458444846,0.12987818292956851,0.20372413708057183,0.13492270852339017,0.4054060968820211
4,4,Mature,Mature,0.19253900278278782,0.14230214977494368,0.09782849395454689,0.18529010322426126,0.3820402502634603
4,4,Mature,Mature,0.17314963945679313,0.09981624122762234,0.2527946865757866,0.2141306861492957,0.26010874659050226
4,4,Mature,Mature,0.14473184844601794,0.16494592928283397,0.17583067237847808,0.1890904278127622,0.3254011220799078
4,4,Mature,Mature,0.12340764830554968,0.11232886722912744,0.11946186867188924,0.18546995320907844,0.4593316625843552
4,4,Mature,Mature,0.1510254475660633,0.16326211614748667,0.0898113224570851,0.17916852358312932,0.41673259024623566
4,4,Mature,Mature,0.1918756362600801,0.08853928392905915,0.1905995253831092,0.15609221700742412,0.3728933374203275
4,4,Mature,Mature,0.18458501765835564,0.13750000151875758,0.14029306317532317,0.15650110113682886,0.3811208165107348
4,4,Mature,Mature,0.16873138786681402,0.13869712403754664,0.1713331901894793,0.10897568463745218,0.412262613268708
4,4,Mature,Mature,0.14428778020453645,0.1322220211248399,0.15907148726260975,0.1201238484212766,0.44429486298673737
4,4,Mature,Mature,0.12012406659424474,0.11450487443027058,0.10039581115109299,0.14494149833267134,0.5200337494917203
4,4,Mature,Mature,0.15113864920949502,0.1395548308604351,0.13763546786349437,0.1271765576779491,0.4444944943886263
4,4,Mature,Mature,0.1497586836657496,0.14302417955339586,0.20346354763145114,0.19893201209237002,0.30482157705703344
4,4,Mature,Mature,0.1556371414969872,0.10242296217241297,0.07969646272148354,0.19775504095574542,0.4644883926533708
4,4,Mature,Mature,0.08978262369338033,0.1674601356765547,0.13679823070402117,0.1500566225802628,0.45590238734578087
4,4,Mature,Mature,0.15269198169481615,0.1253301217147565,0.12735583716110987,0.15384233512098555,0.4407797243083319
4,4,Mature,Mature,0.15789126028286604,0.12509168618552724,0.1509548454064975,0.1703976829047944,0.39566452522031487
4,4,Mature,Mature,0.16685593642799962,0.14448323682980546,0.18496989351288007,0.12468234943000459,0.37900858379931024
4,4,Mature,Mature,0.16287794271909795,0.14164154005747395,0.15479379934330662,0.12302466368352882,0.4176620541965925
4,4,Mature,Mature,0.15050449483384792,0.13984814445133115,0.16782987162852214,0.15996540933547002,0.3818520797508287
4,4,Mature,Mature,0.15171481364771994,0.16504832803377073,0.10378680533018313,0.1361715115219493,0.44327854146637674
4,4,Mature,Mature,0.07200883113533427,0.11820827150015444,0.1692390556590258,0.144990041070667,0.49555380063481835
4,4,Mature,Mature,0.16102269783620576,0.13873431599018338,0.16043257054241286,0.15350596016680174,0.3863044554643963
4,4,Mature,Mature,0.1828760019596096,0.12307299471619927,0.09766710805300152,0.1348975235993932,0.4614863716717965
4,4,Mature,Mature,0.16823468525935353,0.11434760292638228,0.1278910418272241,0.2000637712727832,0.3894628987142569
4,4,Mature,Mature,0.10144693628618466,0.08291886292415511,0.2538769455408667,0.16771760935754612,0.3940396458912475
4,4,Mature,Mature,0.17026972237602347,0.13043585374497724,0.17346097967071897,0.1701305828016658,0.35570286140661456
4,4,Mature,Mature,0.14026955844655092,0.09936422225934285,0.22916714895420381,0.13231040045297932,0.3988886698869231
4,4,Mature,Mature,0.1557596494756373,0.1262335000037446,0.16474155982174807,0.22870657522933796,0.32455871546953213
4,4,Mature,Mature,0.15372190881302877,0.11437262341709398,0.13138911152043717,0.16580738123602523,0.43470897501341477
4,4,Mature,Mature,0.18029571384693924,0.10887332390854901,0.2576606977296335,0.16686094330907186,0.28630932120580643
4,4,Mature,Mature,0.11196576187825512,0.11131150837617838,0.22981330933455762,0.19943033785334155,0.3474790825576674
4,4,Mature,Mature,0.2077683496441889,0.18621473770263275,0.140439377944129,0.18631893704222932,0.2792585976668201
4,4,Mature,Mature,0.21917163353495514,0.11161048712127024,0.14675201652928155,0.14603868061779504,0.3764271821966981
4,4,Mature,Mature,0.2687313426633517,0.11908946799613676,0.17403650374400537,0.12141699729812754,0.31672568829837866
4,4,Mature,Mature,0.16614121870408563,0.12007259252306104,0.17587081828625994,0.1647584278709529,0.37315694261564053
4,4,Mature,Mature,0.17062116036508662,0.1049295693813053,0.12939751914841857,0.15316234863365732,0.44188940247153224
4,4,Mature,Mature,0.13730097079552667,0.13763648526267314,0.1318788944311161,0.1651003240972797,0.42808332541340444
4,4,Mature,Mature,0.1401682910339855,0.13666510321826772,0.14540905048340336,0.13599573063374204,0.4417618246306014
4,4,Mature,Mature,0.11681211234476213,0.19324957216467484,0.08056592659564779,0.17169287783384193,0.4376795110610733
4,4,Mature,Mature,0.10079918246253855,0.14558633100571905,0.120210405567478,0.14690941153164386,0.48649466943262043
4,4,Mature,Mature,0.14255776936323877,0.08212909791185806,0.11089860878472992,0.20508831863089796,0.4593262053092753
4,4,Mature,Mature,0.16437760280306613,0.15588273132554165,0.10358356474010233,0.24540971360977337,0.33074638752151647
4,4,Mature,Mature,0.11890055415323222,0.12346578314272928,0.08998603152885681,0.262872552584282,0.40477507859089956
4,4,Mature,Mature,0.10449461497181084,0.1205770374153148,0.13750935962360236,0.12070086606165026,0.5167181219276217
4,4,Mature,Mature,0.1633926681526512,0.15334500093361877,0.1598449006757645,0.2127058483223906,0.31071158191557496
4,4,Mature,Mature,0.11293648706210696,0.12123597033364565,0.14587019418105493,0.1635770515610796,0.4563802968621129
4,4,Mature,Mature,0.14865850573100917,0.1587640579680922,0.11431573458246568,0.23579733321631843,0.34246436850211454
4,4,Mature,Mature,0.10824828197521877,0.12866486251963544,0.15101677957350335,0.13007572071681708,0.48199435521482525
4,4,Mature,Mature,0.15334852521905268,0.1014476902377313,0.16729715158412367,0.13029065897321457,0.44761597398587777
4,4,Mature,Mature,0.10875085619576146,0.11772394570805143,0.17733883779262627,0.1688998612681549,0.427286499035406
4,4,Mature,Mature,0.1288043976864445,0.13644015949375415,0.18154324813783854,0.20893512565731556,0.3442770690246472
4,4,Mature,Mature,0.1085202595296593,0.14578883573588144,0.13873522297655483,0.2897718454826173,0.3171838362752871
4,4,Mature,Mature,0.2307951252294605,0.11183941360214043,0.107922490266718,0.13344885992299735,0.41599411097868383
4,4,Mature,Mature,0.1957354919556942,0.1051049712460249,0.11981281674576627,0.11326513171952753,0.466081588332987
4,4,Mature,Mature,0.2027042931057253,0.17413105616068725,0.17555032928814548,0.14031066197990796,0.30730365946553406
4,4,Mature,Mature,0.11449194573151245,0.1399115734755837,0.09375897598515098,0.143336819020166,0.5085006857875868
4,4,Mature,Mature,0.15415474919755315,0.142636413224121,0.16328054165150174,0.12514932109937052,0.41477897482745363
4,4,Mature,Mature,0.15183443723914253,0.1501915003248896,0.1532799259774486,0.1247918089983304,0.41990232746018885
4,4,Mature,Mature,0.09310006413745686,0.18000587571345295,0.1910084720192469,0.22548533215793884,0.3104002559719045
4,4,Mature,Mature,0.09338240355773533,0.11595207227797162,0.16166331900471648,0.18497668430285655,0.44402552085672004
4,4,Mature,Mature,0.16314036974054805,0.14466777842509998,0.15704576264297065,0.14887943359154895,0.38626665559983236
4,4,Mature,Mature,0.1305182720768436,0.10216012280184973,0.12300941903048457,0.15428874462801725,0.4900234414628048
4,4,Mature,Mature,0.13167547851482372,0.1226393517434739,0.10168394775037537,0.19064295902499753,0.4533582629663294
4,4,Mature,Mature,0.14849322926505212,0.20561137918251265,0.17408807280926267,0.11699223065019208,0.3548150880929805
4,4,Mature,Mature,0.16738214699877396,0.12373480001230049,0.20098628242696728,0.20113128874710273,0.3067654818148555
4,4,Mature,Mature,0.10423075422885096,0.17620998922219594,0.24031599932215114,0.13367276203530976,0.34557049519149224
4,4,Mature,Mature,0.15496849253910333,0.13742631118808404,0.127541222469689,0.134199577981613,0.44586439582151055
4,4,Mature,Mature,0.18548775763488623,0.1443525465470191,0.0951806173576232,0.22193380351495515,0.3530452749455164
4,4,Mature,Mature,0.21015733156024136,0.16173186491804073,0.11183524155031302,0.10167250933332597,0.41460305263807895
4,4,Mature,Mature,0.12467722191329475,0.17216089849370703,0.1464175637423474,0.22577547608069942,0.33096883976995145
4,4,Mature,Mature,0.1871236004994465,0.17030416779675403,0.09602078800206759,0.24677201921001227,0.2997794244917196
4,4,Mature,Mature,0.15895628974182918,0.11460975414866822,0.19849538177202924,0.12533416135308267,0.40260441298439065
4,4,Mature,Mature,0.1488506715722443,0.09483564789738919,0.19822045246136002,0.1532155289748245,0.40487769909418214
4,4,Mature,Mature,0.09119332776465046,0.20301856286538747,0.09964077024110916,0.19759713020145822,0.4085502089273947
4,4,Mature,Mature,0.13734981306492963,0.18278523899447408,0.2044320405754869,0.13367555779702367,0.3417573495680857
4,4,Mature,Mature,0.1628162365500209,0.09933990802207993,0.1884750456583034,0.10302690243203308,0.4463419073375626
4,4,Mature,Mature,0.16950983166089148,0.12011145219251845,0.1644191097467871,0.1892069753230139,0.3567526310767891
4,4,Mature,Mature,0.16428151673635713,0.12391630964045033,0.14582158350416968,0.21346236770171081,0.352518222417312
4,4,Mature,Mature,0.1646930744074095,0.10159438838214874,0.15806429838289357,0.12838047567860777,0.4472677631489405
4,4,Mature,Mature,0.15243299199300214,0.1211742593444877,0.18943759147521105,0.22386471013539772,0.3130904470519014
4,4,Mature,Mature,0.15030086028207443,0.1251355650544404,0.16662468216249782,0.23946370420690408,0.3184751882940833
4,4,Mature,Mature,0.12567535929251727,0.18686516144949,0.08633452224661459,0.23182085429067234,0.36930410272070596
4,4,Mature,Mature,0.15030162320999557,0.13049248007437797,0.2223990816510232,0.13051773371278433,0.3662890813518189
4,4,Mature,Mature,0.17460402774378414,0.10278908650724912,0.12756591895623418,0.17434551198668255,0.42069545480605003
4,4,Mature,Mature,0.13402210599176392,0.1436130387095893,0.19132902119548445,0.1733489759133181,0.3576868581898442
4,4,Mature,Mature,0.10502278572347569,0.0953657504091138,0.20970904433056875,0.1306042305927354,0.4592981889441064
4,4,Mature,Mature,0.11260853536658838,0.20723713480555073,0.15839467851994385,0.18442341717221483,0.3373362341357021
4,4,Mature,Mature,0.16265193789632212,0.11902622441612777,0.2251502760962262,0.15619300089150448,0.3369785606998194
4,4,Mature,Mature,0.15453612813058462,0.12258931385960481,0.11434491079075955,0.16381482085161328,0.44471482636743775
4,4,Mature,Mature,0.1058971581579662,0.1208344162116875,0.16361078634008835,0.24114098097516384,0.368516658315094
4,4,Mature,Mature,0.18012950727395188,0.09775704624305005,0.14056559766996357,0.1940360515602644,0.3875117972527701
4,4,Mature,Mature,0.14468810226794093,0.23228945103912543,0.1317614901988568,0.13412752629797894,0.357133430196098
4,4,Mature,Mature,0.1588497701217426,0.12826404977391656,0.12165508860798227,0.1261837854873231,0.46504730600903543
4,4,Mature,Mature,0.18074581979908896,0.12781786777358037,0.21084784615027613,0.11679570273818464,0.3637927635388699
4,4,Mature,Mature,0.13787733145880113,0.11268376165966246,0.14781457584320246,0.19591324017193212,0.4057110908664017
4,4,Mature,Mature,0.19852534687040438,0.1290939328355795,0.1600112695925298,0.14355793195092362,0.3688115187505628
4,4,Mature,Mature,0.20088098039434196,0.12586612470747957,0.0938556239479914,0.11764799650919795,0.46174927444098907
4,4,Mature,Mature,0.1492476798377267,0.1519042577976912,0.15223998512057738,0.1576554527356066,0.38895262450839824
4,4,Mature,Mature,0.14529118781411737,0.19541494340368212,0.17072630175420872,0.17807732353624162,0.31049024349175025
4,4,Mature,Mature,0.12744757295191506,0.11888407165982397,0.11911140601273751,0.15739774040387655,0.4771592089716468
4,4,Mature,Mature,0.1778413072966843,0.1162408165796863,0.11413277178943934,0.26018588334599707,0.331599220988193
4,4,Mature,Mature,0.14918412091565428,0.1538032146655901,0.11300479951643704,0.23185920855667136,0.35214865634564735
4,4,Mature,Mature,0.1877728718611888,0.10804888199200717,0.13681145178911291,0.15523542317464323,0.412131371183048
4,4,Mature,Mature,0.1083604638097232,0.14953299289545927,0.1111563745919101,0.1944804310420324,0.43646973766087505
4,4,Mature,Mature,0.12360155969696601,0.21990471535719194,0.17006067600444374,0.1718214568268436,0.3146115921145547
4,4,Mature,Mature,0.11713631807513103,0.12781259420873364,0.10656431096386401,0.2537264428273718,0.3947603339248995
4,4,Mature,Mature,0.2188046463351429,0.13904966066307428,0.10204439244729825,0.19428519685204054,0.34581610370244403
4,4,Mature,Mature,0.11589050528682862,0.11493185746144981,0.14957072901889532,0.1891508566237279,0.4304560516090985
4,4,Mature,Mature,0.21547354251444667,0.1453123642218462,0.12688970873080882,0.2524060093011826,0.2599183752317157
4,4,Mature,Mature,0.18294230705630285,0.14725734949602465,0.14090760287405618,0.1557277793300847,0.37316496124353177
4,4,Mature,Mature,0.12928635196312777,0.11251091296333192,0.1667375492231659,0.16044029001355437,0.43102489583682013
4,4,Mature,Mature,0.18398941062262278,0.13430713412018258,0.14646385076449078,0.14371772439552158,0.3915218800971824
4,4,Mature,Mature,0.15059999369218083,0.1645715012587094,0.12396102740130532,0.14463787461101638,0.41622960303678813
4,4,Mature,Mature,0.1465954657872244,0.10811956520952826,0.19040917412648525,0.10460036097566641,0.45027543390109576
4,4,Mature,Mature,0.09617529096743577,0.1911202098657821,0.09191951021296782,0.20275351110000228,0.41803147785381206
4,4,Mature,Mature,0.1373373465445607,0.1501147654744137,0.1761077373406661,0.13862678254296015,0.3978133680973993
4,3,Mature,Day 84,0.1545262687891369,0.08651052718513509,0.11857934279838467,0.341120554418867,0.2992633068084763
4,4,Mature,Mature,0.1901798415348233,0.12287982435112896,0.1673447239417131,0.20245902950936961,0.317136580662965
4,4,Mature,Mature,0.1175038679523033,0.18716172803154277,0.10950631535822221,0.1530653279756919,0.4327627606822399
4,4,Mature,Mature,0.11617635312874144,0.13555959663356013,0.15906454999529815,0.15756650279456602,0.4316329974478341
4,4,Mature,Mature,0.08913008577003782,0.13648954428479979,0.13415101491906117,0.12614215679660423,0.514087198229497
4,4,Mature,Mature,0.1524740498577332,0.15548677217010923,0.12297396244727271,0.16454769159612792,0.404517523928757
4,4,Mature,Mature,0.1950816263402155,0.15887427515065725,0.17479971968742433,0.19510735149682024,0.27613702732488266
4,4,Mature,Mature,0.1860972073525438,0.11125638027204424,0.13891284217007493,0.18881260873350764,0.3749209614718295
4,0,Mature,Day 0,0.2653793125788842,0.12615544664589914,0.1370851544818242,0.21075925397056747,0.26062083232282496
4,4,Mature,Mature,0.14238694131518373,0.14001087761301367,0.10178229646622264,0.14322900196228006,0.4725908826432999
4,4,Mature,Mature,0.15278853188680697,0.17588451068114805,0.1367622783963577,0.11302335310196704,0.42154132593372023
4,4,Mature,Mature,0.1627636627921642,0.13846186285588163,0.11481968407026094,0.17929500546427143,0.4046597848174218
4,4,Mature,Mature,0.10294357533433479,0.07137848934665038,0.08928651173911999,0.1379399728522409,0.5984514507276539
4,4,Mature,Mature,0.14731114342479215,0.14886825112744506,0.20554444023772464,0.23254655918018374,0.26572960602985446
4,4,Mature,Mature,0.08046438427049254,0.1574445049999997,0.15861801752529048,0.16553159766719377,0.43794149553702344
4,4,Mature,Mature,0.16065375078951868,0.141392568427917,0.12315669539604371,0.2247881693038675,0.35000881608265305
4,4,Mature,Mature,0.255197276733958,0.12920483984867462,0.1914793218118857,0.10907292422171894,0.31504563738376273
4,4,Mature,Mature,0.1639381869408924,0.125251977493492,0.14827916972383737,0.17751565157990096,0.3850150142618773
4,4,Mature,Mature,0.2006235119963193,0.13751662939757506,0.14901399604089263,0.17622610800569763,0.3366197545595153
4,4,Mature,Mature,0.12849420876215936,0.11711732102295827,0.13870030624724158,0.20663222842910775,0.40905593553853303
4,4,Mature,Mature,0.12184207381844298,0.14791258072291535,0.1254946221407421,0.15213106700463225,0.45261965631326734
4,4,Mature,Mature,0.13787047507668668,0.18840595236801275,0.14965758288968445,0.17432856342294853,0.3497374262426676
4,4,Mature,Mature,0.16038878302064763,0.15683972634023832,0.14504207297745159,0.20281776581227098,0.3349116518493914
4,4,Mature,Mature,0.16062401633716583,0.15611813201971605,0.12900404786328823,0.16666098276892313,0.38759282101090686
4,4,Mature,Mature,0.18064040169722856,0.14049401144813684,0.12040660179988483,0.1785561434609352,0.3799028415938146
4,4,Mature,Mature,0.1335430476679463,0.11809772900678277,0.13025149154512872,0.18355485362878396,0.43455287815135824
4,4,Mature,Mature,0.15323514532658195,0.16557205239568543,0.10689414004208417,0.10697928552259171,0.46731937671305673
4,4,Mature,Mature,0.15310953129179028,0.12802911263676098,0.18573169028114175,0.10923301283607553,0.4238966529542314
4,4,Mature,Mature,0.14388096595796893,0.10629058349591762,0.2312071910414123,0.13274046900276565,0.3858807905019355
4,4,Mature,Mature,0.17846067568956112,0.16176155324481123,0.11439447109656568,0.2022171558029999,0.34316614416606206
4,4,Mature,Mature,0.2252506948919205,0.1391457712822083,0.12994745589571566,0.12371504513895475,0.38194103279120073
4,4,Mature,Mature,0.12142699020395768,0.19375467513123157,0.15026090516370025,0.19890905885381321,0.33564837064729736
4,4,Mature,Mature,0.07213662819205718,0.1603164465934574,0.12809215643570915,0.16256487418307344,0.47688989459570297
4,4,Mature,Mature,0.11297314808937986,0.14478694676635676,0.2370535982846663,0.20382917874520218,0.30135712811439486
4,4,Mature,Mature,0.130903947107773,0.1147294957360645,0.11651720906233706,0.141294279876466,0.49655506821735956
4,4,Mature,Mature,0.15182190278926455,0.15179916505861124,0.1755821826412837,0.21732162928785248,0.30347512022298806
4,4,Mature,Mature,0.15459943187915812,0.13065214205095435,0.10065489744544417,0.1566588951695856,0.4574346334548577
4,4,Mature,Mature,0.15553283640809634,0.16580255041699046,0.17671404642931665,0.19887023938778817,0.3030803273578084
4,4,Mature,Mature,0.1351726565151103,0.12356521151356122,0.10982387296220844,0.23046619488685366,0.40097206412226644
4,4,Mature,Mature,0.12164159275012355,0.12897830446940375,0.13527819059519164,0.1918704359661557,0.42223147621912527
4,4,Mature,Mature,0.1306539366203055,0.08116685795272938,0.13811383575228958,0.15923071214594672,0.49083465752872885
4,4,Mature,Mature,0.13012292966354738,0.1521408403824771,0.155556364905209,0.17493236190509354,0.387247503143673
4,4,Mature,Mature,0.12074690996837555,0.11473711409585494,0.1866036050342359,0.18030470130061282,0.3976076696009207
4,4,Mature,Mature,0.1714018796993279,0.14046720986060038,0.1631281868968547,0.10080294832524969,0.4241997752179673
4,4,Mature,Mature,0.12826781197499262,0.18942874658118575,0.16876447059235858,0.1331855041220434,0.3803534667294196
4,4,Mature,Mature,0.14525692215824068,0.14937106427419977,0.11268581824613363,0.17959019955570998,0.413095995765716
4,4,Mature,Mature,0.1539457410288874,0.11756932688530702,0.12851841920698384,0.22861022246667861,0.3713562904121432
4,4,Mature,Mature,0.1409521530295126,0.16791204752074815,0.1506213721313632,0.16456746852712428,0.3759469587912518
4,4,Mature,Mature,0.09820696094690036,0.10599701478525038,0.22693967412617952,0.183021388037275,0.3858349621043948
4,4,Mature,Mature,0.1596249898738645,0.15903491870754774,0.1857409757295796,0.16433095123241329,0.3312681644565949
4,4,Mature,Mature,0.08800566390625716,0.10619669690042469,0.14884928710526701,0.17931740964538725,0.47763094244266385
4,4,Mature,Mature,0.1614075749913266,0.12682178491602344,0.1454111864890954,0.2318864520013235,0.3344730016022311
4,4,Mature,Mature,0.11384279705205483,0.1080911186409981,0.13276392058984654,0.16654283633559652,0.478759327381504
4,4,Mature,Mature,0.1922198701616224,0.15777844082723239,0.16930328414972703,0.12787224885976092,0.3528261560016573
4,4,Mature,Mature,0.06925210002889223,0.1545047828745276,0.16738289939980264,0.1387960727282241,0.4700641449685534
4,4,Mature,Mature,0.10528485624822612,0.10432816067371863,0.1177158479014416,0.28430389757959645,0.38836723759701725
4,4,Mature,Mature,0.1535028242179443,0.10195318706485003,0.13761837411104297,0.1240888725415781,0.4828367420645846
4,4,Mature,Mature,0.14685469111577254,0.10568851298725125,0.14764265365928037,0.1337973387138823,0.4660168035238134
4,4,Mature,Mature,0.11783563221454708,0.13910104959496183,0.17390106700622796,0.16587131812510866,0.40329093305915437
4,4,Mature,Mature,0.1563935658810349,0.16867506305453406,0.11791570508275911,0.1869361627689862,0.3700795032126857
4,4,Mature,Mature,0.13770021030503274,0.11773322797631987,0.14249080310190915,0.15880879295631187,0.4432669656604265
4,4,Mature,Mature,0.09503089100897157,0.10194274855677281,0.19438038411316272,0.12029491611230939,0.48835106020878366
4,4,Mature,Mature,0.13172560064528863,0.10935165373500358,0.15776582935622116,0.17617514237754886,0.4249817738859377
4,4,Mature,Mature,0.09946815159647321,0.1539717914338751,0.12692563399033582,0.1134389547735403,0.5061954682057755
4,4,Mature,Mature,0.15272227410023395,0.13015748908681735,0.14529252818879057,0.1346551889021401,0.4371725197220181
4,4,Mature,Mature,0.18021161005912872,0.13837314761944916,0.15141750909912624,0.19047903099208355,0.3395187022302123
4,4,Mature,Mature,0.10200072649179619,0.18338045869160724,0.14850177618139324,0.15751513415912347,0.4086019044760798
4,4,Mature,Mature,0.1360307493134596,0.14795389014160068,0.14859321892040703,0.18152501032234133,0.3858971313021915
4,4,Mature,Mature,0.14515782443205488,0.10991156829871077,0.09325341526625965,0.21319616325330576,0.43848102874966893
4,4,Mature,Mature,0.13949202860909715,0.10042136606494315,0.171343613564507,0.18927014843357692,0.39947284332787575
4,4,Mature,Mature,0.16353879015494846,0.1264962975551425,0.2788208979449483,0.14902733389480474,0.28211668045015614
4,4,Mature,Mature,0.12637236291534587,0.19960550454989082,0.1445597488347129,0.15015880822602318,0.3793035754740272
4,4,Mature,Mature,0.09189460318862733,0.14031626402569095,0.19380362667521828,0.17107150991015624,0.4029139962003072
4,4,Mature,Mature,0.14460554600684403,0.16886991078251015,0.15936089723057636,0.1552683225794971,0.37189532340057246
4,4,Mature,Mature,0.11359203682589343,0.16028058957941957,0.11262915019764007,0.14838844492040013,0.4651097784766468
4,4,Mature,Mature,0.1867405640637195,0.141358739556967,0.22406918672594683,0.2205016307325272,0.2273298789208394
4,4,Mature,Mature,0.09067799116163686,0.14221936167715557,0.192460095632679,0.16590064012423028,0.40874191140429833
4,4,Mature,Mature,0.14531259808541738,0.11924807483263453,0.16968674333120842,0.11104248185267988,0.45471010189805994
4,4,Mature,Mature,0.10294224957905386,0.12668076304330247,0.18276141936851362,0.206376164639509,0.38123940336962103
4,4,Mature,Mature,0.1643752071323131,0.09861373699186761,0.1478606254132288,0.15531312813298853,0.43383730232960205
4,4,Mature,Mature,0.19655359956268215,0.13524871218340737,0.15185945963961744,0.11714389411129657,0.3991943345029964
4,4,Mature,Mature,0.12327087111060545,0.15521378858822393,0.1296491457992453,0.1904742198721495,0.4013919746297758
4,4,Mature,Mature,0.219728169139291,0.16144777492023477,0.0998535756129803,0.1264676081741497,0.3925028721533441
4,4,Mature,Mature,0.11802485732604447,0.07109631782302919,0.203192933272736,0.20608526531967422,0.4016006262585161
4,4,Mature,Mature,0.12263144462889132,0.14978986769081903,0.12222515761102583,0.1741015958622444,0.4312519342070194
4,4,Mature,Mature,0.2078300909254434,0.09837828524132365,0.19842274144280772,0.17346905896701978,0.3218998234234054
4,4,Mature,Mature,0.14297812491030154,0.15679684955082787,0.1920263732655741,0.17467840833269574,0.33352024394060076
4,4,Mature,Mature,0.1340689203552171,0.19352786643855155,0.18392444162672536,0.1959102296332786,0.2925685419462274
4,4,Mature,Mature,0.15802561787999986,0.1690842733420409,0.12345281481779004,0.11114253392419753,0.4382947600359717
4,4,Mature,Mature,0.11158889588014075,0.10171863659322963,0.116303277209673,0.2991910036500352,0.37119818666692145
4,4,Mature,Mature,0.1745016529428783,0.11669363147936784,0.10708599798778161,0.1522779471735892,0.44944077041638303
4,4,Mature,Mature,0.13210385689764545,0.13514954711540383,0.1477579171650024,0.12302326089634065,0.4619654179256076
4,4,Mature,Mature,0.11091107268038691,0.1706659135639617,0.14474940080545048,0.09476654529882948,0.4789070676513714
4,4,Mature,Mature,0.11283461667339018,0.21400811406398837,0.17239181721666608,0.11221739620002429,0.38854805584593116
4,4,Mature,Mature,0.12225385683614874,0.09466762856230856,0.20738554548611518,0.16654812323113785,0.4091448458842897
4,4,Mature,Mature,0.1400530036593565,0.10435873829294467,0.11591328880141741,0.2503558265036098,0.38931914274267154
4,4,Mature,Mature,0.16310001509961147,0.09762094018324463,0.12213498441928909,0.2223773549913118,0.39476670530654295
4,4,Mature,Mature,0.18578207378087402,0.16274393278325613,0.1199691373653792,0.16420750181336075,0.3672973542571299
4,4,Mature,Mature,0.2090567562823405,0.16341171875537763,0.13810677099540228,0.1607131685887212,0.3287115853781585
4,4,Mature,Mature,0.13871655032936905,0.16727082140161964,0.07470826413269757,0.16012297922951196,0.45918138490680177
4,4,Mature,Mature,0.1861112870698445,0.1707242314702493,0.12760379493154564,0.21614649931613278,0.2994141872122278
4,4,Mature,Mature,0.1139733100984156,0.19045111208491505,0.11336835539340323,0.12416237287615707,0.4580448495471091
4,4,Mature,Mature,0.1181753359189048,0.1258599065775243,0.18067705388087782,0.15088109310522876,0.42440661051746426
4,4,Mature,Mature,0.17028383447308582,0.1283595970416129,0.19460961280827702,0.21927390825332613,0.2874730474236981
4,4,Mature,Mature,0.14345136714626175,0.14402974329590643,0.10173499954549586,0.16773251954270293,0.44305137046963305
4,4,Mature,Mature,0.10143100442227676,0.17307206942784617,0.10674232642990648,0.11175405220916744,0.507000547510803
4,4,Mature,Mature,0.15938276287636338,0.16050927928751307,0.11043685067391006,0.17707737010696117,0.3925937370552524
4,4,Mature,Mature,0.11830232641899185,0.12955249975936925,0.14287762161181744,0.22319782111108055,0.38606973109874093
4,4,Mature,Mature,0.09568602322415688,0.14017067845845188,0.1044041245782288,0.18492718744227907,0.47481198629688326
4,4,Mature,Mature,0.12536753017277769,0.18474531063820318,0.14217563215824847,0.17237339498806867,0.37533813204270206
4,4,Mature,Mature,0.21270892657067222,0.198944687924144,0.174595728789671,0.13519430306084296,0.27855635365466985
4,4,Mature,Mature,0.10697636713108938,0.10815628100163904,0.21628968727813236,0.12182575340030632,0.44675191118883295
4,4,Mature,Mature,0.1461455148922847,0.13524138066455232,0.13965592335481394,0.16571662908301682,0.4132405520053322
4,4,Mature,Mature,0.13146638755789367,0.18132437458110284,0.10026137284141443,0.20271884947802926,0.3842290155415598
4,4,Mature,Mature,0.15829751480674384,0.16779613123430465,0.13449763411763455,0.09755309049083342,0.44185562935048367
4,4,Mature,Mature,0.13095894502926142,0.1338247260425445,0.1259773365888961,0.1703567064317091,0.43888228590758904
4,4,Mature,Mature,0.08103587056582827,0.1583462361650068,0.2377945323522501,0.1916938685760219,0.33112949234089295
4,4,Mature,Mature,0.1484706221623229,0.13138763891975427,0.1564424707581829,0.1744163913378314,0.38928287682190854
4,4,Mature,Mature,0.21864030442807839,0.10152632559485379,0.17849843960394626,0.1694054739982673,0.33192945637485416
4,4,Mature,Mature,0.13008452392153774,0.10659187526599247,0.11579401845725337,0.14231821909167022,0.5052113632635462
4,4,Mature,Mature,0.1500510108521135,0.11429904167788876,0.14753576379305802,0.21476525814741493,0.37334892552952476
4,4,Mature,Mature,0.09387065418329907,0.138048483547341,0.1716998568012768,0.16620092769335287,0.4301800777747303
4,4,Mature,Mature,0.14647402532312065,0.13690258341096695,0.14176874106323328,0.1972401683043556,0.3776144818983235
4,4,Mature,Mature,0.10107310053788773,0.10731003822239234,0.12078407865265872,0.11766392895781876,0.5531688536292424
4,4,Mature,Mature,0.08006359850694725,0.11768144165480633,0.1699215900068103,0.1499596476442444,0.48237372218719177
4,4,Mature,Mature,0.16867206419384984,0.18073669924840485,0.1630453658424282,0.14521101538524125,0.34233485533007596
4,4,Mature,Mature,0.12841458886394105,0.16095556403968433,0.2019226872630527,0.0843132283001768,0.4243939315331451
4,4,Mature,Mature,0.08972585711519789,0.22578634359709035,0.1224018093700299,0.18985175718253505,0.3722342327351468
4,4,Mature,Mature,0.11440192759894453,0.10716344380085754,0.20197291248962232,0.20616504272869043,0.3702966733818851
4,4,Mature,Mature,0.12159580968619564,0.12349118227316207,0.11506465432851579,0.1305812797886842,0.5092670739234423
4,4,Mature,Mature,0.16159595401212792,0.1272622665435412,0.1788264561619198,0.19394437617751098,0.3383709471049
4,4,Mature,Mature,0.1724881378602015,0.11198595408824936,0.14232252609554463,0.23311162588599865,0.34009175607000586
4,4,Mature,Mature,0.16772203823558016,0.11541574169696248,0.13822695655412368,0.1072852388670076,0.47135002464632597
4,4,Mature,Mature,0.14743535574803537,0.13397357131858464,0.17866611309390285,0.1187643382151678,0.42116062162430923
4,4,Mature,Mature,0.1458036873297732,0.11223663063293618,0.11670477159476837,0.1570651488971664,0.468189761545356
4,4,Mature,Mature,0.1170601728566529,0.11380033126958589,0.11703646759362285,0.2119536750003903,0.44014935327974797
4,4,Mature,Mature,0.13318912620007137,0.18075582146613922,0.14136841555848412,0.2104952799160718,0.3341913568592334
4,4,Mature,Mature,0.1465928432178032,0.2081577235497212,0.13406410957141765,0.1731055661158625,0.3380797575451955
4,4,Mature,Mature,0.1174644798285064,0.12908423818190928,0.15424588184582189,0.17480424405354353,0.4244011560902189
4,4,Mature,Mature,0.17181340549988902,0.09529471577668239,0.12602315259031102,0.16793218641630275,0.43893653971681484
4,4,Mature,Mature,0.13661496183806512,0.11920250689581784,0.13758177744976416,0.1613339684596383,0.44526678535671455
4,4,Mature,Mature,0.15449568694846827,0.19902480916881288,0.14361418034809434,0.17896100135896745,0.3239043221756571
4,4,Mature,Mature,0.09413612774182353,0.15503723702020136,0.17509728437780686,0.16450011818444285,0.4112292326757254
4,4,Mature,Mature,0.1115504441503094,0.15676996502093257,0.21913699584551818,0.22840747772853937,0.2841351172547004
4,4,Mature,Mature,0.20401605422896216,0.13853279160378065,0.1494128055400251,0.1742741253354926,0.3337642232917395
4,4,Mature,Mature,0.16193808523734313,0.12224639623970263,0.1299226827272999,0.17143087702803322,0.4144619587676211
4,4,Mature,Mature,0.18638664534905267,0.10188918362533426,0.1456050224712089,0.12649063360495671,0.4396285149494475
4,4,Mature,Mature,0.15239336817841764,0.15289219545691576,0.1361210520325998,0.128170267120742,0.43042311721132487
4,4,Mature,Mature,0.16072437865455902,0.14442092779242793,0.1445169406054312,0.2727487068739761,0.27758904607360574
4,4,Mature,Mature,0.20192383371930192,0.203874128813242,0.09485141544438878,0.17483037015694106,0.3245202518661262
4,4,Mature,Mature,0.0745574757736592,0.10058646782105295,0.17742012839263854,0.28698528699524917,0.36045064101740015
4,4,Mature,Mature,0.12088295599800003,0.10749892582581362,0.16840971216667894,0.2285542777238682,0.3746541282856392
4,4,Mature,Mature,0.10291333714376391,0.09686333227912172,0.22518376094371023,0.18862518085205468,0.38641438878134954
4,4,Mature,Mature,0.10207727104795444,0.12475432011513185,0.14673367764839762,0.19039845002694908,0.43603628116156695
4,4,Mature,Mature,0.11828298948091366,0.12068871006688278,0.20206296376766603,0.18730185492431534,0.3716634817602221
4,4,Mature,Mature,0.12981010614652744,0.07790064521677328,0.14424303882764206,0.14954316231415982,0.4985030474948974
4,4,Mature,Mature,0.22491128922436235,0.11932821243440318,0.20199853337538615,0.14323758335932613,0.31052438160652207
4,4,Mature,Mature,0.14555730749958948,0.19482389636347475,0.20858540511542967,0.13568584780158874,0.3153475432199175
4,4,Mature,Mature,0.09728555421677539,0.15728440725944412,0.19689162980259947,0.15991369020206103,0.38862471851911995
4,4,Mature,Mature,0.1612372572105241,0.15728546235423832,0.15411666646296449,0.1820140395957005,0.34534657437657257
4,4,Mature,Mature,0.18711822581614246,0.16969510377709932,0.12097177856169869,0.1343358312253625,0.38787906061969707
4,4,Mature,Mature,0.17241111160011605,0.14496067159333811,0.12793018375726753,0.18232238396343478,0.37237564908584364
4,4,Mature,Mature,0.17570405074489553,0.1491410651496966,0.1360163611203557,0.17838219291212634,0.3607563300729258
4,4,Mature,Mature,0.11083574296632225,0.13344312213421475,0.12670459475902127,0.16518321087057272,0.4638333292698691
4,4,Mature,Mature,0.16399069729890883,0.1985879167782613,0.1313572810614649,0.13295062227339624,0.3731134825879687
4,4,Mature,Mature,0.13388803640050703,0.1934812560069123,0.1292706871153436,0.1900939536008287,0.3532660668764084
4,4,Mature,Mature,0.1491720843432933,0.11941328013556725,0.14434141666659198,0.16318256766087386,0.4238906511936737
4,4,Mature,Mature,0.11096058795252804,0.18750684849615967,0.14299484318500977,0.2584449563383472,0.30009276402795537
4,4,Mature,Mature,0.14281101979215288,0.10320069707336893,0.12320679073030864,0.2783828600689294,0.35239863233524005
4,4,Mature,Mature,0.23715533265871336,0.11031140486610266,0.12199532955183369,0.1635926467985936,0.3669452861247568
4,4,Mature,Mature,0.175755372194316,0.15178426692785266,0.13163468013313942,0.16084495176444527,0.3799807289802466
4,4,Mature,Mature,0.13200357237507418,0.12786408570827634,0.21031631089350367,0.11913580481587141,0.41068022620727446
4,4,Mature,Mature,0.10757482161409519,0.09382190081193388,0.14064231991650247,0.19986998585615992,0.4580909718013085
4,4,Mature,Mature,0.1481240262193131,0.16313899526164458,0.09063400952893029,0.13512501932577628,0.46297794966433575
4,4,Mature,Mature,0.18962724639295198,0.12611490446292428,0.17712166759630538,0.19237183202288724,0.3147643495249311
4,4,Mature,Mature,0.13531203564451078,0.20077039539298994,0.13205557616910485,0.18730714782191518,0.3445548449714793
4,4,Mature,Mature,0.15729512335391038,0.16105011071930603,0.14392229170870818,0.15461245181142522,0.3831200224066502
4,4,Mature,Mature,0.12689544211837622,0.1231252122284621,0.12655422063206756,0.17689988449914704,0.44652524052194714
4,4,Mature,Mature,0.17298827496670743,0.09965966897571397,0.20444392112654253,0.11059891279450561,0.4123092221365305
4,4,Mature,Mature,0.11880420587851301,0.11051537390843048,0.12044257432041439,0.16205835174166378,0.48817949415097844
4,4,Mature,Mature,0.17211353784097003,0.11431618485060169,0.11975680697872987,0.13645004632266536,0.45736342400703306
4,4,Mature,Mature,0.12615266733345115,0.10244112585882538,0.14357211572970907,0.2777346976398642,0.35009939343815016
4,4,Mature,Mature,0.13502400711207746,0.16334793120048316,0.1337045566749586,0.2075735142473221,0.36034999076515867
4,4,Mature,Mature,0.2255903523472367,0.15425876557612614,0.13080765558671675,0.14896125860356854,0.34038196788635183
4,4,Mature,Mature,0.21465399427826473,0.11255953119272295,0.1368203012851863,0.15863583352038732,0.37733033972343866
4,4,Mature,Mature,0.14687403684356104,0.10679895643868738,0.14532481481398937,0.17844604748337992,0.4225561444203823
4,4,Mature,Mature,0.16845107674325346,0.17108336255402815,0.14397764701696067,0.17876543226342279,0.33772248142233496
4,4,Mature,Mature,0.16025034788760667,0.21415496605561563,0.1632365686712419,0.17100149453967692,0.29135662284585895
4,4,Mature,Mature,0.1659439419391787,0.11707380036414615,0.14463476736850883,0.07208610553913308,0.5002613847890331
4,4,Mature,Mature,0.16054671162673465,0.1631059233879039,0.1628758288665151,0.10861271444140468,0.40485882167744175
4,4,Mature,Mature,0.15575135562498146,0.19126447077801947,0.11685212903740805,0.1286462491102583,0.40748579544933267
4,3,Mature,Day 84,0.1437246018529504,0.18212168514571836,0.13614394503997365,0.31280210524702945,0.22520766271432813
4,4,Mature,Mature,0.1699185664571388,0.1155839802545751,0.17885434427306107,0.11554248489341812,0.42010062412180693
4,4,Mature,Mature,0.15329317751328675,0.17077908621294557,0.10459973256455472,0.15839542586893524,0.41293257784027776
4,4,Mature,Mature,0.1615437988195683,0.11512663494125816,0.08578942049196696,0.1868728617010808,0.45066728404612566
4,4,Mature,Mature,0.13531203551850093,0.17690717421938695,0.15549074748406502,0.12852109783199772,0.4037689449460494
4,4,Mature,Mature,0.116629355927209,0.2524101609295014,0.18198080551529042,0.18590747405045221,0.26307220357754696
4,4,Mature,Mature,0.13352582772691088,0.17797629684054475,0.12868380620822878,0.19206041792641187,0.3677536512979039
4,4,Mature,Mature,0.2063133252012265,0.15078972864040704,0.17922429236468418,0.13303550215362503,0.3306371516400574
4,4,Mature,Mature,0.11995555383442565,0.12727143724289156,0.19134442216586509,0.11539894854991013,0.4460296382069075
4,4,Mature,Mature,0.1389949874328546,0.13635989387125685,0.11547063185492519,0.25192169214285115,0.3572527946981122
4,4,Mature,Mature,0.19862555982277344,0.18079122152090718,0.224097724222361,0.11047071943237538,0.286014775001583
4,4,Mature,Mature,0.2351662019951915,0.10431619232150165,0.1175260552549053,0.1723207416369972,0.3706708087914043
4,4,Mature,Mature,0.19608583684138517,0.1254277102987514,0.12047541839947126,0.17252717968330966,0.38548385477708247
4,4,Mature,Mature,0.1669939144785324,0.13942619380391313,0.09808185706589423,0.13950414772450084,0.4559938869271593
4,4,Mature,Mature,0.13227791280516785,0.11326148434567078,0.16701072297193884,0.11091467468076756,0.47653520519645504
4,4,Mature,Mature,0.1555264456274494,0.13105466504181212,0.15716666480816616,0.16813738205899298,0.3881148424635793
4,4,Mature,Mature,0.1617591959878533,0.1100404427932449,0.1642616118069117,0.25887524350090246,0.3050635059110876
4,4,Mature,Mature,0.11844659501550416,0.14499454294818026,0.1305230642965854,0.21167431067278533,0.3943614870669449
4,4,Mature,Mature,0.19109990931724954,0.16223378883121378,0.1268927590491794,0.18161548361737248,0.3381580591849848
4,4,Mature,Mature,0.1384063675668135,0.12166289954697009,0.16694573804523657,0.23264687524246092,0.340338119598519
4,4,Mature,Mature,0.1601977433521755,0.1542633520841492,0.1499275821626655,0.11316912884424872,0.42244219355676094
4,4,Mature,Mature,0.17316042256623182,0.10431463452351185,0.1070122648065024,0.15679844872683224,0.4587142293769216
4,4,Mature,Mature,0.1325968401207636,0.10030895191045372,0.15187717226824385,0.18750600946087867,0.4277110262396602
4,4,Mature,Mature,0.14135699373355587,0.11798939402476388,0.1670965338619975,0.15538622571249433,0.41817085266718856
4,4,Mature,Mature,0.14949123130561226,0.10040531439096162,0.15230306675048821,0.21792027023523608,0.3798801173177019
4,4,Mature,Mature,0.18107764606847426,0.11566394179963396,0.14551151011450228,0.18334745845579034,0.37439944356159927
4,4,Mature,Mature,0.10799167550833531,0.07909067914082706,0.12938360784081687,0.19782235865272332,0.4857116788572974
4,4,Mature,Mature,0.16164205789942643,0.1701266347994759,0.1715475851819709,0.16114095728155658,0.33554276483757023
4,4,Mature,Mature,0.14237029627560785,0.15518280112021593,0.18218394440668603,0.1851469666563156,0.33511599154117455
4,4,Mature,Mature,0.16583295827568112,0.17123951533385548,0.16231745205327283,0.13780530899536292,0.3628047653418277
4,4,Mature,Mature,0.18015407947693698,0.10146557792728164,0.09122990582747176,0.25020881905919495,0.3769416177091146
4,4,Mature,Mature,0.1550043336551493,0.1013152832530978,0.16280230787617783,0.16949259472564446,0.41138548048993073
4,4,Mature,Mature,0.22154148645701466,0.15941675103294656,0.1485505600838223,0.16963592551095,0.30085527691526653
4,4,Mature,Mature,0.17694138776734514,0.15783943386264943,0.15046231991439651,0.2513104196546671,0.26344643880094176
4,4,Mature,Mature,0.1507065384171196,0.13687803346627084,0.16525162559727688,0.20601983276981045,0.34114396974952227
4,4,Mature,Mature,0.11008996225574808,0.09381361036832604,0.17908908487320072,0.25991126332364695,0.35709607917907815
4,4,Mature,Mature,0.12355157399165835,0.1987549396125235,0.10744338116976991,0.1579819124071821,0.4122681928188662
4,4,Mature,Mature,0.12785325426780783,0.15068186473936207,0.13946542953589947,0.19614145768127736,0.3858579937756534
4,4,Mature,Mature,0.12580897589848727,0.12831047548591545,0.14027092428780982,0.20940859302747442,0.39620103130031314
4,4,Mature,Mature,0.15559931167804017,0.14178896269067456,0.14961343205562488,0.21553254298021837,0.337465750595442
4,4,Mature,Mature,0.1503347645785757,0.242076891651527,0.16101763458701535,0.09506119320180681,0.35150951598107516
4,4,Mature,Mature,0.15851067926896245,0.08103246356980943,0.2128507196686424,0.1497449547849566,0.3978611827076292
4,4,Mature,Mature,0.150495069854976,0.11347530705052729,0.12630368552821417,0.14591565393281433,0.4638102836334682
4,4,Mature,Mature,0.12523363625342546,0.11061832883690803,0.106501047003691,0.2064881783541286,0.4511588095518469
4,4,Mature,Mature,0.1614067541104086,0.13251516520997314,0.1339005573223429,0.10523657630420039,0.4669409470530749
4,4,Mature,Mature,0.13499665661857507,0.09995000130936575,0.20533809109642867,0.15466972930800119,0.40504552166762936
4,4,Mature,Mature,0.15189224597732187,0.13569569254574623,0.14552283643495476,0.12394833594895707,0.44294088909302015
4,4,Mature,Mature,0.1262416563515415,0.1289885210282261,0.10972657305664646,0.11517019114674307,0.5198730584168428
4,4,Mature,Mature,0.16278285260298447,0.12431739989760232,0.11335799074160616,0.13074604169820417,0.46879571505960294
4,4,Mature,Mature,0.11380807515053681,0.11670074115120144,0.18644571329856827,0.1149498413506867,0.4680956290490069
4,4,Mature,Mature,0.11079123834526038,0.1846791169507267,0.21313851735861658,0.18792947365470375,0.30346165369069256
4,4,Mature,Mature,0.10706437142233219,0.18434287198950333,0.13261922402510343,0.17851508553113787,0.3974584470319233
4,4,Mature,Mature,0.11969162603386047,0.17965994451419598,0.14689273016001106,0.2166840855915112,0.3370716137004214
4,4,Mature,Mature,0.1250024588411156,0.12790513248290308,0.15856105385672625,0.1514220930760382,0.4371092617432169
4,4,Mature,Mature,0.20014761924614127,0.1289479915667671,0.15973458677650615,0.19190746178308435,0.31926234062750114
4,4,Mature,Mature,0.2040935387625865,0.10884794733605725,0.1582329549320491,0.18241685059333576,0.3464087083759713
4,4,Mature,Mature,0.10927730410535981,0.17320340649024366,0.1780716649137747,0.14491569709516605,0.3945319273954557
4,4,Mature,Mature,0.14716435924282856,0.09681292334354438,0.1130598849978093,0.2119907379119813,0.4309720945038365
4,4,Mature,Mature,0.1344753787759763,0.1209916273107756,0.13860528659189494,0.15991986971402147,0.4460078376073317
4,4,Mature,Mature,0.10680682229949982,0.19950326565921062,0.20313551019492473,0.13450978470843333,0.3560446171379315
4,4,Mature,Mature,0.12484672980012428,0.1392737120920788,0.14464830256873942,0.16115900978514355,0.43007224575391395
4,4,Mature,Mature,0.10769642838249067,0.09526768334309234,0.10192095885042479,0.182631100203352,0.5124838292206402
4,4,Mature,Mature,0.1322339423849504,0.21161004462567476,0.1698800736093275,0.19391405084357968,0.29236188853646766
4,4,Mature,Mature,0.13008209069083623,0.10054675786853466,0.1174048203507919,0.10744921593418488,0.5445171151556524
4,4,Mature,Mature,0.1357159026211456,0.14826923981406334,0.1601964473508764,0.12517513758022636,0.43064327263368835
4,4,Mature,Mature,0.15006165406244937,0.11960626296220943,0.16075481783938791,0.23807087151877807,0.3315063936171752
4,4,Mature,Mature,0.1522404876327457,0.13857033956823855,0.18029418844916348,0.1450301730231962,0.3838648113266561
4,4,Mature,Mature,0.18322423382986386,0.19866357247126934,0.18568969291504964,0.16328342768026083,0.26913907310355634
4,4,Mature,Mature,0.15853544970624237,0.14072166785126625,0.14009370064999122,0.26499483907505217,0.29565434271744806
4,4,Mature,Mature,0.23348083522651192,0.15052840153212085,0.10371640226584596,0.17358699381704923,0.338687367158472
4,4,Mature,Mature,0.13309307082676458,0.09926690745020224,0.14204912938867728,0.1359386550508155,0.4896522372835404
4,4,Mature,Mature,0.16416868333783655,0.10375893798802682,0.11906595291814655,0.19557102202634244,0.4174354037296476
4,4,Mature,Mature,0.127526106054014,0.1200752353929312,0.18076292195151908,0.20744297793913877,0.3641927586623969
4,4,Mature,Mature,0.16122054384319556,0.2202677985882266,0.13117991631795156,0.11407255895165212,0.3732591822989741
4,4,Mature,Mature,0.13099145172884133,0.10986128942440343,0.1590952038498913,0.19533357381789015,0.4047184811789738
4,1,Mature,Day 28,0.1285825674748943,0.24510764925398798,0.1741386630995307,0.20826953096666423,0.24390158920492283
4,4,Mature,Mature,0.12152721464998258,0.13997302893880506,0.14552773207072509,0.1628890813006521,0.43008294303983513
4,4,Mature,Mature,0.1654168989069314,0.13369649058965238,0.16252676326266297,0.13781223480952226,0.4005476124312309
4,4,Mature,Mature,0.15608570186516657,0.12906094668919163,0.1511364429785671,0.1870001960709219,0.3767167123961529
4,4,Mature,Mature,0.15623877025813865,0.10867761409639146,0.17401305031831263,0.187324508059567,0.3737460572675903
4,4,Mature,Mature,0.12849110910798037,0.12849862527280334,0.16609205403519486,0.19908154859873634,0.37783666298528507
4,4,Mature,Mature,0.12346663401122412,0.13376816989530738,0.16977626377711516,0.12197261199534787,0.45101632032100536
4,4,Mature,Mature,0.1419556585253409,0.16745824258293013,0.17791677897270936,0.15607797426302225,0.35659134565599737
4,4,Mature,Mature,0.19875749042728785,0.1463865055004105,0.1358807694853247,0.15883879488749564,0.3601364396994814
4,4,Mature,Mature,0.17263844652127464,0.12262202404175367,0.13506801422625592,0.20051211048400233,0.36915940472671344
4,4,Mature,Mature,0.18226194627784886,0.1552658315588646,0.18772864756364,0.16721140094855558,0.307532173651091
4,4,Mature,Mature,0.14845669651255053,0.20220666452805694,0.17857087581499614,0.14770168594899014,0.32306407719540636
4,4,Mature,Mature,0.11569811181123078,0.22197453399253936,0.13937816679428297,0.1834619950195477,0.3394871923823992
4,4,Mature,Mature,0.09131003276653304,0.17959042497982006,0.12724580647049985,0.1153052479939928,0.4865484877891541
4,4,Mature,Mature,0.13954373491560007,0.1755570177379669,0.1446771725334921,0.11793531429959525,0.42228676051334574
4,4,Mature,Mature,0.11944513346736688,0.16465560779356161,0.12657341776133899,0.168536171717628,0.42078966926010447
4,4,Mature,Mature,0.13877571274835487,0.14860971758782146,0.1736758459481032,0.12665170495124783,0.41228701876447266
4,4,Mature,Mature,0.07727426313545284,0.16936116153350833,0.1580576082577895,0.15108010105287162,0.44422686602037775
4,4,Mature,Mature,0.183628195824019,0.12099007455018349,0.11499461059956805,0.1713491183984113,0.4090380006278182
4,4,Mature,Mature,0.14597280680553043,0.2166884401141216,0.17567036059094726,0.12262824433612794,0.3390401481532726
4,4,Mature,Mature,0.17231098770042197,0.1948774764923274,0.11662553744323202,0.21829932481621592,0.29788667354780257
4,4,Mature,Mature,0.1908724804739424,0.1284550748461366,0.141593828050218,0.08358714060875325,0.45549147602094986
4,4,Mature,Mature,0.10023537430423501,0.08887097030042136,0.10996767966676552,0.19780683700275456,0.5031191387258235
4,4,Mature,Mature,0.11865842032262147,0.13962556605988544,0.11866944834564674,0.10334457962576608,0.5197019856460802
4,4,Mature,Mature,0.09856392032974082,0.1558613255963566,0.15625028324703297,0.1560178364831956,0.43330663434367406
4,4,Mature,Mature,0.2013769315589135,0.11143404287946142,0.1019738286433171,0.0873133118855663,0.49790188503274163
4,4,Mature,Mature,0.09718560743448343,0.1343983253779125,0.09241236188794497,0.18716802072522196,0.4888356845744372
4,4,Mature,Mature,0.12154961606110322,0.14671053028823952,0.14418677843607136,0.21833373082388424,0.3692193443907016
4,4,Mature,Mature,0.1745454050530616,0.13603040393778754,0.13213692064403135,0.15224455779895535,0.4050427125661642
4,4,Mature,Mature,0.12985570626742948,0.07521639754361453,0.1114957523554002,0.14805550803916157,0.5353766357943942
4,4,Mature,Mature,0.13873117879997773,0.08528019850426821,0.19464146278908528,0.12721905975338396,0.4541281001532848
4,4,Mature,Mature,0.12408576497307505,0.08975174068742488,0.11930529250940665,0.08205083797517433,0.5848063638549191
4,4,Mature,Mature,0.12217256392298684,0.09050669339416745,0.13152480424479532,0.14300282425367353,0.5127931141843769
4,4,Mature,Mature,0.1730380416613225,0.11799442491466519,0.10906632698949674,0.18991073334940808,0.4099904730851074
4,4,Mature,Mature,0.13248311460857273,0.2056392516219685,0.11929350395294769,0.12023913494643543,0.4223449948700757
4,4,Mature,Mature,0.12554942023650598,0.15820694831448165,0.12338916158505397,0.15490821230117724,0.43794625756278105
4,4,Mature,Mature,0.11204126045157595,0.09853545545525792,0.16408890979131818,0.10988165093454028,0.5154527233673076
4,4,Mature,Mature,0.1639301969829455,0.17151423718902725,0.1937446822291628,0.13870471311276117,0.3321061704861034
4,4,Mature,Mature,0.12463139685879443,0.11619439947990762,0.1864763425880618,0.1410338918666998,0.4316639692065363
4,4,Mature,Mature,0.1418430633363156,0.10299335526697989,0.17418872493003792,0.18516852177479376,0.3958063346918728
4,4,Mature,Mature,0.18671706263998844,0.14117548508521538,0.22977829331931135,0.14138018135811864,0.3009489775973663
4,4,Mature,Mature,0.1654819417569848,0.1484272139804411,0.18494839272700847,0.12059657995268012,0.38054587158288555
4,4,Mature,Mature,0.127859989040892,0.1491403407823145,0.14120712682201483,0.1323118706870979,0.4494806726676809
4,4,Mature,Mature,0.1313999862957443,0.20756878941856804,0.20966560894129074,0.14934428506830932,0.30202133027608763
4,4,Mature,Mature,0.17076680602803987,0.16158735479422445,0.17256428893012815,0.2406561751346207,0.2544253751129868
4,4,Mature,Mature,0.16999674430006978,0.14439079705029537,0.09117977694029483,0.14520076031644397,0.44923192139289597
4,4,Mature,Mature,0.11902536478237928,0.11441878517810805,0.12089815983776331,0.14234711713693532,0.5033105730648141
4,4,Mature,Mature,0.157129185589777,0.15845070678267495,0.22721639375867217,0.19684949179469108,0.26035422207418474
4,4,Mature,Mature,0.20156931663772965,0.14610611172811744,0.14066091304784456,0.17248899701943018,0.33917466156687825
4,4,Mature,Mature,0.1672536788870566,0.13470274978461289,0.14757875291862366,0.1656460150877024,0.38481880332200435
4,4,Mature,Mature,0.18219222363136145,0.08566547623567534,0.1622792437667027,0.1388779609293933,0.4309850954368671
4,4,Mature,Mature,0.12515985017688047,0.12553134674561084,0.09334206940313512,0.19703336481820066,0.4589333688561728
4,4,Mature,Mature,0.15869079389703955,0.11148213428590095,0.11909511256308968,0.17320204841004763,0.4375299108439222
4,4,Mature,Mature,0.16313424325312478,0.08644757493091075,0.134479639809608,0.27462094125529035,0.34131760075106604
4,4,Mature,Mature,0.14624594118928452,0.21390442295204293,0.08381884459214335,0.13360705240386436,0.4224237388626649
4,4,Mature,Mature,0.1687545668867068,0.16311012274751338,0.11568177076792582,0.20978803046455205,0.34266550913330185
4,4,Mature,Mature,0.2009395629672443,0.11544788853375046,0.1506509240642353,0.15697082605096302,0.37599079838380695
4,4,Mature,Mature,0.11380141143442724,0.12235558572643025,0.14697481207240295,0.17297605757777482,0.4438921331889648
4,4,Mature,Mature,0.14243088429249,0.1186408556964691,0.12759579928841705,0.15995801095503354,0.45137444976759017
4,4,Mature,Mature,0.13976717522487025,0.13980439540240994,0.10394470709373842,0.20108711143682648,0.41539661084215485
4,4,Mature,Mature,0.18513262982111112,0.1415537081204854,0.10046514465527569,0.15700953762194453,0.4158389797811833
4,4,Mature,Mature,0.1759877578286552,0.08871098795163788,0.15263019407659553,0.19831752546551232,0.38435353467759903
4,4,Mature,Mature,0.1668640110961516,0.13670103793762087,0.14134630725671077,0.1729159745429018,0.38217266916661496
4,4,Mature,Mature,0.16809825910060835,0.11677833213147511,0.11894333112598528,0.2652664776740054,0.3309135999679259
4,4,Mature,Mature,0.0905976249224893,0.11224448163210737,0.1498062142952469,0.17696914157531488,0.47038253757484144
4,4,Mature,Mature,0.1814358710203434,0.16177942228969727,0.15826479937017182,0.23088631797706138,0.2676335893427261
4,4,Mature,Mature,0.14301324962614756,0.1776881257411373,0.16936297317627083,0.12163093745736846,0.3883047139990759
4,4,Mature,Mature,0.12200908506411348,0.15367387549733239,0.16166046250161875,0.11657046488434589,0.44608611205258947
4,4,Mature,Mature,0.14952323851374974,0.12249815430365645,0.1541345610026423,0.2027638444962859,0.3710802016836657
4,4,Mature,Mature,0.14153554848333663,0.17787491347751624,0.1527386431556068,0.1657739923702736,0.36207690251326663
4,4,Mature,Mature,0.16822308346162,0.14973835664833549,0.19739663168071778,0.1708918510525177,0.3137500771568091
4,4,Mature,Mature,0.11646112596482215,0.19632901701751213,0.15392120366810036,0.22567517962569283,0.3076134737238725
4,4,Mature,Mature,0.14383477964948396,0.14073452372331413,0.1248357426930115,0.17433418631660738,0.4162607676175829
4,4,Mature,Mature,0.13833192188629181,0.13467113206269762,0.1457853851947399,0.22381658742326466,0.357394973433006
4,4,Mature,Mature,0.16111605318722647,0.17457946659699083,0.15795507622215874,0.17111784818071174,0.3352315558129122
4,4,Mature,Mature,0.15688802171569716,0.12634961417257223,0.1643422058486362,0.17638929675767312,0.37603086150542137
4,4,Mature,Mature,0.18231793177845967,0.1458745112186641,0.14756901679069764,0.15370534643633407,0.3705331937758444
4,4,Mature,Mature,0.16270026854665057,0.1528075772030853,0.14302276832724134,0.17683046789736778,0.36463891802565507
4,4,Mature,Mature,0.12478586940622251,0.09621111290572984,0.17756759202733285,0.13197606664600597,0.46945935901470887
4,4,Mature,Mature,0.11523141348937503,0.19122734029778907,0.12225802589700069,0.1681407140563988,0.40314250625943643
4,4,Mature,Mature,0.16773032404771346,0.11773350445407259,0.1403950623327313,0.13289179658735034,0.44124931257813227
4,4,Mature,Mature,0.17489038053047334,0.14111160960272157,0.15850092220217651,0.13210821927173558,0.3933888683928931
4,4,Mature,Mature,0.13850857673246283,0.14230678268816957,0.1689182310356125,0.11663414810174558,0.4336322614420094
4,4,Mature,Mature,0.08462405541138464,0.25938870885003107,0.12884702540853102,0.20025804915686468,0.32688216117318863
4,4,Mature,Mature,0.18820618918522963,0.22087891966373407,0.15043095417136648,0.13509330683053775,0.30539063014913204
4,4,Mature,Mature,0.09116676749363538,0.14520283814626508,0.1872918381099379,0.17655534925147282,0.39978320699868874
4,4,Mature,Mature,0.16925546497811736,0.16583515432872575,0.1043019705132134,0.17963900853581594,0.38096840164412754
4,4,Mature,Mature,0.07678862999239144,0.09854014091734056,0.1662864538521173,0.16247852497622428,0.4959062502619265
4,4,Mature,Mature,0.16310850294833856,0.14968286429432295,0.13347951085293153,0.1787301562468982,0.37499896565750873
4,4,Mature,Mature,0.16292456827144247,0.12866690524588412,0.12063058758569753,0.18396051448146097,0.4038174244155148
4,4,Mature,Mature,0.12318994746167701,0.10782981640912916,0.14653444416993502,0.1359160814669915,0.4865297104922673
4,4,Mature,Mature,0.11769346280782021,0.13323275992479097,0.1009297106866283,0.15705234232343526,0.4910917242573254
4,4,Mature,Mature,0.14358653651428252,0.12477723394184442,0.12802011063647584,0.1832164700588652,0.4203996488485319
4,4,Mature,Mature,0.13219875490418515,0.13999764148682567,0.13752883115809764,0.16351982818099772,0.42675494426989385
4,4,Mature,Mature,0.12770085771030865,0.22771756052844958,0.13924468023407693,0.17587706960758034,0.3294598319195845
4,4,Mature,Mature,0.12180521994901645,0.1677523189325376,0.12333489921680206,0.1988703554458913,0.38823720645575266
4,4,Mature,Mature,0.12344072953525426,0.161191955563362,0.12169051696792718,0.2069621071877094,0.3867146907457471
4,4,Mature,Mature,0.14520846411737853,0.10822846509433982,0.304935613999863,0.11951982509195841,0.3221076316964603
4,4,Mature,Mature,0.1720487521861282,0.161610101832474,0.16396067042749468,0.1427507159152888,0.3596297596386143
4,4,Mature,Mature,0.15219882178930022,0.12470321888381801,0.13287931730215852,0.13359559370210838,0.45662304832261486
4,4,Mature,Mature,0.19577889025635062,0.19176085056094916,0.12249816921634872,0.1658072764409679,0.3241548135253836
4,4,Mature,Mature,0.1453671667235257,0.14310253568533743,0.185592186373058,0.14149868239417593,0.38443942882390303
4,4,Mature,Mature,0.21355020483370668,0.1390788620528743,0.12248043273556364,0.16608171772707483,0.35880878265078053
4,4,Mature,Mature,0.18080038979773913,0.15057513648977003,0.16778475175578114,0.18290691949604687,0.3179328024606629
4,4,Mature,Mature,0.12079419143217418,0.13014752224291642,0.11485455253253946,0.1569810932003379,0.477222640592032
4,4,Mature,Mature,0.13528276800914776,0.17072491868729342,0.10281048870237258,0.17473567602085271,0.4164461485803335
4,4,Mature,Mature,0.15675518934697213,0.17509022003340716,0.14881279499432495,0.20705716408667896,0.3122846315386168
4,4,Mature,Mature,0.10690257844216643,0.17151718163182503,0.23857625500129923,0.14202249439246023,0.3409814905322491
4,4,Mature,Mature,0.13887270605404464,0.097354727812927,0.10802083513362756,0.16168281814822896,0.4940689128511719
4,4,Mature,Mature,0.12461338798974926,0.10989847645532427,0.1413784853788017,0.20749582801826302,0.41661382215786186
4,4,Mature,Mature,0.12377653536698477,0.14007760501738137,0.17982221735742868,0.1800598912983606,0.3762637509598446
4,4,Mature,Mature,0.18399961455359504,0.11474491471478829,0.14384633434047786,0.1652859243488499,0.3921232120422889
4,4,Mature,Mature,0.15011049527568482,0.09876092087487426,0.261580916136336,0.15208885516582946,0.3374588125472754
4,4,Mature,Mature,0.12364794391454102,0.13437006594253253,0.11163727232827703,0.1514478918944014,0.4788968259202481
4,4,Mature,Mature,0.15665713454371274,0.15468803096426856,0.12590101238825294,0.13913878022160076,0.423615041882165
4,4,Mature,Mature,0.1614074859020026,0.17671510629076184,0.21150899975709211,0.18130926759485824,0.26905914045528506
4,4,Mature,Mature,0.11429884936556536,0.2065891349515013,0.11386402878329227,0.18116514280664628,0.38408284409299465
4,4,Mature,Mature,0.158427802627503,0.15625796531457548,0.16936355294927832,0.10119770624272612,0.41475297286591706
4,4,Mature,Mature,0.09932187885391376,0.18896813755708078,0.1487830900565071,0.11144326187353783,0.4514836316589605
4,4,Mature,Mature,0.13015822268860677,0.18786601978481338,0.15823714359408364,0.18991890279985368,0.3338197111326425
4,4,Mature,Mature,0.12675817021174704,0.14839201424472276,0.15457545238612008,0.10896205957442343,0.4613123035829867
4,4,Mature,Mature,0.0924380560614268,0.15235335011534332,0.09213743922657838,0.1752277860383382,0.48784336855831323
4,4,Mature,Mature,0.11511758232166311,0.10972501300890904,0.1417890446339857,0.1300718025040952,0.5032965575313469
4,4,Mature,Mature,0.13260431524044283,0.11346863058927081,0.11419411137175463,0.11684378564251453,0.5228891571560172
4,4,Mature,Mature,0.13144426859239927,0.12261885965161584,0.12481810484514184,0.2865460712203108,0.3345726956905323
4,4,Mature,Mature,0.15647754147172774,0.16691201742089015,0.1782365924039136,0.17452880799776202,0.32384504070570647
4,4,Mature,Mature,0.1721869932630352,0.15886028622003806,0.14903252957674604,0.12155723396965322,0.3983629569705275
4,4,Mature,Mature,0.12113714849465222,0.13021451468654666,0.16194734391954993,0.20256084908091943,0.3841401438183319
4,4,Mature,Mature,0.09987050219408997,0.13001394734650004,0.12357504724222217,0.1848097348952985,0.46173076832188936
4,4,Mature,Mature,0.11915736582074915,0.0973288219699492,0.1645123988910192,0.15358693716218053,0.4654144761561018
4,4,Mature,Mature,0.11660592059902583,0.15592377813124322,0.22500344034709316,0.1645260514959476,0.33794080942669025
4,4,Mature,Mature,0.1417647084908736,0.10386916526720011,0.17515942695677927,0.1282135573989908,0.4509931418861562
4,4,Mature,Mature,0.13345083314546904,0.1706629611903933,0.1153427448887934,0.18697424921883887,0.39356921155650537
4,4,Mature,Mature,0.13591924408621245,0.06378506438450263,0.25209292919861725,0.2063221084042855,0.3418806539263823
4,4,Mature,Mature,0.1325175421543564,0.14743488570083016,0.20628694400151318,0.12346833936276383,0.39029228878053634
4,4,Mature,Mature,0.18843697088187084,0.09301011875528474,0.13019124792058118,0.25906747700324295,0.32929418543902034
4,4,Mature,Mature,0.13172323725529125,0.13841645628625118,0.11893076632756823,0.20945848854996088,0.4014710515809285
4,4,Mature,Mature,0.10805769157727431,0.14919845341641633,0.13836956236787398,0.18472005415847648,0.419654238479959
4,4,Mature,Mature,0.181521144348032,0.15569237976801162,0.14923404880639846,0.16129033610635043,0.35226209097120753
4,4,Mature,Mature,0.0995495494689505,0.16244713278154654,0.2011585265094448,0.18724520248537377,0.34959958875468433
4,4,Mature,Mature,0.1470568575097307,0.12481309691196364,0.1984832996677299,0.21262597169387237,0.3170207742167034
4,4,Mature,Mature,0.15327971430437226,0.092134281899035,0.15285261485897603,0.1661560107446465,0.4355773781929702
4,4,Mature,Mature,0.13408783885529071,0.12791043753836148,0.2271008529798682,0.13749251626948422,0.37340835435699543
4,4,Mature,Mature,0.11261425655270146,0.14491444600214307,0.15875141500869586,0.16144622803701716,0.4222736543994424
4,4,Mature,Mature,0.09952189253322793,0.10497270008918631,0.1305307137621389,0.17922768472163497,0.4857470088938118
4,4,Mature,Mature,0.19065307926532316,0.1172774140889393,0.11120749788848841,0.17984668153385647,0.4010153272233927
4,4,Mature,Mature,0.1654949366890613,0.13973942212309876,0.1376724609730117,0.1678008779543458,0.38929230226048234
4,4,Mature,Mature,0.13373140792760596,0.13179645149191124,0.1332400783581703,0.20948580988211563,0.39174625234019694
4,4,Mature,Mature,0.19217765009006815,0.11424316274705082,0.10268539724355343,0.2664890389427893,0.32440475097653837
4,4,Mature,Mature,0.15969945759619666,0.14029518174103778,0.14958390824929632,0.17098048744213198,0.37944096497133717
4,4,Mature,Mature,0.18588837852803547,0.12125510079031883,0.16725360357534952,0.1659515105195161,0.3596514065867801
4,4,Mature,Mature,0.15016976277532362,0.14954254345774565,0.15141063468292645,0.1392957208067407,0.40958133827726356
4,4,Mature,Mature,0.18741713539819263,0.18665326948519065,0.11873398532611248,0.11973473185048109,0.38746087794002315
4,4,Mature,Mature,0.18347283846491927,0.1836611016259666,0.11886461553938948,0.18288028947778248,0.33112115489194216
4,4,Mature,Mature,0.125299990224619,0.15203867050776834,0.14604229262001428,0.10550116097908087,0.4711178856685176
4,4,Mature,Mature,0.140974362791249,0.13790088450848667,0.17597469018927456,0.18197361688994887,0.3631764456210408
4,4,Mature,Mature,0.1475958635812246,0.11620240480773461,0.21182599416775574,0.24873318321074936,0.27564255423253575
4,4,Mature,Mature,0.11673285418958729,0.16361148923919902,0.17489431939479982,0.12336101385332719,0.4214003233230867
4,4,Mature,Mature,0.1379106447513936,0.20048635396372774,0.2078002106072021,0.18674970133219093,0.26705308934548555
4,4,Mature,Mature,0.20728650509268234,0.1466531868663337,0.14440205949127685,0.11395940077042836,0.3876988477792786
4,4,Mature,Mature,0.13410760304428826,0.15258029210506385,0.09309865205115747,0.18966499404292736,0.4305484587565629
4,4,Mature,Mature,0.20613420147430256,0.1742230100868639,0.15342445015528552,0.21729541731949836,0.24892292096404947
4,4,Mature,Mature,0.17283765961550854,0.19646895528752892,0.0850313382921416,0.17741673611908196,0.36824531068573907
4,4,Mature,Mature,0.14086491692453204,0.1983597591246629,0.11598393249302646,0.14707435954737225,0.39771703191040636
4,4,Mature,Mature,0.2302130968092654,0.14796751038704287,0.1498755695945955,0.18793946552479013,0.28400435768430604
4,4,Mature,Mature,0.13267962090303537,0.2168177509211955,0.1385801735261105,0.12725545863992527,0.3846669960097334
4,4,Mature,Mature,0.14184416019365792,0.10580957940579999,0.15968966184856215,0.22249061806953072,0.3701659804824492
4,4,Mature,Mature,0.13906052231854524,0.22844010360355482,0.12291776292430363,0.11511557801669683,0.39446603313689943
4,4,Mature,Mature,0.11933993746548824,0.17895020052458524,0.1595430079066594,0.18823368198331694,0.35393317211995023
4,4,Mature,Mature,0.10629836539775583,0.14338416414809832,0.17980288542136313,0.1297848742857666,0.440729710747016
4,4,Mature,Mature,0.13854959032334757,0.1744065388072668,0.10400135429844695,0.1122762643338155,0.4707662522371231
4,4,Mature,Mature,0.12485824048855668,0.13094647194299902,0.148434028911556,0.21596302436702972,0.37979823428985854
4,4,Mature,Mature,0.13882196647487283,0.14898301709857084,0.1432765935286471,0.15448246265452323,0.4144359602433859
4,4,Mature,Mature,0.17482105462537348,0.14532616448433724,0.2189902151335769,0.13878607318082198,0.32207649257589044
4,4,Mature,Mature,0.2331067377980058,0.11915409854185416,0.14828337545322418,0.13154202470633092,0.36791376350058497
4,4,Mature,Mature,0.22927786338919748,0.16083712427401553,0.16881429286310523,0.12152038870528326,0.31955033076839845
4,4,Mature,Mature,0.1724082520124798,0.16567663373310532,0.15702025626413904,0.11566553301625829,0.3892293249740175
4,4,Mature,Mature,0.16708350978224515,0.09130697494041778,0.11284948041626401,0.21097476542397106,0.417785269437102
4,4,Mature,Mature,0.09156607116458934,0.1511223591682307,0.13620412511833635,0.18724591480632516,0.4338615297425184
4,4,Mature,Mature,0.17083576602873163,0.17215428427595733,0.13844919331634425,0.17327562141912356,0.34528513495984325
4,4,Mature,Mature,0.22377340862572534,0.1433220888411043,0.12617772364600027,0.1490616915683548,0.3576650873188153
4,4,Mature,Mature,0.1581925300797663,0.09418929106129956,0.20737079420176296,0.16868978260595918,0.37155760205121185
4,4,Mature,Mature,0.13087072981833406,0.12941097568452734,0.13182278913635562,0.2037202801976804,0.40417522516310267
4,4,Mature,Mature,0.17568256254193923,0.12831295797755954,0.1570013675612273,0.1402136476064582,0.3987894643128158
4,4,Mature,Mature,0.11270148213138832,0.12196805488806232,0.12942007932832375,0.1459591167130488,0.4899512669391768
4,4,Mature,Mature,0.12351796554002892,0.1762353897748479,0.11216473417624977,0.16252787696243146,0.42555403354644183
4,4,Mature,Mature,0.15955740271379118,0.13892185376629268,0.1424392707702438,0.23038023982401576,0.32870123292565656
4,4,Mature,Mature,0.18483590400042524,0.13028301985736307,0.16893052501891254,0.13901609742671361,0.37693445369658557
4,4,Mature,Mature,0.12896720823616264,0.19206241192076096,0.13708976949260904,0.23573154372844238,0.306149066622025
4,4,Mature,Mature,0.12601158747497754,0.18894486316970416,0.15523146042280758,0.13670675543326405,0.39310533349924665
4,4,Mature,Mature,0.12661526828353847,0.08251433471374349,0.17118138479191344,0.21029365481839205,0.40939535739241256
4,4,Mature,Mature,0.12459969576520308,0.10280219736254878,0.13963902273482234,0.16483201123769362,0.4681270728997322
4,4,Mature,Mature,0.12249198348053499,0.11468930499292113,0.1069899306147081,0.16646085450728268,0.4893679264045531
4,4,Mature,Mature,0.18175264499709465,0.1675611989699864,0.17727686509634638,0.18451917625362638,0.28889011468294623
4,4,Mature,Mature,0.15783628892407012,0.10813409731626683,0.11494901374685727,0.12058994167148473,0.498490658341321
4,4,Mature,Mature,0.10700820434210893,0.166353934234302,0.1860883052429981,0.1257760404456783,0.4147735157349125
4,4,Mature,Mature,0.14304654644048492,0.16811754007572904,0.2102918289203814,0.10811164149624022,0.37043244306716433
4,4,Mature,Mature,0.14746485616361718,0.10935720753159996,0.14290762173134777,0.20499119031395996,0.39527912425947515
4,4,Mature,Mature,0.09474263763852814,0.2520093089840487,0.14644470481857555,0.16291024657052472,0.3438931019883229
4,4,Mature,Mature,0.18808373226450353,0.16421157050780183,0.11692871152400493,0.15746875056365028,0.37330723514003944
4,4,Mature,Mature,0.1882504551949591,0.1261027774335667,0.15812065474311449,0.1354397182709225,0.3920863943574373
4,4,Mature,Mature,0.16865495072694894,0.18518744276569749,0.18040096904459293,0.11677331905393196,0.3489833184088288
4,4,Mature,Mature,0.14793406417414545,0.12586501877034095,0.15464670917303752,0.20080144247124834,0.37075276541122765
4,4,Mature,Mature,0.18864447723731936,0.1142446934312384,0.09533398977482417,0.16441525449378705,0.437361585062831
4,4,Mature,Mature,0.10378697230848087,0.13058439304432548,0.1385271638514211,0.14250261841970713,0.4845988523760656
4,4,Mature,Mature,0.13604948553676893,0.09583472799489866,0.13277842195713757,0.17819261149335217,0.45714475301784263
4,4,Mature,Mature,0.1295152880365731,0.11331170443377822,0.11012231815229581,0.1839587530500078,0.4630919363273451
4,4,Mature,Mature,0.16192093641853608,0.14032096197978183,0.09203114216852643,0.13562946810615162,0.470097491327004
4,4,Mature,Mature,0.15213622711285923,0.07944794260211195,0.11826666137223135,0.1511483634117143,0.4990008055010832
4,4,Mature,Mature,0.10393727183620056,0.17410072604247231,0.15031304520247463,0.16918399570807252,0.40246496121077996
4,4,Mature,Mature,0.15225638348818088,0.15084038897497162,0.13058098604515214,0.17374441133005436,0.39257783016164094
4,4,Mature,Mature,0.18450972317492917,0.08573145823111925,0.16378923660908776,0.2549189191245464,0.3110506628603174
4,4,Mature,Mature,0.19129803919829397,0.2037456095080487,0.07726466149614593,0.182739674383679,0.34495201541383236
4,3,Mature,Day 84,0.1668355940228413,0.16476948302967834,0.09871251001733947,0.3296512129743284,0.24003119995581243
4,4,Mature,Mature,0.1247103569826152,0.20444654795700454,0.1022354261334007,0.1293646079248752,0.4392430610021044
4,4,Mature,Mature,0.2291826964794793,0.1573887338610047,0.17963760270977894,0.19167802463789033,0.24211294231184688
4,4,Mature,Mature,0.14171595734728723,0.14261929231901324,0.14541848224057333,0.13936461533714153,0.4308816527559847
4,4,Mature,Mature,0.16930556118325746,0.15699354382138386,0.1153407510825069,0.1316714518866428,0.42668869202620896
4,4,Mature,Mature,0.13110794578973844,0.1549521652380988,0.11154655628031884,0.11274709919366403,0.48964623349818
4,4,Mature,Mature,0.14374291491576566,0.12499004427898633,0.20764316789483045,0.1855754540413692,0.3380484188690484
4,4,Mature,Mature,0.13902580869350614,0.07001846733953444,0.16460279752512352,0.10056308244079205,0.5257898440010439
4,4,Mature,Mature,0.10924299063913427,0.20573224549579175,0.18527839459186404,0.1262998711250321,0.3734464981481777
4,4,Mature,Mature,0.15575106732328872,0.17287809464526926,0.1510644239131044,0.13242130286633738,0.3878851112520002
4,4,Mature,Mature,0.14994877984001337,0.1919528341406685,0.16880214495146795,0.1440402675314429,0.34525597353640736
4,4,Mature,Mature,0.11244689456701035,0.14522458642269342,0.22401207822729033,0.13124343769248037,0.3870730030905255
4,4,Mature,Mature,0.11728360847010541,0.1306098722611703,0.14285566687612272,0.15511124376408153,0.45413960862852
4,4,Mature,Mature,0.10617853136072682,0.1255387149373536,0.07449398342226761,0.1491452491111209,0.5446435211685311
4,4,Mature,Mature,0.12404270916689637,0.07568819709333018,0.14146939685248744,0.164745174598892,0.49405452228839386
4,4,Mature,Mature,0.21522060971975746,0.11955105946727872,0.11343269066153065,0.11751404636799044,0.4342815937834427
4,4,Mature,Mature,0.15202779925630822,0.11562025691742026,0.16598691267756355,0.17977298359017274,0.3865920475585352
4,4,Mature,Mature,0.13018609163403824,0.1380604308742726,0.09337994198700063,0.19938926797504788,0.43898426752964054
4,4,Mature,Mature,0.14694331991693613,0.15212311182851163,0.15671607169322477,0.16017421367365198,0.3840432828876754
4,4,Mature,Mature,0.1147506652392319,0.13341954987714408,0.1634264046282476,0.1535764580250478,0.4348269222303286
4,4,Mature,Mature,0.11243421313642547,0.13237037989701805,0.13695655492021627,0.18569299865757977,0.43254585338876045
4,4,Mature,Mature,0.14339690404200303,0.07250151160928106,0.16396334746636532,0.21217755257425214,0.4079606843080985
4,4,Mature,Mature,0.1793463185230613,0.13321956086279177,0.11058260857100853,0.16444839860026741,0.41240311344287106
4,4,Mature,Mature,0.15062830632626042,0.12620160680379772,0.14071592398200616,0.19087059674365897,0.39158356614427675
4,4,Mature,Mature,0.1441878087764888,0.14329250502209584,0.22421272414100826,0.19915456493382536,0.2891523971265818
4,4,Mature,Mature,0.12582870489083953,0.1494772453363909,0.15944505115990848,0.14891159884388008,0.41633739976898104
4,4,Mature,Mature,0.10169183097835521,0.12765069092631287,0.16244783976018198,0.15254015030577828,0.4556694880293717
4,4,Mature,Mature,0.14709758622995095,0.12061440012022996,0.20271158003635978,0.13680279855024924,0.39277363506321
4,4,Mature,Mature,0.16279987706427307,0.11457156442349067,0.15342266980833255,0.1371481096398929,0.43205777906401077
4,4,Mature,Mature,0.11107882486526997,0.11955348291699247,0.11100646099612341,0.11915402294444716,0.539207208277167
4,4,Mature,Mature,0.13495791731733228,0.11843832005244781,0.10438772894481498,0.17625391140113172,0.46596212228427325
4,4,Mature,Mature,0.1836696222898421,0.12053304905729438,0.13447318397995087,0.21787796612803767,0.343446178544875
4,4,Mature,Mature,0.1560587090959178,0.10286201762307234,0.1250941086073127,0.16587435725118344,0.4501108074225135
4,4,Mature,Mature,0.22710979871239412,0.09180477975956784,0.14117525642817486,0.1701784903257292,0.369731674774134
4,3,Mature,Day 84,0.12028577224833958,0.18434696013417587,0.1701989902546787,0.2912677322516392,0.23390054511116676
4,4,Mature,Mature,0.14467992577329963,0.13549951002133592,0.13551568389682658,0.07739901846299321,0.5069058618455446
4,4,Mature,Mature,0.16719473794974593,0.18121601557202685,0.177972299899824,0.15203410750683755,0.3215828390715656
4,4,Mature,Mature,0.17025174773782112,0.144611912988604,0.15492233547327253,0.12276347277884932,0.407450531021453
4,4,Mature,Mature,0.131980613361411,0.13821194327732358,0.14148304408714482,0.14486981012852038,0.44345458914560026
4,4,Mature,Mature,0.144089586096853,0.17737778498086954,0.13520433533798332,0.21647020555181937,0.32685808803247485
4,4,Mature,Mature,0.11469332310205879,0.16278681083327218,0.11538122865514425,0.2122737433017621,0.3948648941077626
4,4,Mature,Mature,0.14463119929254273,0.11393657033319295,0.14497138201197846,0.16131319078723724,0.4351476575750487
4,4,Mature,Mature,0.14437130014588406,0.12145760478211086,0.17701210292485822,0.2488717869550953,0.30828720519205155
4,4,Mature,Mature,0.22125106472113176,0.13947712101395793,0.12153622908649586,0.2124411375084362,0.30529444766997826
4,4,Mature,Mature,0.1495398867804739,0.13367060442875456,0.12870370082287272,0.21504863879308458,0.3730371691748143
4,4,Mature,Mature,0.119890693763273,0.18231832233578582,0.12885998326406856,0.14517363867570432,0.4237573619611683
4,4,Mature,Mature,0.10617640406504168,0.07900236272264416,0.16443547081024656,0.15140901107488072,0.49897675132718694
4,4,Mature,Mature,0.1310874262173101,0.14309140941995796,0.12079249319478469,0.2413979359917341,0.3636307351762132
4,4,Mature,Mature,0.1874037101353131,0.18878933572552625,0.14478125711038828,0.15220525071488922,0.32682044631388313
4,4,Mature,Mature,0.10625901343087743,0.11174783989948095,0.1668105389841154,0.1577051186641868,0.45747748902133945
4,4,Mature,Mature,0.23643810387556619,0.13482267259813516,0.14697002824846414,0.19789822365627613,0.28387097162155833
4,4,Mature,Mature,0.19599937182585658,0.08204285993887583,0.15385744244961963,0.1770543529849124,0.3910459728007355
4,4,Mature,Mature,0.1576898453705717,0.157030518855868,0.09758323532666861,0.24184499440108523,0.3458514060458065
4,4,Mature,Mature,0.1234126968212381,0.14524842866201887,0.2542690759616046,0.17333910745985454,0.3037306910952839
4,4,Mature,Mature,0.20410899557277787,0.1319209515747154,0.11411829893620018,0.1544385636116682,0.39541319030463845
4,4,Mature,Mature,0.12049736732485129,0.17792824570906024,0.14317304284021853,0.11759260765683842,0.4408087364690315
4,2,Mature,Day 56,0.09370593519533364,0.09412861576598046,0.32557442204824516,0.17360791087224553,0.3129831161181952
4,4,Mature,Mature,0.09881242223779595,0.15752105561385185,0.14966813188973022,0.21686183477726942,0.3771365554813526
4,4,Mature,Mature,0.09721216280697802,0.10188281590188426,0.11052206387501987,0.12545250766075197,0.564930449755366
4,4,Mature,Mature,0.10837403599525343,0.1914546561993236,0.19500587900205935,0.14435691759317856,0.36080851121018503
4,4,Mature,Mature,0.17009147609672404,0.10483659649642203,0.07755178398088738,0.1337425611667717,0.5137775822591948
4,4,Mature,Mature,0.15547604045309146,0.14569535778880455,0.15331419944853944,0.19871994752018987,0.3467944547893747
4,4,Mature,Mature,0.16685662616512628,0.132080335360545,0.16198730368439546,0.22750013459238996,0.31157560019754327
4,4,Mature,Mature,0.14870642763542608,0.14862238263757158,0.14365143209470135,0.23426845383039274,0.3247513038019083
4,4,Mature,Mature,0.13885304970349124,0.1290083161830967,0.20671292893984075,0.1627645480511715,0.3626611571223998
4,4,Mature,Mature,0.18200930940983312,0.10933728106965386,0.15208196508653365,0.20813490998644268,0.34843653444753664
4,4,Mature,Mature,0.13713736579152408,0.1536277057994143,0.10434996725831151,0.13188209169053827,0.47300286946021175
4,4,Mature,Mature,0.25478760932427696,0.12153412257272204,0.1282228611971849,0.13620695558776427,0.35924845131805183
4,4,Mature,Mature,0.14030301021303196,0.16783075934954564,0.16148160662466152,0.11143183933835449,0.41895278447440637
4,4,Mature,Mature,0.19536619558105042,0.13111719153540374,0.19113810499475814,0.1608210569310581,0.32155745095772953
4,4,Mature,Mature,0.15536088482788163,0.1283613361718052,0.1490711253477404,0.20546159703699102,0.3617450566155818
4,4,Mature,Mature,0.1053310008197234,0.1455991274823662,0.1352236623567677,0.15047848695001548,0.4633677223911273
4,4,Mature,Mature,0.11113033985258294,0.1668673882914585,0.16894308914735734,0.20028605998816948,0.35277312272043176
4,4,Mature,Mature,0.1294873131384172,0.15851108441471834,0.15907527471704294,0.16176178558407955,0.3911645421457419
4,4,Mature,Mature,0.15187261873619678,0.13451225286252808,0.18307777935076341,0.2131343220003361,0.31740302705017565
4,4,Mature,Mature,0.10668740657431831,0.1504731273694861,0.122881931683726,0.12189529043569315,0.49806224393677645
4,4,Mature,Mature,0.1720814963038744,0.11892972988971397,0.19660971207639968,0.18155472810016368,0.3308243336298482
4,4,Mature,Mature,0.17265476066887167,0.1410231577842018,0.10874375027345486,0.24996237782453964,0.327615953448932
4,4,Mature,Mature,0.1366497241872355,0.1075897363126124,0.18188808336697462,0.18206211497384417,0.3918103411593332
4,4,Mature,Mature,0.11969256382092984,0.15688323895104955,0.16908065045204834,0.13260588016012212,0.42173766661585005
4,4,Mature,Mature,0.19469830054125006,0.11419021170474915,0.17977373079379722,0.17777612626643535,0.33356163069376815
4,4,Mature,Mature,0.11186812861290489,0.15207101762145286,0.11087535885107666,0.18554037851006897,0.43964511640449666
4,4,Mature,Mature,0.08430178337879167,0.1109658035534606,0.20670110599795682,0.1284072872031818,0.4696240198666091
4,4,Mature,Mature,0.16700692469552478,0.13538588625681694,0.09587243829932127,0.2184064435058681,0.38332830724246886
4,4,Mature,Mature,0.15640147025598833,0.2187645923171947,0.1616257617020691,0.16861062996082357,0.2945975457639242
4,4,Mature,Mature,0.1162506661409019,0.10275970075503758,0.15349122400557658,0.15796668146668408,0.4695317276317997
4,4,Mature,Mature,0.18401494334927837,0.17026397609315405,0.14912341178692837,0.17268528210334697,0.3239123866672923
4,4,Mature,Mature,0.16902788286248605,0.11595916738056965,0.1523010136533744,0.17414288459094385,0.388569051512626
4,4,Mature,Mature,0.13811448022044875,0.10682659625467238,0.12541985978174938,0.17510063138621385,0.4545384323569156
4,4,Mature,Mature,0.1074675291785973,0.13915861158677326,0.11352922326339317,0.14474448457798877,0.4951001513932474
4,4,Mature,Mature,0.14412259036023195,0.08747719518136911,0.10800826048264077,0.1956797871033272,0.46471216687243094
4,4,Mature,Mature,0.10845562679512642,0.11264207174545557,0.1692501600500332,0.21373446688934208,0.39591767452004273
4,4,Mature,Mature,0.23350420157326102,0.15376614975330916,0.12734211080750968,0.1254305248747932,0.35995701299112687
4,4,Mature,Mature,0.1476710190011098,0.11761555897829011,0.20475233251778108,0.23358872224128982,0.2963723672615292
4,4,Mature,Mature,0.1074103447637614,0.11618866315983736,0.191642459922628,0.14270502878336522,0.44205350337040805
4,4,Mature,Mature,0.14653583348025395,0.12799692073750374,0.11391579628672269,0.1501798955680557,0.46137155392746393
4,4,Mature,Mature,0.1803442837744115,0.11168300846506443,0.13644694957472508,0.16849906551035626,0.40302669267544267
4,4,Mature,Mature,0.12175819271075203,0.10671618099242779,0.17857270576171097,0.11886164344566615,0.4740912770894431
4,4,Mature,Mature,0.12882970929383072,0.0900551538140643,0.12185816680421631,0.17243436987621016,0.48682260021167845
4,4,Mature,Mature,0.15602398622736513,0.17726059450801032,0.15109354282663406,0.142881676918427,0.37274019951956355
4,4,Mature,Mature,0.18394408117326488,0.18844070080252495,0.08508370642320147,0.20608060172543424,0.3364509098755744
4,4,Mature,Mature,0.17671899406139102,0.12119884583335497,0.0969644332209441,0.1945344294538223,0.41058329743048766
4,4,Mature,Mature,0.12097358880505987,0.11835010092249759,0.19482265371726837,0.20210805132197984,0.36374560523319427
4,4,Mature,Mature,0.15939535977953803,0.11942464981363336,0.13704254497265878,0.1402959387011044,0.4438415067330655
4,4,Mature,Mature,0.11961676158874392,0.1573657881228915,0.19500775768284526,0.14179779331361056,0.38621189929190863
4,4,Mature,Mature,0.14434073226617863,0.1430958837384285,0.09695025065934681,0.1033908002522424,0.5122223330838036
4,4,Mature,Mature,0.15492926772629573,0.10658180206387141,0.19334030682082798,0.18284701028489905,0.36230161310410586
4,4,Mature,Mature,0.14350462311018594,0.24249128190171498,0.10912372578214383,0.1912065761887911,0.3136737930171642
4,4,Mature,Mature,0.15731862654391332,0.17228671022096978,0.12469272860472826,0.20891320350511514,0.3367887311252735
4,4,Mature,Mature,0.11594913114560411,0.13168764318252044,0.10160644859805776,0.13440660600939253,0.5163501710644252
4,4,Mature,Mature,0.15382973082940044,0.1626542120676878,0.12727250146184066,0.2226525153280211,0.33359104031305004
4,4,Mature,Mature,0.1565265531488794,0.11014120242799917,0.11406046191668556,0.1223859855486665,0.4968857969577694
4,4,Mature,Mature,0.10091373490004395,0.150001514415572,0.10598712025530077,0.1930826257866415,0.45001500464244176
4,4,Mature,Mature,0.16066773599569434,0.14798873629030915,0.1676144927337558,0.20172563136072985,0.3220034036195109
4,4,Mature,Mature,0.13111948589306607,0.12935377804987147,0.10794871541487469,0.15163542197828667,0.47994259866390104
4,4,Mature,Mature,0.1296132729347892,0.13616187916324068,0.1682751102981692,0.1596443365559311,0.40630540104786983
4,4,Mature,Mature,0.15245469544178136,0.1208389182335391,0.1477956124094059,0.25544587876607505,0.3234648951491986
4,4,Mature,Mature,0.20983261500072284,0.18684253086842323,0.12455528620232909,0.12282547212898286,0.355944095799542
4,4,Mature,Mature,0.1693463745415772,0.11171342389220089,0.16312904161814004,0.2076751181357952,0.34813604181228675
4,4,Mature,Mature,0.13592671368900192,0.18010137526205858,0.16759201727400197,0.15584753219947184,0.3605323615754657
4,4,Mature,Mature,0.153541171400678,0.10482284429478962,0.1896700835078183,0.16156008840867667,0.39040581238803745
4,2,Mature,Day 56,0.17306492010864888,0.14125908944572135,0.2615397322645538,0.17527330002966762,0.24886295815140838
4,4,Mature,Mature,0.17994625759046143,0.13241366241632174,0.13639550590942764,0.2138086122301098,0.3374359618536794
4,4,Mature,Mature,0.10934053367768701,0.2189010182582805,0.17802514874378012,0.1672650707266107,0.32646822859364166
4,4,Mature,Mature,0.15642010568778217,0.16768113733564727,0.11926194034924507,0.17920240398791148,0.37743441263941396
4,4,Mature,Mature,0.14072180823852815,0.14682038897414815,0.14956252976566325,0.2080404786146248,0.35485479440703566
4,4,Mature,Mature,0.09739807391897451,0.09706550074477362,0.12897911811161605,0.2584595549729288,0.4180977522517069
4,4,Mature,Mature,0.15479777255882984,0.13819299310244726,0.14570449834811827,0.19912352347526358,0.362181212515341
4,4,Mature,Mature,0.12663449383993378,0.09125155949644707,0.2189131314984062,0.1362746950967561,0.4269261200684568
4,4,Mature,Mature,0.19617764325822146,0.12252954488025054,0.21181400747656917,0.1326827370436222,0.33679606734133655
4,4,Mature,Mature,0.12227349757037378,0.15125412507868521,0.18427431121653212,0.10213134880271332,0.4400667173316956
4,4,Mature,Mature,0.09909128095245277,0.1036725061617978,0.11608296806872982,0.18269647159688499,0.49845677322013454
4,4,Mature,Mature,0.13272429336839842,0.1373248666206296,0.16104952064270273,0.19187728182387018,0.37702403754439906
4,4,Mature,Mature,0.18438555320081892,0.11622263402951717,0.1096803794577825,0.16641220334318815,0.42329922996869335
4,4,Mature,Mature,0.14256660298745855,0.20189925754222024,0.16506869227444224,0.14297658177166306,0.347488865424216
4,4,Mature,Mature,0.15059215078935054,0.18642081447522393,0.19675039343919998,0.17945656047202171,0.2867800808242039
4,4,Mature,Mature,0.12477970797426506,0.11919823853605244,0.0721789369456059,0.13340876484613753,0.5504343516979391
4,4,Mature,Mature,0.17483930097355638,0.09704766006135362,0.1383067715389886,0.1871353596023249,0.4026709078237764
4,4,Mature,Mature,0.09152716294232237,0.15769566364842558,0.18790177253105161,0.14198680893446747,0.42088859194373296
4,4,Mature,Mature,0.12131485961331412,0.08435376681487503,0.2042540201090915,0.1851539754844118,0.4049233779783076
4,4,Mature,Mature,0.1453798108415436,0.10592140465831158,0.11934686044133756,0.16174368560825428,0.4676082384505531
4,4,Mature,Mature,0.1423747795200027,0.16410969095393008,0.12584044798161761,0.11974739117479713,0.4479276903696525
4,4,Mature,Mature,0.16091051649051058,0.11209007023376007,0.11503193759829955,0.20172443792301148,0.41024303775441834
4,4,Mature,Mature,0.13031497166185163,0.11998520868105604,0.19574954191409888,0.21945066846509212,0.3344996092779013
4,4,Mature,Mature,0.13768239143640243,0.18217958692621705,0.18216944944272348,0.1803343069579491,0.31763426523670796
4,4,Mature,Mature,0.1275599638256734,0.12757625045605317,0.16211070488406623,0.27109000410803064,0.31166307672617655
4,4,Mature,Mature,0.12854499776199535,0.15282481073036033,0.2103067317941291,0.13130857332498855,0.37701488638852665
4,4,Mature,Mature,0.12524652923128782,0.10594897831773988,0.0919098041229102,0.1830667779981145,0.4938279103299477
4,4,Mature,Mature,0.1622284129457134,0.12206532315872944,0.14772478025761954,0.16116033009058242,0.40682115354735515
4,4,Mature,Mature,0.12392276538795063,0.09778722315125603,0.27594746082239624,0.11915707881409832,0.3831854718242988
4,4,Mature,Mature,0.1044500540776554,0.09548359912766063,0.16365744599172172,0.19232612463167512,0.44408277617128716
4,4,Mature,Mature,0.13377456415107555,0.11350010787622816,0.09996820611141277,0.21027280550003785,0.44248431636124563
4,4,Mature,Mature,0.1041895746402551,0.13477402812878844,0.14620355543633098,0.14868462779473257,0.46614821399989287
4,4,Mature,Mature,0.15040044624381574,0.11445606599291035,0.1186766811343132,0.21403390920987617,0.4024328974190846
4,4,Mature,Mature,0.13475023508430736,0.08771228643241015,0.1461889684330939,0.18578802351134446,0.4455604865388443
4,4,Mature,Mature,0.2010754103939638,0.16598723431977122,0.1838193636740894,0.17591636922388665,0.273201622388289
4,4,Mature,Mature,0.19420581128518732,0.12249727224986184,0.17944025936757999,0.13416219723922648,0.36969445985814436
4,4,Mature,Mature,0.1303105083651968,0.1359796160036331,0.13297811029886622,0.17997571793543915,0.4207560473968648
4,4,Mature,Mature,0.14595692687464928,0.21439066613088273,0.1288768835394716,0.2066845833526009,0.3040909401023955
4,4,Mature,Mature,0.11926275617167598,0.11847976696339979,0.15653274662889935,0.2191586082573932,0.3865661219786316
4,4,Mature,Mature,0.1546638181828372,0.1436424474119193,0.10308974181660047,0.21443832947961913,0.38416566310902384
4,4,Mature,Mature,0.17173475255645826,0.10710899340178086,0.10387961300210348,0.16008241903505088,0.4571942220046065
4,4,Mature,Mature,0.13560877763257248,0.13465265924215405,0.17343096353125953,0.12669174413191805,0.429615855462096
4,4,Mature,Mature,0.2172848120775898,0.13727458156430206,0.1136089423596736,0.1470574891416405,0.384774174856794
4,4,Mature,Mature,0.1777079285656884,0.12824290313376335,0.1775641292676874,0.15859972207902373,0.357885316953837
4,4,Mature,Mature,0.18290796006475293,0.1697976054508058,0.19569255337677563,0.16785474917559456,0.283747131932071
4,4,Mature,Mature,0.15539049754539896,0.19344213270174068,0.1447738040666214,0.18511495879805875,0.32127860688818033
4,4,Mature,Mature,0.09895261825340713,0.16972592302054187,0.17725890910577946,0.1984965145403725,0.35556603507989903
4,4,Mature,Mature,0.1448209478612488,0.14926756704608388,0.18675763965533748,0.19072251271033963,0.32843133272699016
4,4,Mature,Mature,0.10607080779180678,0.1429945512445084,0.15493689716014325,0.20147215595779738,0.3945255878457442
4,4,Mature,Mature,0.11890659920645211,0.18970115694636736,0.08264769270952213,0.15857781011861974,0.4501667410190387
4,4,Mature,Mature,0.11365757632951466,0.16197518834792904,0.12847078842599507,0.19800008206653183,0.39789636483002927
4,4,Mature,Mature,0.18049471175327353,0.09498247248638465,0.1752790619463676,0.16762049728770734,0.38162325652626694
4,4,Mature,Mature,0.13593297751493605,0.10638328483760294,0.11563513859118779,0.12605207586301237,0.5159965231932608
4,4,Mature,Mature,0.19381223264600728,0.11665943768237048,0.16253589519807635,0.10915392893937464,0.4178385055341712
4,4,Mature,Mature,0.16507520458433378,0.09766693378550266,0.13765334826823672,0.19934799359735256,0.4002565197645743
4,4,Mature,Mature,0.22507954414904155,0.17288833463225434,0.19896860014577894,0.1743357746046108,0.22872774646831442
4,4,Mature,Mature,0.17456435972843365,0.14583316203383007,0.15851442079286684,0.23927812463002476,0.2818099328148447
4,4,Mature,Mature,0.20019400475568452,0.12835357839019662,0.11187961795295055,0.14357623298615385,0.41599656591501444
4,4,Mature,Mature,0.16342994775345254,0.08888288783691782,0.13211874433980328,0.22937434790917083,0.3861940721606555
4,4,Mature,Mature,0.17436392084175772,0.15177951655563315,0.1787270581005872,0.1338095569173961,0.3613199475846259
4,4,Mature,Mature,0.16353604814755407,0.11016286897042699,0.1559180532097201,0.20346864935483414,0.3669143803174647
4,4,Mature,Mature,0.1284000143081953,0.1301031851394731,0.15592182564374893,0.10691450798015961,0.47866046692842307
4,4,Mature,Mature,0.21506227071092185,0.11638278278548415,0.16220513400806452,0.1848124631924562,0.3215373493030732
4,4,Mature,Mature,0.17709386503730504,0.16418955570669722,0.18130128228233036,0.15901686955912073,0.31839842741454666
4,4,Mature,Mature,0.12544883006745203,0.13174752445863774,0.18734028514174575,0.26178394183027187,0.29367941850189266
4,4,Mature,Mature,0.1545221411366721,0.09688227053966655,0.11761877518684458,0.15673739271372347,0.47423942042309325
4,4,Mature,Mature,0.1563941002643817,0.15560700190511148,0.1579010418832183,0.20886674802183466,0.3212311079254539
4,4,Mature,Mature,0.19282718827058898,0.12764402498107477,0.12771848669806815,0.20899637440305252,0.3428139256472157
4,4,Mature,Mature,0.14016497184633794,0.12119028610904761,0.13712766830683126,0.1519756896336838,0.44954138410409944
4,4,Mature,Mature,0.12516427846018635,0.15748020742104285,0.17291442305806987,0.19565422755127312,0.3487868635094278
4,4,Mature,Mature,0.11783859069759416,0.13568834418828585,0.1220731555718833,0.23196180534151584,0.39243810420072084
4,4,Mature,Mature,0.23088887166711242,0.14068635570415677,0.13076797503298584,0.12519499982876278,0.3724617977669822
4,4,Mature,Mature,0.14045595687949713,0.13874202032015504,0.19690754336853938,0.18043768654830739,0.3434567928835011
4,4,Mature,Mature,0.17606065319707095,0.12368989814114122,0.2155471272152283,0.11341851212538778,0.37128380932117167
4,4,Mature,Mature,0.14446993097839445,0.1952947366821819,0.09957999522176318,0.1320745940907963,0.4285807430268643
4,4,Mature,Mature,0.21335321296856982,0.1514227834969939,0.11152806673508607,0.12847599519006106,0.3952199416092891
4,4,Mature,Mature,0.10104490401310949,0.09033675776109124,0.16687110780974898,0.17713012015185217,0.46461711026419816
4,4,Mature,Mature,0.10794229319975988,0.09104301590914576,0.14113751335255428,0.17147455468931652,0.48840262284922353
4,4,Mature,Mature,0.1971501168966316,0.09066910923501055,0.17428868086042262,0.12390219900309349,0.4139898940048419
4,4,Mature,Mature,0.13399536148585026,0.11932271490847535,0.13239205087818823,0.12062131836831333,0.49366855435917284
4,4,Mature,Mature,0.10845822253991225,0.14944501403442897,0.15297780287296578,0.23438127971020548,0.3547376808424876
4,4,Mature,Mature,0.15904570514329222,0.1874399795197746,0.12447106859413455,0.11262462796246378,0.41641861878033487
4,4,Mature,Mature,0.08263914669366265,0.19404597040931873,0.163277924033566,0.23442354498603798,0.3256134138774147
4,4,Mature,Mature,0.16549443155027344,0.12629573653409532,0.1820676509929608,0.1248585741593625,0.40128360676330793
4,3,Mature,Day 84,0.1315962783012863,0.10872734008211442,0.22599781473356312,0.2951018919122677,0.23857667497076845
4,4,Mature,Mature,0.2143808420009814,0.19084813848670645,0.1131382861383003,0.16870077157072166,0.31293196180329014
4,4,Mature,Mature,0.18957681295025972,0.11583144747163444,0.15901756092492964,0.15665698682042087,0.37891719183275524
4,4,Mature,Mature,0.1223361479976166,0.10945661083623316,0.12478303661900235,0.25445382066405314,0.38897038388309474
4,4,Mature,Mature,0.12793168465661636,0.17895194908439696,0.16027914223080453,0.13220626907529637,0.40063095495288575
4,4,Mature,Mature,0.09997874019211682,0.09569037784129734,0.11463920557173699,0.19828508186014257,0.4914065945347065
4,4,Mature,Mature,0.1673602608545999,0.24438493664228841,0.1648901658480124,0.13381389095254362,0.28955074570255573
4,4,Mature,Mature,0.14768518504272332,0.184119462357166,0.1327480079607913,0.20406639392266163,0.33138095071665774
4,4,Mature,Mature,0.11685030709103773,0.1403170851693586,0.23106418292704903,0.19416164255933419,0.3176067822532204
4,4,Mature,Mature,0.14228262434866087,0.16583194912013544,0.11821515665023624,0.18663583818341808,0.3870344316975495
4,4,Mature,Mature,0.232021101178399,0.11775258147790615,0.12233045987074749,0.19839709527214935,0.3294987622007981
4,4,Mature,Mature,0.14522815170283124,0.13664852049818685,0.1068407819051381,0.23906396988481124,0.3722185760090325
4,4,Mature,Mature,0.1729141840987796,0.10784778474413027,0.1418879061061913,0.15587884218445333,0.4214712828664454
4,4,Mature,Mature,0.15546172790548887,0.11981443763366295,0.08557675973710768,0.22051890106410083,0.4186281736596396
4,4,Mature,Mature,0.11964779358681214,0.14547403032527326,0.09908136457656336,0.21152682938457135,0.42426998212677974
4,4,Mature,Mature,0.14849024271458652,0.15910044097687664,0.2021973736000905,0.1880592536717287,0.3021526890367176
4,4,Mature,Mature,0.1371633643021279,0.13192693885423531,0.14349652403031754,0.15399955674486285,0.43341361606845646
4,4,Mature,Mature,0.1448707678262423,0.1760652571628126,0.16637739326789425,0.1944976484248792,0.31818893331817155
4,4,Mature,Mature,0.1297195000105056,0.1359910644985055,0.1502695612330126,0.1855504718323953,0.39846940242558104
4,4,Mature,Mature,0.12435523883348616,0.09847947562718509,0.09578537359190917,0.296417428004265,0.38496248394315463
4,4,Mature,Mature,0.13632487832039514,0.16653985799191376,0.17008912063810325,0.20571662211143896,0.3213295209381489
4,4,Mature,Mature,0.1581633391015558,0.14618442030010584,0.14202025951035754,0.1867885977496136,0.36684338333836713
4,4,Mature,Mature,0.12109948623629939,0.11676257670462321,0.15860161587040397,0.18261221999974647,0.420924101188927
4,4,Mature,Mature,0.08493612948706598,0.15080836461344937,0.14888823452355607,0.11859193143503531,0.49677533994089335
4,4,Mature,Mature,0.16894700804172733,0.10554322131312374,0.14969748044061099,0.1944719251139878,0.3813403650905501
4,4,Mature,Mature,0.16396459304065844,0.17479239306013286,0.14377735703927008,0.1582073245549315,0.35925833230500714
4,4,Mature,Mature,0.16770578910013492,0.1556940516500871,0.11659531887092432,0.19322059222700608,0.36678424815184757
4,4,Mature,Mature,0.10590652496624639,0.13570085904861373,0.20238642684550578,0.21269758261130786,0.3433086065283263
4,4,Mature,Mature,0.1411971086247689,0.136777267427839,0.16239305097702086,0.13820935662619538,0.421423216344176
4,4,Mature,Mature,0.15096721549174863,0.11193256009905227,0.13332644247934966,0.20651854669937003,0.39725523523047945
4,4,Mature,Mature,0.1361884066969682,0.1141400464122444,0.21416140126229194,0.13799135477907742,0.397518790849418
4,4,Mature,Mature,0.1335259801034605,0.14501688646034955,0.16914497667477552,0.12291927748303604,0.42939287927837855
4,4,Mature,Mature,0.1721181048911529,0.18894552457556704,0.12946493786496938,0.1549419277796121,0.3545295048886986
4,4,Mature,Mature,0.1438158130232628,0.09252930164865293,0.09791841443313323,0.16598674922439893,0.49974972167055226
4,4,Mature,Mature,0.19116100609004583,0.15475262521124644,0.17088907463894343,0.16317190160845976,0.3200253924513046
4,4,Mature,Mature,0.20795425971524567,0.13513985763716824,0.13776436580926088,0.1704456522056009,0.3486958646327243
4,4,Mature,Mature,0.11583797965179192,0.12413402430820669,0.12981818437300233,0.21379689450386202,0.4164129171631371
4,4,Mature,Mature,0.11351101916735654,0.10409404560646805,0.12353680077856499,0.2827204967820495,0.37613763766556085
4,4,Mature,Mature,0.15770966925349875,0.1530646978211735,0.14509530720673028,0.16145151071544905,0.3826788150031484
4,4,Mature,Mature,0.1294901142043228,0.16630407669073702,0.14720355652230882,0.12507094792584306,0.4319313046567884
4,4,Mature,Mature,0.13173500033865224,0.19837224324239053,0.14459655973225521,0.14847589837225128,0.37682029831445074
4,4,Mature,Mature,0.1224857793676824,0.1290363475735581,0.19715704005437587,0.18559194331090723,0.3657288896934764
4,4,Mature,Mature,0.11341126177586042,0.13455414735130755,0.18819876754942583,0.135815575521019,0.4280202478023872
4,4,Mature,Mature,0.11637802300228774,0.1129294212290706,0.10141281946420874,0.15439087689668704,0.5148888594077459
4,4,Mature,Mature,0.23095374000035118,0.18296281496929223,0.1794111891691393,0.1149063700589456,0.2917658858022717
4,4,Mature,Mature,0.1868406308008442,0.15611304341346205,0.11451216320012376,0.1401484178922875,0.40238574469328237
4,4,Mature,Mature,0.12941473154351466,0.20345239671390952,0.09741497055107069,0.2061857977045986,0.3635321034869065
4,4,Mature,Mature,0.13250452856718675,0.10022984418305957,0.14847582429882522,0.28567909581618656,0.33311070713474195
4,4,Mature,Mature,0.10237900990122337,0.16406272612611614,0.1824552334176924,0.16224495149160229,0.3888580790633657
4,4,Mature,Mature,0.13588138937372604,0.1267013441588134,0.09530149681960848,0.15484745476054781,0.4872683148873042
4,4,Mature,Mature,0.16574544391847199,0.1209573226488273,0.15437044699616342,0.13955641776805366,0.41937036866848365
4,4,Mature,Mature,0.21266840152925756,0.11518904355887652,0.1765805221404127,0.21570364464519043,0.27985838812626285
4,4,Mature,Mature,0.12598429499987898,0.13777805351326267,0.15271720370491396,0.1902982122327665,0.39322223554917785
4,4,Mature,Mature,0.12851468848357306,0.11897457140168259,0.10074886025856677,0.15956930201640093,0.49219257783977666
4,4,Mature,Mature,0.12662148930111053,0.14441525217588877,0.12610983642549314,0.18424744732862816,0.41860597476887945
4,4,Mature,Mature,0.166884473067252,0.13425239601644204,0.10889942074378188,0.13577357156735417,0.4541901386051699
4,4,Mature,Mature,0.22220761542851597,0.11262002498753516,0.1431979566445624,0.12839945932042646,0.39357494361896006
4,4,Mature,Mature,0.15092259019693172,0.10514613575553183,0.24533135612502668,0.11626105690847946,0.38233886101403025
4,4,Mature,Mature,0.11326062674550594,0.116658814673936,0.2077345830899819,0.18317754374598066,0.37916843174459547
4,4,Mature,Mature,0.14346044528115473,0.13263322531294014,0.1657752226698503,0.20117701518138265,0.35695409155467217
4,4,Mature,Mature,0.07813583300149399,0.11595371520727117,0.11507882953603332,0.1814588375783626,0.5093727846768389
4,4,Mature,Mature,0.15163741671743158,0.13797586379062415,0.10889139269412754,0.21181874634493678,0.38967658045288
4,4,Mature,Mature,0.14322004693627022,0.14938724951130986,0.13017447400352808,0.19900183156058932,0.37821639798830253
4,4,Mature,Mature,0.1376221623484543,0.13912552065507822,0.14670318335620539,0.14827968394172225,0.4282694496985398
4,4,Mature,Mature,0.11104173167703109,0.10205868664433133,0.1155913626953151,0.2617444591791714,0.40956375980415105
4,4,Mature,Mature,0.141252497334972,0.12022639301138972,0.1657383073974336,0.21403797634069263,0.3587448259155122
4,4,Mature,Mature,0.13605046174885754,0.15322633501164595,0.13986507711871865,0.19540304362030178,0.37545508250047605
4,4,Mature,Mature,0.13876350550525376,0.1400062615068673,0.15537092326610705,0.1495918538011386,0.4162674559206332
4,4,Mature,Mature,0.12589651525182444,0.13230468608475396,0.1358607950540626,0.21263078536960642,0.39330721823975257
4,4,Mature,Mature,0.16046705382393445,0.1007817073076878,0.19366632855230803,0.1434295820374554,0.4016553282786144
4,4,Mature,Mature,0.13442810481718875,0.25348782231068134,0.13863917934508455,0.16018105261249344,0.3132638409145519
4,4,Mature,Mature,0.13875588850277176,0.11548716340567054,0.15123544920991314,0.22184348882064261,0.37267801006100193
4,4,Mature,Mature,0.11619864861230929,0.13344236678082455,0.134695669170311,0.17812872093636264,0.43753459450019244
4,4,Mature,Mature,0.11242441872699152,0.10975477791820956,0.1784632171749969,0.17075586884902394,0.4286017173307781
4,4,Mature,Mature,0.2001413798599614,0.13745688897202665,0.08233139473368785,0.18514669259569688,0.39492364383862705
4,4,Mature,Mature,0.19737593167273285,0.11546736501564042,0.16284066603027889,0.18969889715191646,0.33461714012943133
4,4,Mature,Mature,0.13922684905317026,0.18416457099882338,0.13046844542135766,0.20331751295768533,0.3428226215689634
4,4,Mature,Mature,0.16469621287706065,0.17842539821292167,0.139419309808751,0.1437087040028846,0.37375037509838194
4,4,Mature,Mature,0.17462453477187861,0.12750361371860167,0.1237356819154954,0.16442123508073014,0.40971493451329416
4,4,Mature,Mature,0.17385574285946903,0.08848755617089087,0.13103498124947555,0.15487634615633766,0.4517453735638269
4,4,Mature,Mature,0.15156907087540017,0.1618404597437806,0.15704514684083398,0.1216587710168423,0.40788655152314285
4,4,Mature,Mature,0.1685401326800402,0.0906718831832622,0.13840094974710143,0.1263747079236094,0.47601232646598685
4,4,Mature,Mature,0.15688539918409644,0.1934807867474148,0.14916425855839674,0.15559079015471167,0.34487876535538026
4,4,Mature,Mature,0.15315248739920134,0.19330912468158712,0.14815515072103386,0.13690406641762398,0.36847917078055376
4,4,Mature,Mature,0.1753434473935271,0.15879623930114173,0.13689123669691614,0.23770890490120436,0.2912601717072107
4,4,Mature,Mature,0.14744768570608952,0.1458543950863258,0.14298252930692268,0.1892748935814548,0.3744404963192071
4,4,Mature,Mature,0.10037539530040002,0.1406180822572082,0.1384188787551724,0.15906254816538876,0.46152509552183074
4,4,Mature,Mature,0.1325242486936522,0.14087598440543836,0.15744498484789357,0.13476098856721036,0.43439379348580553
4,4,Mature,Mature,0.13384599853261545,0.13240351807068293,0.13419539410538603,0.18748921731652973,0.4120658719747858
4,4,Mature,Mature,0.16334600723408169,0.14303603240476187,0.10512790313873858,0.17612713123327323,0.41236292598914454
4,4,Mature,Mature,0.15550243992688917,0.12350808780845478,0.11385279271284446,0.20230228283690962,0.40483439671490185
4,4,Mature,Mature,0.15878399613286323,0.1377475709847174,0.15536301529904256,0.15924162887217377,0.388863788711203
4,4,Mature,Mature,0.1719638524107226,0.12923189058643855,0.16320953285942277,0.20075004269595587,0.33484468144746016
4,4,Mature,Mature,0.10695476044967821,0.2372938704235715,0.12734654994855593,0.19400654613980048,0.33439827303839387
4,4,Mature,Mature,0.1447600108839508,0.10845080348756404,0.12114179548005698,0.11408215791600494,0.5115652322324232
4,4,Mature,Mature,0.16384332610846963,0.12302043029594734,0.11534967580861073,0.11985930168501599,0.47792726610195624
4,4,Mature,Mature,0.14499996867531745,0.14266427604580526,0.11895788498473693,0.11330114878662215,0.4800767215075182
4,4,Mature,Mature,0.13258804459882503,0.1557484032477862,0.12246353530379418,0.14468712571334955,0.4445128911362451
4,4,Mature,Mature,0.15055091277111146,0.14712776408351685,0.12114218898728052,0.17454256334529333,0.4066365708127979
4,4,Mature,Mature,0.1266095540356493,0.11095261432557939,0.1800145146580862,0.12833195623207155,0.45409136074861345
4,4,Mature,Mature,0.1483861211028807,0.09479293132724145,0.19870703811362705,0.08655948273146576,0.4715544267247851
4,4,Mature,Mature,0.18717939321492175,0.18018929486041582,0.14593162548424213,0.20171595232250625,0.28498373411791406
4,4,Mature,Mature,0.19949503682870412,0.1728841752691272,0.17100403365904449,0.19964759092384768,0.25696916331927655
4,4,Mature,Mature,0.1250708791562514,0.07876708406031675,0.21265781556162866,0.2009094384068892,0.38259478281491394
4,4,Mature,Mature,0.15838330505566117,0.1563522970828735,0.22397513467011373,0.11514266926091972,0.34614659393043185
4,4,Mature,Mature,0.10940004679848041,0.14787772222493537,0.1499470893675298,0.19607297110257535,0.39670217050647905
4,4,Mature,Mature,0.12384783918008875,0.16341780264977626,0.16656136817622375,0.19870658746574696,0.3474664025281643
4,4,Mature,Mature,0.14072589264779148,0.150351784386844,0.18356725719499073,0.10729428619554854,0.41806077957482535
4,4,Mature,Mature,0.16243470723815315,0.14774222684664376,0.14898300652851337,0.09148197721124307,0.4493580821754467
4,4,Mature,Mature,0.2139930947590991,0.13691224066106036,0.13465233772200547,0.16678872295516015,0.34765360390267497
4,4,Mature,Mature,0.1464014853711971,0.1149137277844639,0.1413947465592324,0.22694991127712352,0.37034012900798313
4,4,Mature,Mature,0.20359334961906408,0.09837614916284375,0.17810604962047674,0.11354259364151323,0.4063818579561022
4,4,Mature,Mature,0.15773762000993477,0.11408966381471429,0.13861429249497656,0.19735382782929237,0.392204595851082
4,4,Mature,Mature,0.19367269330090725,0.0923655586158899,0.21004891295397088,0.19996712997605867,0.30394570515317326
4,4,Mature,Mature,0.13873946298334053,0.1303984803181688,0.15035189279379751,0.17604135903174647,0.4044688048729467
4,4,Mature,Mature,0.19517124634176583,0.1250788449695907,0.10412502746179694,0.12628078605827048,0.44934409516857593
4,4,Mature,Mature,0.11206250855740746,0.10425380819516183,0.23446918471630065,0.17981672832598003,0.36939777020514997
4,4,Mature,Mature,0.2036493172482512,0.12391068844566036,0.1336865511535683,0.16072855331388408,0.37802488983863614
4,4,Mature,Mature,0.11957901140434032,0.06958486900328127,0.1706227392348017,0.13716929761137253,0.5030440827462042
4,3,Mature,Day 84,0.13738105083461058,0.16036084486562147,0.1652611530439855,0.27502647306659644,0.261970478189186
4,4,Mature,Mature,0.1618266993835555,0.1312205432639625,0.11444290043118369,0.23554270372597363,0.3569671531953246
4,4,Mature,Mature,0.15421380483759495,0.15343172559385052,0.1257675275181059,0.13058533025058192,0.43600161179986663
4,4,Mature,Mature,0.16660141975549597,0.1777509423538064,0.1560966164330261,0.1505117209795143,0.34903930047815723
4,4,Mature,Mature,0.15414036304800213,0.11688962107421655,0.15756939194328198,0.12765683151517163,0.4437437924193276
4,4,Mature,Mature,0.2014936968940857,0.16088849473868808,0.11399293948829359,0.15898282796979493,0.3646420409091377
4,4,Mature,Mature,0.1255172104782634,0.15575368995877356,0.15080881020036815,0.28279904761970925,0.2851212417428856
4,4,Mature,Mature,0.13806864040880926,0.1482018746388893,0.12815864852587733,0.11539785588711841,0.47017298053930584
4,4,Mature,Mature,0.14780445496100794,0.10673825694183851,0.12720848182280725,0.18895106096865558,0.4292977453056908
4,4,Mature,Mature,0.09436648435652299,0.1345225528603312,0.12955998887548067,0.20610963571007399,0.435441338197591
4,4,Mature,Mature,0.1703713604130569,0.09365192923790959,0.1070563224768966,0.19630868869749143,0.4326116991746455
4,4,Mature,Mature,0.10189331099656175,0.15733118985392358,0.1299299734563145,0.2685147865265724,0.34233073916662765
4,4,Mature,Mature,0.13688101951614773,0.11666730611717795,0.19386161284728795,0.16945985764919205,0.3831302038701943
4,4,Mature,Mature,0.12641858742797346,0.14364413745892315,0.12351702530801857,0.23166134949979852,0.3747589003052863
4,4,Mature,Mature,0.16297537264454098,0.1864229548876712,0.18555935324655365,0.16384407837867182,0.3011982408425623
4,4,Mature,Mature,0.1097068177533578,0.12882464039114,0.15925777809617042,0.17747804404610515,0.4247327197132267
4,4,Mature,Mature,0.17404371385809708,0.12977763804757714,0.1597758191527343,0.22947157766643755,0.30693125127515397
4,4,Mature,Mature,0.15647271073274943,0.1217011248632862,0.14794741947386258,0.14964627410764458,0.42423247082245713
4,4,Mature,Mature,0.16631599552014992,0.1584155304405045,0.18082256510636951,0.17578936230496542,0.31865654662801074
4,4,Mature,Mature,0.17408405283207287,0.10653666728315038,0.21337906821087527,0.16516228783135947,0.34083792384254197
4,4,Mature,Mature,0.1558596966587022,0.15116109119011426,0.10103039962375239,0.19849671483979656,0.39345209768763456
4,4,Mature,Mature,0.13575175028523084,0.12729593491050006,0.14828050170168106,0.13168097117325062,0.45699084192933737
4,4,Mature,Mature,0.16388450294059362,0.1243671615529239,0.11272660797862762,0.12961546517922848,0.4694062623486265
4,4,Mature,Mature,0.18485058257724607,0.10417335641253214,0.09724201394512497,0.2152757820545293,0.3984582650105675
4,4,Mature,Mature,0.13736906484008374,0.15756782150916912,0.12331395660480124,0.2701893183041958,0.3115598387417501
4,4,Mature,Mature,0.1090831342736736,0.16087440718219928,0.17708856808290616,0.14162177880317078,0.4113321116580503
4,4,Mature,Mature,0.20996143737134215,0.14189433132496845,0.13498586727306036,0.20777688833522368,0.30538147569540525
4,4,Mature,Mature,0.1314160293700941,0.14476294860396327,0.19105308255555872,0.10348987901178824,0.4292780604585957
4,4,Mature,Mature,0.17377374384027236,0.10819348979824583,0.183874948259071,0.21316977980668628,0.3209880382957245
4,4,Mature,Mature,0.10661242782644402,0.1094942008679629,0.22856610355605853,0.2306302701952029,0.32469699755433157
4,4,Mature,Mature,0.13216105873091943,0.15032747419696324,0.16385417094803678,0.1292317658426411,0.4244255302814394
4,4,Mature,Mature,0.17703284439142067,0.08312373206500658,0.1609826498334446,0.21796407143435337,0.36089670227577486
4,4,Mature,Mature,0.21420820868508733,0.11916517203913754,0.16365115646990192,0.1570027642454374,0.3459726985604357
4,4,Mature,Mature,0.12543853492609885,0.16344344423808793,0.17911354213943642,0.16653400195008902,0.36547047674628774
4,4,Mature,Mature,0.15659462769189086,0.1514104924406113,0.1383915361180111,0.27040751022760684,0.2831958335218798
4,4,Mature,Mature,0.11120804039546543,0.15069921722291785,0.22224393415185603,0.16523890894767107,0.3506098992820896
4,4,Mature,Mature,0.17717789862366817,0.15244523544488295,0.1582448325352713,0.2039174973169259,0.30821453607925164
4,4,Mature,Mature,0.1538093767582514,0.1946356972732711,0.12553145942723173,0.1131727856069078,0.4128506809343379
4,4,Mature,Mature,0.18618535993000093,0.15345703269143976,0.1865723175721761,0.10471521899081626,0.369070070815567
4,4,Mature,Mature,0.16220333290971858,0.09847261077867893,0.17342324323194294,0.15881413970478714,0.4070866733748724
4,4,Mature,Mature,0.06640943082437546,0.14453181803049836,0.10199736815300345,0.08460768409986286,0.60245369889226
4,4,Mature,Mature,0.13501051198110128,0.15480244419835099,0.19182513516621902,0.21396491994122163,0.3043969887131071
4,4,Mature,Mature,0.19925236150295608,0.16184350186979266,0.13470343652485495,0.17038253609859866,0.3338181640037976
4,4,Mature,Mature,0.16120728951298557,0.1301045681855517,0.1286018469748333,0.21178696725794668,0.36829932806868276
4,4,Mature,Mature,0.1284820152507395,0.17688433516595764,0.12877120313506915,0.14532048177228876,0.42054196467594507
4,4,Mature,Mature,0.1414693556761117,0.14317168265967944,0.08324933678345585,0.17154486447203707,0.460564760408716
4,4,Mature,Mature,0.14912577359998314,0.1398379868089887,0.1583510769469405,0.20078284383270295,0.3519023188113846
4,4,Mature,Mature,0.18038688953337118,0.15687821925649953,0.1019083128034961,0.18526316582174673,0.3755634125848864
4,4,Mature,Mature,0.12725408757959125,0.13028864058500383,0.14613449626139566,0.19572623691599214,0.4005965386580171
4,4,Mature,Mature,0.13379430379144322,0.1927538132542673,0.19980234322995308,0.20637560745942116,0.2672739322649152
4,4,Mature,Mature,0.18448805753578923,0.18869345759095602,0.12475232144038088,0.11504150117664605,0.38702466225622795
4,4,Mature,Mature,0.29174447641502205,0.09603247460464528,0.13089747302815577,0.11648111179445031,0.3648444641577266
4,4,Mature,Mature,0.11643428825724525,0.14416136550586442,0.09992542066716842,0.21082851639784125,0.4286504091718807
4,4,Mature,Mature,0.11965643215274767,0.1219793419874473,0.12829700671400235,0.16037810666279317,0.4696891124830095
4,4,Mature,Mature,0.1683603515469736,0.18037512924015747,0.1192477607405365,0.15259032459985003,0.37942643387248237
4,4,Mature,Mature,0.10191453040976356,0.08647475408839783,0.1517403862045582,0.18810065931006317,0.47176966998721714
4,4,Mature,Mature,0.1408174051744862,0.13002276634159485,0.13431140070717415,0.22524716676185838,0.36960126101488633
4,4,Mature,Mature,0.15718551906302686,0.13061704187700846,0.12184875365554479,0.24485223686883756,0.34549644853558237
4,4,Mature,Mature,0.16280776026441082,0.10609887571022455,0.13396557005436852,0.2218490375390369,0.3752787564319593
4,4,Mature,Mature,0.07387102641385897,0.10697504556086466,0.13040890260779742,0.11629650199542807,0.5724485234220509
4,4,Mature,Mature,0.10748455452104234,0.13085379542425288,0.11858371117438471,0.2103601621604382,0.4327177767198819
4,4,Mature,Mature,0.14326184558456576,0.18588226615484438,0.12498030006727899,0.18517753834717698,0.3606980498461339
4,4,Mature,Mature,0.14304841581221658,0.19311734976696823,0.14908959192956242,0.18700322324635912,0.3277414192448937
4,4,Mature,Mature,0.11735337263896356,0.15596882556959304,0.14359616002294978,0.17567477986197472,0.40740686190651887
4,4,Mature,Mature,0.12910155997593,0.16451059141856222,0.1507511406299794,0.1227560105085917,0.4328806974669368
4,4,Mature,Mature,0.12894276568970453,0.10668740512602123,0.13185570150196796,0.1892776215241996,0.44323650615810667
4,4,Mature,Mature,0.19452099629079786,0.15811012503681895,0.1470417505071852,0.11501638744266433,0.3853107407225336
4,4,Mature,Mature,0.14212183793918423,0.15797348405580205,0.1649741097073268,0.1710362565957249,0.36389431170196196
4,4,Mature,Mature,0.16967345643873966,0.11360139971230666,0.21640232652291852,0.09936704007569198,0.4009557772503431
4,4,Mature,Mature,0.11807007569369203,0.14464237821745862,0.13220507049841237,0.15275104599696243,0.45233142959347444
4,4,Mature,Mature,0.1637119822881319,0.12131556206230228,0.17574428139317455,0.12038158337859547,0.41884659087779574
4,4,Mature,Mature,0.16550079282293845,0.1652661072519486,0.15473041394856038,0.14451235572964624,0.3699903302469063
4,4,Mature,Mature,0.11555531686209615,0.19412992883251184,0.13472413963992716,0.10617577817547108,0.4494148364899938
4,4,Mature,Mature,0.15386367882969118,0.15143989051007567,0.2442152501229023,0.1365255179899482,0.31395566254738266
4,4,Mature,Mature,0.11600524386749769,0.12722939325100285,0.2222084457999033,0.129357787072148,0.4051991300094482
4,4,Mature,Mature,0.15257284091303489,0.133448282623836,0.16009123285998375,0.12108008478353946,0.4328075588196059
4,4,Mature,Mature,0.1667462981848864,0.10422928140057529,0.19058026242906811,0.11317886299925922,0.4252652949862111
4,4,Mature,Mature,0.20605918545830557,0.12841380808223277,0.10995516231363835,0.11462324673535645,0.44094859741046694
4,4,Mature,Mature,0.10478430689121455,0.10916497076730042,0.09337689604063737,0.17695082785905802,0.5157229984417897
4,4,Mature,Mature,0.1462401186697692,0.16887015601264754,0.1306484139587656,0.18313757070684386,0.3711037406519738
4,4,Mature,Mature,0.1384380488141585,0.12445561426446988,0.1343358887869397,0.13291146268153242,0.46985898545289945
4,4,Mature,Mature,0.09536936468846727,0.11617138519296019,0.12030250218479847,0.1745848314944908,0.49357191643928333
4,4,Mature,Mature,0.1365467110589528,0.14158275400528453,0.15119858119619758,0.08972302240827797,0.48094893133128713
4,4,Mature,Mature,0.15020551755669875,0.1460576529068738,0.13353106737704792,0.24524595198434945,0.32495981017503006
4,4,Mature,Mature,0.15886793233763197,0.120366021020074,0.16837736319885754,0.09936689357847749,0.453021789864959
4,4,Mature,Mature,0.15378607250490667,0.1542648143983812,0.1078009905987294,0.18809422698456144,0.3960538955134213
4,4,Mature,Mature,0.120110345006469,0.16441654925922725,0.23451629641602117,0.17183057111563346,0.30912623820264906
4,3,Mature,Day 84,0.12994293931873663,0.14866239489937824,0.14628118044387112,0.29539903366045356,0.2797144516775604
4,4,Mature,Mature,0.1540542389197407,0.19984511271410957,0.20853525701066986,0.10302291373438163,0.3345424776210983
4,4,Mature,Mature,0.17048059471771163,0.22679115861631174,0.1451916731640711,0.12907841858461236,0.32845815491729313
4,4,Mature,Mature,0.2412429326408981,0.16486122142047788,0.12144215751906963,0.16096072527551356,0.31149296314404085
4,4,Mature,Mature,0.17489662938540523,0.1208085774718786,0.13657252382574625,0.11807542751822363,0.44964684179874626
4,4,Mature,Mature,0.11419983005280301,0.1323931673079786,0.1746251215074902,0.15311061057058228,0.42567127056114584
4,4,Mature,Mature,0.14339251885499052,0.1339569321248625,0.1861591153454464,0.1740000851456764,0.36249134852902415
4,4,Mature,Mature,0.1712440020764883,0.1719314018892574,0.10081308159093769,0.23390833264870375,0.32210318179461284
4,4,Mature,Mature,0.14001069502427657,0.1591887156743474,0.11735014457063236,0.19644048361090244,0.38700996111984126
4,4,Mature,Mature,0.11784603949995333,0.12661281572939384,0.19210319477721233,0.15187609660126924,0.4115618533921712
4,4,Mature,Mature,0.14850842349651086,0.14779076070461017,0.11848727366204888,0.1413913586564848,0.4438221834803452
4,4,Mature,Mature,0.17130563432152535,0.14313393261655227,0.15820622172980825,0.24649167291331583,0.28086253841879816
4,4,Mature,Mature,0.15402094326837412,0.16455345253438122,0.1303145315407271,0.17693380658413885,0.3741772660723787
4,4,Mature,Mature,0.12287750005279627,0.17227678201839802,0.0953469331853563,0.2071122027056341,0.4023865820378154
4,4,Mature,Mature,0.13708901799075177,0.12161339085383718,0.09869122674066275,0.14910100662919648,0.4935053577855517
4,4,Mature,Mature,0.12361888381632677,0.15752570236541108,0.11066777395763436,0.17595945143608416,0.43222818842454364
4,4,Mature,Mature,0.14045062663851146,0.16472855642936107,0.15339188229909284,0.13803500066757102,0.40339393396546347
4,4,Mature,Mature,0.13167124871340175,0.1655959211394416,0.16243752006787793,0.20604312639808195,0.3342521836811967
4,4,Mature,Mature,0.1453368713922524,0.09769946037810313,0.1420279642844372,0.1838807484612698,0.4310549554839375
4,4,Mature,Mature,0.14411626769492247,0.15760032091765258,0.09893019582152783,0.1325140719583363,0.4668391436075608
4,4,Mature,Mature,0.17118487584138845,0.1220367721451072,0.13107404968657305,0.18322819472080343,0.3924761076061279
4,4,Mature,Mature,0.2350482422218512,0.12772588335366,0.10646456057831999,0.19069608715379208,0.3400652266923769
4,4,Mature,Mature,0.1353830093013179,0.13536495107762941,0.12172231850936219,0.13321591115810305,0.47431380995358735
4,4,Mature,Mature,0.09652214398858758,0.16346091839868565,0.22370262601290614,0.20769696847536576,0.3086173431244548
4,4,Mature,Mature,0.1906958369517248,0.13755736393348375,0.1312644477419454,0.12565909645858409,0.4148232549142619
4,4,Mature,Mature,0.1309620058962442,0.08990673596158134,0.09032666379949471,0.1876522426331996,0.50115235170948
4,4,Mature,Mature,0.22132181503584203,0.07379194057905196,0.2042680002180619,0.19183968822266492,0.30877855594437914
4,4,Mature,Mature,0.13044795700484332,0.20198585204367758,0.16287016144183683,0.1260482210813281,0.37864780842831414
4,4,Mature,Mature,0.18260794889069865,0.16873286421237096,0.12596366486868413,0.20240968108918725,0.320285840939059
4,4,Mature,Mature,0.13480632117818647,0.15303471718536804,0.1932534737252229,0.19910497345668554,0.319800514454537
4,4,Mature,Mature,0.16978634415479743,0.15235373268276967,0.11701483344357741,0.20240590932007263,0.3584391803987828
4,4,Mature,Mature,0.1305760149179168,0.08647327543336956,0.13301464332722313,0.1110349665372918,0.5389010997841986
4,4,Mature,Mature,0.15214204407288962,0.12480921914437215,0.12734855513113602,0.14951909056408633,0.4461810910875158
4,4,Mature,Mature,0.12609933837851733,0.10537241055850469,0.19945423445899918,0.15971720130287037,0.4093568153011083
4,4,Mature,Mature,0.16523902381197636,0.1604276266164997,0.12039765629680972,0.11769326367915259,0.4362424295955614
4,4,Mature,Mature,0.1511979232975777,0.11240940483536833,0.12966369864226285,0.2796581292374707,0.32707084398732045
4,4,Mature,Mature,0.13803798323719774,0.2445465411045421,0.1656585947892193,0.16034454858109692,0.29141233228794394
4,4,Mature,Mature,0.13495253736015791,0.11840479385384292,0.14194859632307474,0.13172169318133975,0.4729723792815846
4,4,Mature,Mature,0.15741528637472865,0.1232833595248938,0.16508726359101053,0.20732961595124844,0.34688447455811855
4,4,Mature,Mature,0.16310569526723287,0.110349906548756,0.1438600628096319,0.16731022451156377,0.4153741108628155
4,4,Mature,Mature,0.13822272317957748,0.11729432659876038,0.17654969931360864,0.11644909081006773,0.45148416009798564
4,4,Mature,Mature,0.08963131139756013,0.11416757129146562,0.13432994427700126,0.25052432108742834,0.4113468519465447
4,4,Mature,Mature,0.11628796729561819,0.1503896543677254,0.1651126305460527,0.14842611671282133,0.4197836310777823
4,4,Mature,Mature,0.16096113925373612,0.15893058632116397,0.12960848937106495,0.21735545392202518,0.33314433113200975
4,4,Mature,Mature,0.15069365185266265,0.13963634001088246,0.16398140831158467,0.15212373859690542,0.39356486122796486
4,4,Mature,Mature,0.13673188505376546,0.12609901235410184,0.20774256509907654,0.10365078503716818,0.4257757524558879
4,4,Mature,Mature,0.12608138206725292,0.1178182530107886,0.15740385234627996,0.11603925663099444,0.482657255944684
4,4,Mature,Mature,0.12459148529328842,0.13857625988776634,0.1283024950086455,0.26794736442090367,0.340582395389396
4,4,Mature,Mature,0.07469134894781003,0.12975097119658313,0.14766044924384916,0.1601796140146742,0.4877176165970835
4,4,Mature,Mature,0.16104309335798833,0.13806309605791522,0.15761466764526996,0.1460759917430129,0.39720315119581356
4,4,Mature,Mature,0.11289257034930711,0.14665019245429975,0.1219861198744228,0.19703018690712007,0.4214409304148502
4,4,Mature,Mature,0.15948000644170854,0.18416804897051095,0.21912840412381648,0.09109210165323149,0.34613143881073266
4,4,Mature,Mature,0.1594628223455095,0.18298350319015824,0.11921624967211983,0.1554825645195597,0.38285486027265275
4,4,Mature,Mature,0.14022919971198994,0.14440273441632331,0.1552131519940203,0.17573476743818525,0.3844201464394812
4,4,Mature,Mature,0.1383108459120576,0.15317468795776515,0.08314942559036649,0.23805549459417064,0.38730954594564015
4,4,Mature,Mature,0.15422000271364247,0.1806266884529184,0.23516522562023184,0.10701902675765605,0.3229690564555513
4,4,Mature,Mature,0.17002211766860956,0.17147146023627513,0.12301322279593727,0.15357399508301015,0.3819192042161678
4,4,Mature,Mature,0.14812956046145503,0.12311050454580345,0.13467634725732344,0.21236318904488014,0.38172039869053803
4,4,Mature,Mature,0.1474437755567346,0.1331671802638254,0.15780812589163298,0.19337086969542414,0.3682100485923828
4,4,Mature,Mature,0.14800567975317427,0.16443665155574141,0.18264165038816757,0.1775276794849335,0.32738833881798324
4,4,Mature,Mature,0.187168836131639,0.11927600790236806,0.12334945063150937,0.17302617491460165,0.397179530419882
4,4,Mature,Mature,0.1762330776853253,0.21112234667761473,0.15390478751070927,0.14950017483072356,0.30923961329562716
4,4,Mature,Mature,0.13982819479532457,0.11076181819204993,0.23403934262516232,0.14679836094050772,0.3685722834469554
4,4,Mature,Mature,0.14837605033892828,0.17984417507108252,0.15513382205198586,0.20121456555955922,0.3154313869784441
4,4,Mature,Mature,0.19268755871403903,0.14991900837480665,0.17748268032601294,0.17608503761382396,0.30382571497131744
4,4,Mature,Mature,0.10103475994740607,0.10619131315355664,0.1715641486424701,0.21616807495068666,0.4050417033058805
4,4,Mature,Mature,0.17240271562662232,0.1419218764387008,0.14132703140264566,0.2051555598509836,0.33919281668104756
4,4,Mature,Mature,0.14323808853627384,0.11548469013377288,0.1481231323330747,0.13781276236043205,0.45534132663644644
4,4,Mature,Mature,0.19779897551045772,0.08565412690825257,0.17563924679050344,0.11302438375228654,0.4278832670384997
4,4,Mature,Mature,0.11257934567718571,0.09483226897475465,0.155879937644877,0.1676677539975525,0.4690406937056301
4,4,Mature,Mature,0.13651343081202413,0.16792076076752516,0.14070604818997,0.16225635298277355,0.3926034072477071
4,4,Mature,Mature,0.11104086506354165,0.14725308894557554,0.19909493877263792,0.15630057063027697,0.386310536587968
4,4,Mature,Mature,0.19878079959323508,0.09155063456873305,0.1675069016630258,0.19284627649799596,0.3493153876770101
4,4,Mature,Mature,0.16578482313817292,0.1264846475864047,0.10978401237524046,0.19124412924878456,0.4067023876513973
4,4,Mature,Mature,0.16369618831055144,0.12347336701276429,0.10973465934731924,0.1561918280505614,0.4469039572788037
4,4,Mature,Mature,0.17014055504958153,0.11723711043489488,0.14731302496353998,0.1123796292888755,0.4529296802631081
4,4,Mature,Mature,0.10844453496343842,0.149756192819617,0.10160165303356095,0.19836179193353887,0.44183582724984477
4,4,Mature,Mature,0.11611060375748188,0.1568464741306964,0.12365213970876068,0.19742146607565653,0.40596931632740463
4,4,Mature,Mature,0.10233779986719575,0.11676509814194773,0.14034793097080028,0.2532976897326974,0.3872514812873588
4,4,Mature,Mature,0.17683446560668248,0.17141063417584343,0.10969823332293743,0.13579844067006347,0.4062582262244733
4,4,Mature,Mature,0.14743628530692615,0.10845114276912186,0.17476663723608443,0.14470278218486493,0.42464315250300255
4,4,Mature,Mature,0.210731471537328,0.11091986657749851,0.1380692555834992,0.19161918944781292,0.34866021685386134
4,4,Mature,Mature,0.15893675481607342,0.1316151891971347,0.1435815343037704,0.1359023048478842,0.4299642168351373
4,4,Mature,Mature,0.09043771674089998,0.16247998091640342,0.09961909404546425,0.20258754534114395,0.4448756629560883
4,4,Mature,Mature,0.11306807894992908,0.16510119559204137,0.189414254111864,0.1570353351074187,0.3753811362387468
4,4,Mature,Mature,0.08468708073229249,0.1017781401168267,0.19652439045922246,0.158367026082595,0.4586433626090633
4,4,Mature,Mature,0.1564352125743202,0.1430220851477949,0.1802257028931728,0.19556165786095822,0.32475534152375396
4,4,Mature,Mature,0.1300306835100315,0.17390126056654195,0.1484716185961508,0.17410243772105366,0.3734939996062221
4,4,Mature,Mature,0.11815694090008819,0.0930557474996036,0.1738223387067746,0.15671414218104834,0.45825083071248507
4,4,Mature,Mature,0.11925640039033371,0.11524553689485194,0.17083323047278545,0.2082187096376096,0.38644612260441935
4,4,Mature,Mature,0.1555283798617745,0.14221270316037335,0.13614183963988497,0.145077668839676,0.42103940849829113
4,4,Mature,Mature,0.12425949926965729,0.14194265447845833,0.11470973861280236,0.13381958112991402,0.48526852650916813
4,4,Mature,Mature,0.1277522480797082,0.17777248755203032,0.11488719974529642,0.1846681081752775,0.3949199564476876
4,4,Mature,Mature,0.09819440837062547,0.1295410341273287,0.16097419445793348,0.19478054344791232,0.4165098195962
4,4,Mature,Mature,0.16769920352365544,0.13473971673353957,0.14673493592373058,0.17934542036487425,0.3714807234542003
4,4,Mature,Mature,0.12188849095281615,0.12255411996636321,0.12442157100654039,0.1530780048462221,0.4780578132280582
4,4,Mature,Mature,0.14577038557785726,0.09483658166398184,0.11343194535154909,0.1647337766041403,0.4812273108024715
4,4,Mature,Mature,0.1255120542854277,0.1945269544310628,0.13125652557217893,0.22210543137501232,0.3265990343363183
4,4,Mature,Mature,0.11912503228488341,0.11062858681090611,0.13487649853580969,0.12476592890760914,0.5106039534607917
4,4,Mature,Mature,0.12483914251666894,0.1369011855325997,0.183942458541131,0.18921995462824212,0.3650972587813582
4,4,Mature,Mature,0.09367081281165525,0.15695423333717848,0.22300231253618225,0.0793975236404547,0.4469751176745294
4,4,Mature,Mature,0.12081230604947628,0.09922974052929445,0.15356903388477394,0.22799207367644045,0.39839684586001495
4,4,Mature,Mature,0.12315024103443802,0.1039366075996216,0.14132236909111473,0.1967054909413958,0.43488529133342996
4,4,Mature,Mature,0.11490264631294347,0.2263162509458625,0.16044693288769907,0.19347464139656606,0.304859528456929
4,4,Mature,Mature,0.13391414183556843,0.15432010289107126,0.12756048189781097,0.2786940548258604,0.30551121854968893
4,4,Mature,Mature,0.09421741912758021,0.15456609249967757,0.10845577934559272,0.24306947302788046,0.39969123599926903
4,4,Mature,Mature,0.1431081947809816,0.16650984052573603,0.171388393656984,0.16744269924841768,0.35155087178788075
4,4,Mature,Mature,0.17355284270449228,0.12303996747191168,0.16275115148780295,0.13570372009095844,0.40495231824483474
4,4,Mature,Mature,0.1554608139326457,0.1977729110370496,0.1937813789989746,0.17621325475511357,0.2767716412762165
4,4,Mature,Mature,0.12476099208007341,0.08807444751343216,0.08774199787190416,0.12285553798737894,0.5765670245472113
4,4,Mature,Mature,0.11402857728211933,0.14124192492475277,0.19638929539087446,0.1164042136670427,0.4319359887352106
4,4,Mature,Mature,0.1523646179281919,0.10630849594869102,0.18731345744861375,0.14637935974683453,0.40763406892766885
4,4,Mature,Mature,0.20025762899119212,0.1337764325864766,0.15536084892130014,0.20457896983020576,0.30602611967082544
4,4,Mature,Mature,0.20452298560871776,0.13160248075815192,0.1379592202926221,0.16752864022093694,0.3583866731195713
4,4,Mature,Mature,0.17543085269318998,0.14865191540426828,0.13218036198907224,0.20233029393655028,0.34140657597691926
4,4,Mature,Mature,0.13486224412237002,0.14158600225821513,0.16489450578429274,0.18831851975504085,0.37033872808008117
4,4,Mature,Mature,0.19274423078635058,0.1450934254613953,0.13905674271952037,0.12727703981510322,0.39582856121763055
4,4,Mature,Mature,0.129457509781816,0.13045177815740536,0.1673416733624626,0.13368992884052444,0.4390591098577916
4,4,Mature,Mature,0.1517022839032076,0.15426957160512553,0.1432247528817629,0.25557225810249506,0.2952311335074088
4,4,Mature,Mature,0.2307092979436504,0.20592474374444777,0.2018657191565552,0.08843052378126909,0.2730697153740776
4,4,Mature,Mature,0.10429673317230471,0.11313148546791077,0.129422671641685,0.1717896513690466,0.4813594583490528
4,4,Mature,Mature,0.15512593732726496,0.14672062462105234,0.13646350488291173,0.16468353052745272,0.39700640264131826
4,4,Mature,Mature,0.12405798784218083,0.17441562793790374,0.18218878828031979,0.2080827829401091,0.31125481299948654
4,4,Mature,Mature,0.18182560741870765,0.10869530623619898,0.1925638125638184,0.1614885945140223,0.3554266792672526
4,4,Mature,Mature,0.08652153889439428,0.17731148695772547,0.11514454739678805,0.13039537907552143,0.4906270476755706
4,4,Mature,Mature,0.13158875449670512,0.14625827163957214,0.13286793593584606,0.15102052390075404,0.4382645140271227
4,4,Mature,Mature,0.1264815522943922,0.12555850882853892,0.11566690390706295,0.160075245111049,0.47221778985895685
4,4,Mature,Mature,0.11071821873791174,0.10942916992754055,0.14333079186184494,0.14317046448090232,0.49335135499180044
4,4,Mature,Mature,0.10375505695307553,0.11200175615694567,0.1363849158956361,0.1600658974908977,0.48779237350344506
4,4,Mature,Mature,0.1302057161347434,0.20720352376745121,0.13458959218016558,0.14123082132423967,0.3867703465934002
4,4,Mature,Mature,0.11322813586657873,0.19588760376781003,0.10003435632493615,0.1969786244949675,0.39387127954570766
4,4,Mature,Mature,0.24426984220345774,0.09218539829119249,0.12088356077958161,0.16501280598591375,0.37764839273985457
4,4,Mature,Mature,0.13630376447013615,0.1461529964697546,0.11798786563433059,0.19860026755978488,0.4009551058659937
4,3,Mature,Day 84,0.15173589583558791,0.127994384820617,0.19652991538819042,0.28096681487911385,0.24277298907649084
4,4,Mature,Mature,0.18511061851389804,0.1203470769531597,0.10971405928431827,0.24686247402612235,0.3379657712225016
4,4,Mature,Mature,0.134860768516237,0.15190766375846845,0.1462461995501478,0.1549947309122249,0.41199063726292184
4,4,Mature,Mature,0.14414921875987619,0.1704464551532977,0.1519930849521673,0.2266737071670626,0.3067375339675962
4,4,Mature,Mature,0.12576431413441722,0.10939568375922032,0.15129475149068602,0.15748649956188387,0.4560587510537926
4,4,Mature,Mature,0.11890425812082604,0.11720798922517035,0.182125555067754,0.17065899119820496,0.4111032063880447
4,4,Mature,Mature,0.14163876438403109,0.1864889286378808,0.15382155947101359,0.19247502712035042,0.32557572038672405
4,4,Mature,Mature,0.18345880183535188,0.23771612086823915,0.12308511582265833,0.12514308774489702,0.3305968737288536
4,4,Mature,Mature,0.17651070304016034,0.1360463625782664,0.11544311322435646,0.1643575230205862,0.4076422981366306
4,4,Mature,Mature,0.11812927045706349,0.14360486163803782,0.17282514105106925,0.16162523104018475,0.40381549581364456
4,4,Mature,Mature,0.1831358569185789,0.11965061709339542,0.12382829650257933,0.16547334782916467,0.4079118816562818
4,4,Mature,Mature,0.11129320942115643,0.19635900628480538,0.22486390160422862,0.14313990095452359,0.32434398173528606
4,4,Mature,Mature,0.1351271767618706,0.17523800156949434,0.19416701930118493,0.10454285459390174,0.3909249477735484
4,4,Mature,Mature,0.1016359857782175,0.19802022420790533,0.15481387959142517,0.13004385380723513,0.41548605661521687
4,4,Mature,Mature,0.13852243231352912,0.1608179572483711,0.19173935947215212,0.12898793200855121,0.37993231895739654
4,4,Mature,Mature,0.15672654273534373,0.08527398071775621,0.11227353926954046,0.1971368340794566,0.44858910319790307
4,4,Mature,Mature,0.1037204007234074,0.13011879988677433,0.2275807972714875,0.13486023318715365,0.40371976893117706
4,4,Mature,Mature,0.15715761085903296,0.1538994717772154,0.13644876233634887,0.19821558353279664,0.35427857149460606
4,4,Mature,Mature,0.13849149576379358,0.18498560463043714,0.10986599708683166,0.2385401601257612,0.3281167423931763
4,4,Mature,Mature,0.11240546465513757,0.14367475461062856,0.18223478646102198,0.27580803862642406,0.2858769556467878
4,4,Mature,Mature,0.1380970171303377,0.16076882725790442,0.12191902097811838,0.17743017222974303,0.40178496240389633
4,4,Mature,Mature,0.16758739778687268,0.15364531845035942,0.13928574635781815,0.20094347349394912,0.33853806391100066
4,4,Mature,Mature,0.19402681472827335,0.09852854116417029,0.14828716504339495,0.14256504515031515,0.41659243391384615
4,4,Mature,Mature,0.15011137244002382,0.13656355230105674,0.10940931987528583,0.18568931890598858,0.41822643647764507
4,4,Mature,Mature,0.11766563718550994,0.1259038034830885,0.17737555679274328,0.2444206779258011,0.3346343246128571
4,4,Mature,Mature,0.24083595244991746,0.17627423931640454,0.12625422276073775,0.21355386473702215,0.24308172073591822
4,4,Mature,Mature,0.14960660078798058,0.16156774983989752,0.09701843666942106,0.13720689997486488,0.45460031272783596
4,4,Mature,Mature,0.19049123866982617,0.14311037835379728,0.25173449997189185,0.13323394117942472,0.28142994182506
4,4,Mature,Mature,0.14374237945627646,0.1963492484863871,0.13916569368519435,0.17963516230108129,0.34110751607106077
4,4,Mature,Mature,0.1502317036091795,0.12335210301927046,0.14701249634578564,0.16645085618952765,0.4129528408362366
4,4,Mature,Mature,0.1703599117943474,0.19791722883042054,0.1151924794645912,0.14517311130237337,0.3713572686082674
4,4,Mature,Mature,0.15416510105653694,0.1256085574322054,0.15903813736864103,0.2298173933190825,0.33137081082353426
4,4,Mature,Mature,0.20117877122174935,0.15559267362724397,0.20356424775938814,0.1670267568196914,0.2726375505719272
4,4,Mature,Mature,0.15245315177665192,0.1355748382150964,0.15114576772449517,0.11943006535375009,0.4413961769300065
4,4,Mature,Mature,0.17364285026412038,0.11784410136382029,0.20756329714385038,0.15736740315264217,0.3435823480755667
4,4,Mature,Mature,0.20117717143304814,0.10158818193705474,0.12853147076042926,0.1907409383204671,0.3779622375490007
4,4,Mature,Mature,0.11851278649420291,0.10924252148255865,0.12344517304348467,0.21732339410659238,0.43147612487316134
4,4,Mature,Mature,0.14857145703695102,0.12734991539708027,0.1749281984759929,0.17788951851434937,0.3712609105756265
4,4,Mature,Mature,0.137013026598269,0.10408691506373319,0.14412797614088052,0.24602323709582763,0.36874884510128964
4,4,Mature,Mature,0.140001224217872,0.13078282846963732,0.11837668100164636,0.17098754759861287,0.4398517187122315
4,4,Mature,Mature,0.18450315499560144,0.11466339975192018,0.16910759333191702,0.17871906211205055,0.3530067898085109
4,4,Mature,Mature,0.08906889274524117,0.16864008174630607,0.1400117455374624,0.1477760106748924,0.45450326929609786
4,4,Mature,Mature,0.18310570920100575,0.17787224004998742,0.1384706279772796,0.14691169621330571,0.35363972655842163
4,4,Mature,Mature,0.15797707822341203,0.13002449257142912,0.17168299727881114,0.1480729408376392,0.3922424910887085
4,4,Mature,Mature,0.1110861657488725,0.09223751730085665,0.21417531435087442,0.21500155273712737,0.367499449862269
4,4,Mature,Mature,0.17397318540757822,0.15791668599602868,0.16062299496399632,0.1769231122425566,0.33056402138984026
4,4,Mature,Mature,0.16443488226334665,0.14386627716759695,0.13504594344636742,0.1532135448416937,0.4034393522809953
4,4,Mature,Mature,0.14359292330154408,0.12635666913964447,0.13046862032325054,0.16522888959475054,0.4343528976408105
4,4,Mature,Mature,0.180472340900229,0.11230025504182028,0.138516382633433,0.20480217889147634,0.3639088425330413
4,4,Mature,Mature,0.13160413607609123,0.18458282480950428,0.1303737123593297,0.15838339064330306,0.39505593611177175
4,4,Mature,Mature,0.12905616765518702,0.1750392659236097,0.10450563868031862,0.15464716970049336,0.4367517580403914
4,4,Mature,Mature,0.11106826262216896,0.1774464126610409,0.1666372956170056,0.11248400921917233,0.43236401988061224
4,4,Mature,Mature,0.16542510433984436,0.1272349613326701,0.10976915535935129,0.19046710175580686,0.40710367721232743
4,4,Mature,Mature,0.10276110645325107,0.1551416784650619,0.09629215519519961,0.13906449772525098,0.5067405621612365
4,4,Mature,Mature,0.12101390889909425,0.10900147698959188,0.14603553195503954,0.23115291690080117,0.3927961652554731
4,4,Mature,Mature,0.11460942371372596,0.11893546257461336,0.23480529325119676,0.15648747049328196,0.375162349967182
4,4,Mature,Mature,0.12272584525515341,0.10102432571015059,0.17696340700010824,0.22139631265360135,0.3778901093809865
4,4,Mature,Mature,0.1513384566393405,0.11169319322959374,0.15957842693553279,0.20134002671159926,0.3760498964839337
4,4,Mature,Mature,0.20452036797740683,0.11009338941457102,0.1508163806017047,0.20202470082269017,0.33254516118362726
4,4,Mature,Mature,0.14021537012944169,0.10148287371351018,0.20391797119139948,0.16414739566020464,0.390236389305444
4,4,Mature,Mature,0.1516849725003116,0.10826386647349846,0.12655139745099253,0.21461436407734313,0.39888539949785434
4,4,Mature,Mature,0.24984925772448793,0.12422766236967606,0.11900286812117948,0.1855861905902138,0.32133402119444265
4,4,Mature,Mature,0.07667876583759076,0.11090936907843835,0.13532617050523482,0.14058541184846615,0.53650028273027
4,4,Mature,Mature,0.13025033558825688,0.12885269355500686,0.15133087385421282,0.13449764567039577,0.4550684513321278
4,4,Mature,Mature,0.14530363337172608,0.13729427312334744,0.17433059515493537,0.11642358189287016,0.4266479164571209
4,4,Mature,Mature,0.224653524459564,0.09886573624479308,0.1805906869111596,0.15659257595186238,0.339297476432621
4,4,Mature,Mature,0.1122178299124413,0.15115659101239667,0.2164740780423847,0.1610844373391177,0.3590670636936597
4,4,Mature,Mature,0.18345496209384451,0.15140890934238044,0.10323009970279605,0.17469773473386838,0.38720829412711066
4,4,Mature,Mature,0.1309399538816634,0.06767337036573086,0.14716063889948375,0.14695302014732464,0.5072730167057973
4,4,Mature,Mature,0.12461391875449826,0.22090059662017125,0.15790445530268768,0.16997767427795848,0.32660335504468435
4,4,Mature,Mature,0.13535390794577642,0.15463550431509548,0.1526937026525043,0.13495490919942082,0.42236197588720303
4,4,Mature,Mature,0.1492091850513645,0.13099473522023733,0.13478342258099962,0.25997517989280033,0.3250374772545982
4,4,Mature,Mature,0.16279928288686613,0.12400028003945236,0.14346483480691613,0.14024700654623706,0.42948859572052833
4,4,Mature,Mature,0.13076642202583455,0.13590438050347523,0.1418464693846353,0.15635434645204607,0.435128381634009
4,4,Mature,Mature,0.09309730371187455,0.08943874741407314,0.12975005010994947,0.1090331672151878,0.5786807315489151
4,4,Mature,Mature,0.11769079456621145,0.1628767273807401,0.17293477248088981,0.16316171814935365,0.38333598742280495
4,4,Mature,Mature,0.10012456184368455,0.12561321960106048,0.15045869122698188,0.13292749261330203,0.49087603471497104
4,4,Mature,Mature,0.14879147974368034,0.18036571739483953,0.21860071858681626,0.16245167520969223,0.28979040906497167
4,4,Mature,Mature,0.15814619548849584,0.1740591361583828,0.12845405443655664,0.10066734799004576,0.43867326592651884
4,4,Mature,Mature,0.12397811176158709,0.1275963055741569,0.14885864870435792,0.16800098366915717,0.4315659502907409
4,4,Mature,Mature,0.16430201050456483,0.12364333926033727,0.15602101902320048,0.16431690538392496,0.3917167258279725
4,4,Mature,Mature,0.13071705813652526,0.12905750963083978,0.1276508941671435,0.15333361344737254,0.45924092461811883
4,4,Mature,Mature,0.13369117487655546,0.18847321276653808,0.1301117196996526,0.17667732229372551,0.3710465703635284
4,4,Mature,Mature,0.12637487444048875,0.15965004020479076,0.12192832241380479,0.1224366950915822,0.4696100678493335
4,4,Mature,Mature,0.22211542460721176,0.12172814877931268,0.19876506655242268,0.14866334014325416,0.30872801991779864
4,4,Mature,Mature,0.20232342324463798,0.0795515772531895,0.09671935288208876,0.1740715225029397,0.447334124117144
4,4,Mature,Mature,0.1511736735654385,0.10667358119916048,0.20354155029506318,0.1526498670111077,0.3859613279292301
4,4,Mature,Mature,0.15262654594754085,0.11808418830847742,0.23772979864399413,0.1598309802036335,0.33172848689635404
4,4,Mature,Mature,0.13207995423403374,0.12299247753012071,0.0966700675032049,0.20108989646848693,0.44716760426415375
4,4,Mature,Mature,0.1135335011895066,0.09457260111468518,0.17183473838398317,0.10741488110147807,0.512644278210347
4,4,Mature,Mature,0.1139792876954092,0.10482269381018153,0.15143764864628823,0.12578862809329885,0.5039717417548222
4,4,Mature,Mature,0.16405614131845253,0.08327072212443927,0.2248760308597943,0.17911616251604687,0.34868094318126697
4,4,Mature,Mature,0.11536205346731787,0.17628827404661881,0.17059359389201606,0.24402644636096554,0.29372963223308174
4,4,Mature,Mature,0.1484285541984948,0.1472305997056515,0.16580310476219212,0.21708241212318308,0.32145532921047854
4,4,Mature,Mature,0.149399910246354,0.12832311153096287,0.15443682339565498,0.21503528225637716,0.352804872570651
4,4,Mature,Mature,0.20013171478492145,0.11487084085083323,0.14724900852054068,0.2501997759637218,0.28754865987998285
4,4,Mature,Mature,0.15370137813727405,0.10431088702558705,0.11395230271152341,0.2121699016530685,0.41586553047254693
4,4,Mature,Mature,0.13689471067431414,0.18433423673051696,0.12280057652776419,0.19255788238025895,0.36341259368714574
4,4,Mature,Mature,0.15682301550544933,0.13408787938747282,0.13996171275944125,0.1392051839267595,0.42992220842087703
4,4,Mature,Mature,0.12336277328939525,0.17305595261877302,0.13923401035423838,0.12827121106614825,0.43607605267144495
4,4,Mature,Mature,0.13540200286283746,0.18070016181000703,0.13933418619220614,0.16232386628893894,0.3822397828460104
4,4,Mature,Mature,0.13097361965136367,0.16443524182141678,0.15864591881042236,0.1085880494465511,0.437357170270246
4,4,Mature,Mature,0.15818537858028203,0.15255037825087875,0.14248118365568194,0.16736579290815834,0.37941726660499897
4,4,Mature,Mature,0.12510122505896146,0.13465434749573113,0.10540600618207496,0.2510432318421856,0.38379518942104696
4,4,Mature,Mature,0.19361206259014382,0.10433485737806564,0.18807750599721543,0.14831956284513645,0.3656560111894387
4,4,Mature,Mature,0.20870147392826252,0.17827894108364167,0.15360432550086597,0.1695944711878216,0.28982078829940816
4,4,Mature,Mature,0.1355106946261683,0.10396585437925839,0.1201227299080381,0.25148086545302784,0.3889198556335074
4,4,Mature,Mature,0.1520776443923926,0.11408787203827156,0.10011256221189768,0.10122692373916052,0.5324949976182777
4,4,Mature,Mature,0.11412494874525603,0.2046524512902641,0.2001346478892776,0.18397258731930508,0.2971153647558971
4,4,Mature,Mature,0.1981764820558856,0.14706478110819168,0.10023956020765676,0.20350940464106712,0.35100977198719885
4,4,Mature,Mature,0.13738760774568098,0.15036484409314152,0.1503617698768203,0.19206501158702977,0.36982076669732733
4,4,Mature,Mature,0.10139355177896323,0.21317416891361798,0.12688344920378397,0.14303763315554496,0.4155111969480899
4,4,Mature,Mature,0.13403993088625826,0.18504890102513985,0.1490113021040781,0.18622884573268803,0.34567102025183577
4,4,Mature,Mature,0.15671965396528226,0.15361664602319808,0.09709535616667833,0.16317828890075403,0.42939005494408733
4,4,Mature,Mature,0.27871161787899534,0.08214208014692728,0.12643772291546912,0.11378832095800241,0.3989202581006057
4,4,Mature,Mature,0.09149867465520141,0.13885505305669635,0.09211483172268187,0.13477837312160923,0.5427530674438111
4,4,Mature,Mature,0.18048947961263764,0.10604834070722641,0.16753989563750912,0.16608181794602522,0.3798404660966016
4,4,Mature,Mature,0.175788153954399,0.10107623514763045,0.17317452807608455,0.14263846109997236,0.4073226217219136
4,4,Mature,Mature,0.13800640525678942,0.11723263749458913,0.11370937715667095,0.18501421011974525,0.4460373699722051
4,4,Mature,Mature,0.1219514882334586,0.10226706465525216,0.1648189703996848,0.11116744875651645,0.49979502795508807
4,4,Mature,Mature,0.15273458176569493,0.17064222402745935,0.1461694235364301,0.13861327508007742,0.3918404955903381
4,4,Mature,Mature,0.16939591869406695,0.10500567852774333,0.13771792073306868,0.28257361208812276,0.3053068699569983
4,4,Mature,Mature,0.14957078770015406,0.10706096571638156,0.23173323612561986,0.14082953523909422,0.37080547521875024
4,4,Mature,Mature,0.19420701742496047,0.13244961619733756,0.1478230003287648,0.1562470303815131,0.36927333566742404
4,4,Mature,Mature,0.16576265420352781,0.1664206205520427,0.1338064522468155,0.14634973220013883,0.3876605407974752
4,4,Mature,Mature,0.11439463533001873,0.1054401662716392,0.17230928850770838,0.23550329056679314,0.3723526193238405
4,4,Mature,Mature,0.08491418813641723,0.1336379420302458,0.11616574857219893,0.1784888174677801,0.48679330379335783
4,4,Mature,Mature,0.18660461718456825,0.1560922350160497,0.10731536731417261,0.14867028068429364,0.4013174998009158
4,4,Mature,Mature,0.16107737318823073,0.10993109537727311,0.1129306256427417,0.18747551094517106,0.4285853948465834
4,4,Mature,Mature,0.1271152958434222,0.16214596792175845,0.1699555076337195,0.17426956438945665,0.3665136642116432
4,4,Mature,Mature,0.16117772686490045,0.13106428991484773,0.16643182204499074,0.17059916464383112,0.37072699653143
4,4,Mature,Mature,0.15231121097715009,0.14532397969672586,0.1705838554482465,0.1808820622166736,0.3508988916612038
4,4,Mature,Mature,0.1359661083138859,0.13227854855259685,0.12511160103703417,0.17613692458019542,0.4305068175162877
4,4,Mature,Mature,0.11929820308069668,0.13455455201082134,0.12294492647395952,0.17424450097962346,0.4489578174548991
4,4,Mature,Mature,0.1329669649446814,0.12977417247220566,0.18035980328578813,0.180055565068601,0.3768434942287238
4,4,Mature,Mature,0.1602401102036649,0.132054090279357,0.19926776221364959,0.1375080447023547,0.37092999260097376
4,4,Mature,Mature,0.11447895211863343,0.14057004038719237,0.1095269697827858,0.22446911357787172,0.41095492413351675
4,4,Mature,Mature,0.16661594063979926,0.13482436585579113,0.11581129210295703,0.13257712088219356,0.45017128051925903
4,4,Mature,Mature,0.1579157429707384,0.11239771079664851,0.1027460137226531,0.18912596570389145,0.43781456680606856
4,4,Mature,Mature,0.15120146072649643,0.18846795396935395,0.1206169656949734,0.2080099265553466,0.3317036930538296
4,4,Mature,Mature,0.14279870437264075,0.11039171146957832,0.12432556345862554,0.18183276261725026,0.4406512580819052
4,4,Mature,Mature,0.1669791338017689,0.176662210871052,0.20714072837316372,0.13236734675393869,0.31685058020007667
4,4,Mature,Mature,0.1826513913261173,0.13084070979566817,0.09927508103322663,0.13310320627281408,0.4541296115721738
4,4,Mature,Mature,0.15319771077476807,0.1392928379054654,0.15652107889403166,0.1647034102458501,0.38628496217988467
4,4,Mature,Mature,0.12016592997629873,0.11898661162480471,0.11926025657968595,0.25638493832060755,0.38520226349860304
4,4,Mature,Mature,0.1307114561227034,0.1502192170926203,0.14088172563715293,0.1411707366169261,0.43701686453059724
4,4,Mature,Mature,0.17645177845886018,0.16704890529849586,0.14719202708417187,0.1496815337644797,0.3596257553939924
4,4,Mature,Mature,0.14780526997112686,0.1009634292273975,0.11776694314223261,0.21667326495462425,0.41679109270461884
4,4,Mature,Mature,0.16606362925172038,0.14714790933309785,0.1828289240041709,0.1499877980461927,0.3539717393648183
4,4,Mature,Mature,0.14555628128449427,0.1421237585922988,0.14532078646806856,0.1792045683008269,0.38779460535431143
4,4,Mature,Mature,0.1983253521264565,0.0914498444266203,0.06579964877494117,0.15023638827941338,0.4941887663925687
4,4,Mature,Mature,0.16500817673024384,0.13288434426780069,0.13354444010021238,0.2025044253927875,0.36605861350895563
4,4,Mature,Mature,0.09886455688508121,0.10850976746202157,0.13528358894964623,0.16336993131057806,0.493972155392673
