True_Label,Predicted_Label,Correct,Prob_Day 0,Prob_Day 28,Prob_Day 56,Prob_Day 84,Prob_Mature
Day 28,Day 56,False,0.2316771822392461,0.17628140663195696,0.2646811702763422,0.10696374179260812,0.22039649905984662
Mature,Mature,True,0.19835799121693648,0.08702386635274542,0.11238097409099738,0.20712926869250217,0.39510789964681864
Mature,Mature,True,0.11664306849295812,0.1550840350415446,0.24698130888066283,0.19369890991861205,0.2875926776662225
Day 28,Day 28,True,0.09395378991310206,0.37706103331584895,0.2730401057745128,0.0716701525557883,0.1842749184407479
Mature,Mature,True,0.032619543773180375,0.2756120425273289,0.09707369298588821,0.180429552437576,0.4142651682760265
Day 0,Day 0,True,0.3391614039854118,0.1737785203641195,0.2683665622268409,0.05943970574650326,0.1592538076771244
Day 56,Day 56,True,0.14969091508669502,0.17374680830309502,0.4403170724690863,0.20853425535385142,0.02771094878727213
Day 28,Day 0,False,0.45888172450325637,0.25496175662072185,0.06880713371694648,0.1738635306527272,0.04348585450634827
Day 0,Day 56,False,0.2845347738293941,0.17998781014195248,0.4190701218998337,0.03956493186935922,0.07684236225946041
Day 28,Day 28,True,0.10135461979932407,0.3783334742754933,0.2551836555928316,0.06074501375619264,0.20438323657615826
Day 28,Day 28,True,0.2153294432472493,0.40542458350590627,0.11696318304677034,0.23247957607650824,0.029803214123565833
Day 0,Day 28,False,0.2237264533727259,0.31517277881606603,0.13759948485825552,0.2685300762225759,0.05497120673037661
Day 28,Day 28,True,0.3108151160537124,0.4055296490499097,0.07769166456034367,0.03998872358053685,0.1659748467554974
Mature,Mature,True,0.151565166817108,0.25076584521920586,0.055876363833352066,0.2222877732427496,0.3195048508875845
Day 28,Day 56,False,0.05257016426573099,0.25669258279527546,0.4090326548205111,0.06421205904415772,0.21749253907432475
Day 28,Day 28,True,0.3202383398619186,0.35125643394986367,0.11128959507721677,0.08729663034340983,0.12991900076759114
Day 56,Day 56,True,0.08624731957408847,0.11199525560513088,0.42397694824518395,0.3140100075188937,0.06377046905670307
Mature,Mature,True,0.15268605333156818,0.05627791658674801,0.1678397590859205,0.06300927675342313,0.5601869942423401
Day 28,Mature,False,0.11295537218713486,0.2571109383042301,0.08690808002082318,0.10241402782153766,0.4406115816662742
Day 28,Day 28,True,0.0562640077778118,0.4823586995920467,0.04316387369141556,0.296289547924597,0.12192387101412894
Day 84,Day 0,False,0.3570910535333025,0.11970993157464119,0.14090632766561775,0.26623775445037673,0.11605493277606192
Day 28,Day 28,True,0.12140206408736842,0.4788844995930795,0.14797627911726297,0.19835001237059532,0.053387144831693885
Day 0,Day 0,True,0.43416389891072016,0.03608257414630967,0.12930547983784926,0.08366494747961521,0.31678309962550566
Mature,Mature,True,0.14825302006723728,0.18361596707878702,0.027409898050174773,0.2190412082930926,0.42167990651070825
Day 56,Day 56,True,0.2197203804093601,0.12632694290963567,0.3275282524363434,0.2377130052637058,0.08871141898095491
Mature,Mature,True,0.08179509631889449,0.256627972775851,0.14106527663720964,0.19195139447463075,0.3285602597934141
Day 56,Day 84,False,0.12419056408723735,0.03392635257684383,0.3230963925929322,0.4332061958537091,0.0855804948892776
Day 56,Day 56,True,0.1439178268418582,0.12398334410988905,0.47096405669825153,0.14471938546469953,0.11641538688530165
Day 28,Day 84,False,0.05979933414960517,0.2777726366870893,0.0447432068839348,0.4011512949059053,0.21653352737346537
Day 84,Day 84,True,0.13653732223421663,0.06398056146919867,0.3319535843126007,0.36658636977827946,0.10094216220570439
Day 56,Day 28,False,0.12792523886944718,0.49905702763635096,0.1957533340978494,0.048273125568724894,0.1289912738276277
Day 56,Day 56,True,0.026383378822451925,0.08305331115226654,0.5311584829424005,0.1320710402935029,0.2273337867893783
Day 56,Day 56,True,0.07123371017404685,0.1588620029983537,0.3856165353203556,0.03175456988783781,0.35253318161940606
Day 0,Day 84,False,0.32680002723847157,0.08887599602860892,0.053934039680234656,0.3908020897956788,0.13958784725700604
Day 84,Mature,False,0.13237888616640012,0.17732372113235334,0.12093627061408257,0.2532833269475824,0.3160777951395817
Day 56,Day 56,True,0.03932404298776507,0.11539887725064786,0.35230194941460796,0.2818248054462811,0.21115032490069802
Day 28,Day 28,True,0.10582510980019465,0.3923489392499027,0.058137045663151525,0.2549080710217423,0.18878083426500886
Mature,Mature,True,0.08394868459590613,0.07231215475488961,0.08496124952181874,0.1325853962275649,0.6261925148998205
Day 28,Day 28,True,0.05037576924820342,0.3164428236140129,0.13274295793173763,0.2201162273618495,0.28032222184419664
Day 28,Day 28,True,0.20650392882240995,0.36858068142245237,0.2358066465476542,0.10349239148677898,0.08561635172070468
Day 0,Day 0,True,0.3401756460485201,0.19270720828244833,0.15988341254603047,0.18004131898781553,0.1271924141351856
Day 0,Day 0,True,0.47912905941364964,0.13221039595343265,0.1765942956918277,0.08033735678053902,0.13172889216055098
Mature,Mature,True,0.16108556253312117,0.13111970157980143,0.12830921701538775,0.12051184089045296,0.45897367798123667
Day 84,Day 84,True,0.03786060228380066,0.10753638591832902,0.31114665113424467,0.4114422926997273,0.1320140679638984
Day 0,Day 0,True,0.38781614339264087,0.18702965652148296,0.1632590735339425,0.11470016577666321,0.1471949607752706
Day 28,Day 28,True,0.15738886452326584,0.4359466968271123,0.06320977405642893,0.2799615209322825,0.06349314366091045
Mature,Mature,True,0.07097170527676676,0.1862967580891192,0.11492982121925387,0.14912174774841722,0.4786799676664429
Mature,Mature,True,0.1768324161624097,0.10062540048042899,0.1347889601268028,0.14680124715495227,0.44095197607540626
Mature,Mature,True,0.26517455691567754,0.05718299982405482,0.046611294890710205,0.21518444453139615,0.41584670383816125
Mature,Mature,True,0.05891332234960714,0.11574266052735108,0.09853218458847199,0.2028628294476505,0.5239490030869194
Day 28,Day 28,True,0.2345184026608761,0.3682128692794452,0.19977395519565927,0.11328614191495523,0.08420863094906422
Mature,Mature,True,0.06963344466106873,0.32015430963795666,0.12608450988383002,0.15878848910935217,0.3253392467077925
Day 28,Day 56,False,0.0949307286947295,0.323744099028809,0.35606671211231944,0.11429887189769763,0.1109595882664443
Day 0,Day 0,True,0.41671663052716407,0.3717516785674932,0.024749555200475885,0.09136761763342921,0.09541451807143762
Day 84,Day 84,True,0.1730620001977261,0.1434284810063296,0.15180831564880118,0.32069102272758604,0.2110101804195571
Day 0,Day 84,False,0.3493597545029071,0.07721719998324843,0.11568618812526334,0.3669694027636799,0.09076745462490113
Day 84,Day 84,True,0.22328863542960464,0.15479722586683473,0.10202324580599413,0.34502003404340226,0.17487085885416434
Day 0,Day 56,False,0.24075007544734459,0.09316354965619925,0.31712134234992373,0.10827128073457094,0.24069375181196143
Mature,Mature,True,0.10135490096963956,0.1957225856825575,0.14169662097220098,0.13445683622919896,0.42676905614640304
Mature,Mature,True,0.1608158707654283,0.09800027994421712,0.145345737279597,0.13585825424665174,0.45997985776410577
Day 84,Day 84,True,0.10601931862007409,0.21447186585406824,0.0973536227436254,0.40831093851586825,0.17384425426636413
Day 56,Day 56,True,0.1559172019089915,0.15245713139075923,0.5069988616162431,0.12278587493797741,0.06184093014602882
Day 28,Day 28,True,0.04860729712851057,0.5918309729308177,0.1922126848711601,0.08592170747672892,0.0814273375927827
Day 56,Day 56,True,0.0894869881477768,0.17976682042876807,0.4990428901019923,0.1358877875633368,0.09581551375812587
Day 28,Day 28,True,0.11683651947240753,0.3951052913864061,0.1242700782005093,0.15086890642445727,0.2129192045162198
Day 28,Day 28,True,0.047984904053127456,0.46637426798629955,0.34221610362357446,0.11935911244892115,0.024065611888077435
Mature,Mature,True,0.28303896386585814,0.08780303909173683,0.09056353132555137,0.11816032945190687,0.42043413626494675
Day 56,Day 84,False,0.08409716496654329,0.07629369155809797,0.29571356147751554,0.407682046164273,0.1362135358335701
Day 56,Day 56,True,0.12348921940686487,0.1368001409195843,0.44231467999273205,0.1673176267301967,0.13007833295062216
Day 28,Mature,False,0.08749936532574096,0.28668754850973327,0.14947493270931364,0.1064871900577502,0.3698509633974618
Day 0,Day 0,True,0.4315896006394231,0.11628662665978882,0.14417579263568087,0.19515314492901178,0.11279483513609549
Day 28,Day 28,True,0.12523130024054654,0.5433756748615953,0.0354450399456701,0.027606187709377807,0.26834179724281015
Day 0,Day 0,True,0.510329391699749,0.09813250471802387,0.02073903937204222,0.2930150406421325,0.07778402356805246
Day 56,Day 56,True,0.23341058214261245,0.07544227746129195,0.296705492526507,0.20478546675999004,0.18965618110959856
Day 84,Day 56,False,0.16451901144653486,0.16329774015897358,0.3604056235691218,0.23267261897325436,0.07910500585211536
Day 84,Day 56,False,0.24682032987741065,0.16637093551788873,0.27536708824611267,0.25856132652798197,0.052880319830606086
Day 28,Mature,False,0.26639423983313304,0.2515029255784176,0.11766622290015191,0.06936888583131132,0.2950677258569862
Day 56,Day 56,True,0.18215074648714957,0.1606145603235743,0.3149673700732197,0.20950919242444457,0.13275813069161196
Day 84,Day 84,True,0.14963481851995333,0.06820948640930546,0.24159914407760513,0.45343647911380747,0.08712007187932852
Day 0,Day 0,True,0.3977561400073177,0.17553242338719177,0.0845020253732857,0.08960702487724047,0.25260238635496435
Day 0,Day 0,True,0.4107828051153205,0.05426413576470017,0.14500226028213023,0.21836101493885185,0.1715897838989974
Day 56,Day 28,False,0.04137359682373055,0.34787394357402357,0.2723664821927524,0.1351572928156906,0.20322868459380267
Mature,Mature,True,0.04210559877968123,0.10961470309183197,0.04237257238014799,0.0848893008410195,0.7210178249073194
Day 0,Day 0,True,0.4584321822656185,0.23537985953703294,0.06499286769160392,0.11832496118762527,0.12287012931811937
Day 0,Day 56,False,0.28474168396556754,0.13179732412562703,0.4837921821475719,0.073100945533677,0.026567864227556737
Day 0,Day 0,True,0.4194741317399547,0.03618668507268819,0.11891735744096153,0.29613940499357555,0.12928242075282004
Mature,Mature,True,0.15872321089580327,0.0848863871676442,0.10561319075473401,0.1034370597736745,0.5473401514081438
Day 84,Day 84,True,0.19657142586987236,0.09817903831824548,0.20557826949888186,0.34107793800220937,0.15859332831079084
Day 56,Day 28,False,0.1280791240363296,0.5654504489718891,0.19888325680505675,0.05137059645453895,0.056216573732185714
Day 56,Day 56,True,0.09144773405931039,0.2766496769643501,0.3154957648331246,0.0555540472797597,0.26085277686345526
Day 84,Day 84,True,0.21007612831762457,0.08179714656759351,0.15742208575208758,0.451919024956434,0.09878561440626035
Day 0,Day 0,True,0.4227189166798536,0.21409329398212743,0.09896135938836562,0.12906934884895896,0.13515708110069438
Day 0,Mature,False,0.2520733637407924,0.21137983040438352,0.11926854402909906,0.11763386686311181,0.2996443949626132
Day 56,Day 56,True,0.08941974879970868,0.11551936266714778,0.562984238458737,0.08621964008882156,0.1458570099855851
Day 28,Day 28,True,0.2199035492707492,0.3375762871978468,0.14662668219421285,0.17393452229056036,0.12195895904663076
Day 0,Day 0,True,0.40201221312285085,0.32361694332559116,0.11784354525315428,0.0881671001680953,0.06836019813030829
Day 28,Mature,False,0.14534222365727517,0.30341146721323786,0.10953948129368088,0.11153821763761762,0.33016861019818844
Mature,Mature,True,0.31144353278848996,0.10849402933620848,0.18026089135282009,0.07554706811154319,0.32425447841093824
Day 28,Day 28,True,0.15910313127935602,0.4450484994058884,0.1723900357585153,0.13990696822423299,0.08355136533200717
Day 84,Day 84,True,0.1284518797019577,0.16979273264665745,0.1260921421227207,0.4368318150491625,0.13883143047950158
Day 0,Day 0,True,0.3311518920228736,0.16800039323004282,0.18033934289015535,0.09198167469024685,0.22852669716668148
Day 28,Day 28,True,0.18688687497952686,0.3874049650786987,0.2077810049533915,0.1157429742957753,0.10218418069260758
Day 0,Day 0,True,0.37978496001568574,0.15914491942303463,0.19174015293252342,0.13246765081666675,0.13686231681208955
Day 84,Day 28,False,0.20265774545655751,0.36837212427667176,0.10921707205052765,0.21463017230276374,0.10512288591347921
Day 28,Day 28,True,0.20592071615690086,0.3407882490038707,0.05782831298689915,0.2386294141718293,0.1568333076805
Day 84,Day 56,False,0.08221493406898012,0.019997250864837758,0.38064534662579136,0.2992780849959981,0.21786438344439255
Day 28,Day 56,False,0.10785158456899487,0.31099163717274514,0.4181850817481099,0.11505238592499151,0.04791931058515847
Day 28,Day 28,True,0.22656514601309777,0.31212266706841996,0.18851488203890768,0.148772680351052,0.12402462452852257
Day 0,Day 0,True,0.4430784886838073,0.1564574138427563,0.12970536162250454,0.11108225403206089,0.15967648181887106
Day 56,Day 56,True,0.27835139760856814,0.06494108389629906,0.3643488187683319,0.1873817169286161,0.10497698279818488
Day 28,Day 28,True,0.2092651456764631,0.2707257903419199,0.2049845006525005,0.14697298059953862,0.16805158272957782
Day 0,Day 28,False,0.21537907220816574,0.32620554631652116,0.047700735297333416,0.19573100456779546,0.2149836416101842
Day 28,Day 28,True,0.08751921167515983,0.38613665933559244,0.08765257930022027,0.2177044995004613,0.22098705018856607
Mature,Day 0,False,0.3221746163792427,0.2688982508836025,0.09406422319088711,0.11050468712409918,0.2043582224221685
Day 0,Day 0,True,0.31760327970670144,0.15868923755346956,0.2957829152902996,0.10983307166476267,0.11809149578476677
Day 0,Day 0,True,0.395468542487947,0.1066330086534821,0.28182892568631346,0.13502961451433834,0.08103990865791931
Day 0,Day 28,False,0.22798034575702392,0.3139318681357774,0.2539130501609582,0.05919166870845857,0.1449830672377818
Mature,Day 84,False,0.09502975034893586,0.049250867159401204,0.10416482353160433,0.40145143259840194,0.3501031263616566
Day 0,Day 0,True,0.3039926665414342,0.18185659969967233,0.16837886027636162,0.05303454683997525,0.2927373266425566
Day 28,Day 84,False,0.07581567409358975,0.24431664224675492,0.06430166681970127,0.5403139089699402,0.07525210787001381
Day 0,Day 0,True,0.3626893904994446,0.11382568974424362,0.36038892186312343,0.060124982589759256,0.10297101530342925
Day 84,Day 56,False,0.06109298348679462,0.03674206737016559,0.6014935637323471,0.21177058012045835,0.08890080529023428
Day 84,Day 84,True,0.16624958637076084,0.18313108751654186,0.11708897510467116,0.381177843621742,0.15235250738628414
Day 56,Day 56,True,0.23007573298981118,0.14437916284355737,0.34073980782434393,0.08804283544168931,0.19676246090059824
Day 56,Day 56,True,0.1283757077960506,0.08699036695776599,0.43898530292463894,0.13846067947345334,0.20718794284809114
Day 28,Day 28,True,0.1936431147593519,0.464218353753778,0.11925144635025009,0.16452107317246872,0.058366011964151185
Day 0,Day 0,True,0.6635980461917931,0.12895095555918648,0.11331821381419899,0.06342892923578591,0.030703855199035665
Day 28,Day 0,False,0.3742462661339945,0.3431779425697678,0.036643657147581124,0.06826799824930276,0.17766413589935393
Mature,Mature,True,0.1667490132508739,0.2603913052115526,0.03638587402385336,0.15893137867569188,0.3775424288380282
Day 56,Day 56,True,0.10379156461310685,0.08786546302916957,0.4235313360064382,0.1690779728174804,0.21573366353380483
Day 28,Day 28,True,0.08997058224276959,0.38485696818548376,0.21200917231603114,0.22172053759773913,0.09144273965797647
Day 0,Day 0,True,0.4955833966610507,0.1748660355728973,0.13416925653078096,0.05525692753870253,0.14012438369656843
Day 28,Day 28,True,0.30431668299539844,0.33914123675552105,0.14875615880177703,0.1325458871526188,0.07524003429468466
Mature,Mature,True,0.057240581898493945,0.18605890926203952,0.15830383320382052,0.13209841197835726,0.46629826365728866
Day 56,Day 0,False,0.3406781415981867,0.05364869312644753,0.2704320531546724,0.13295284050990203,0.20228827161079135
Day 28,Day 28,True,0.12782415280195797,0.4443577598158614,0.029741875223000168,0.08481195101860373,0.31326426114057665
Mature,Mature,True,0.09748149933950481,0.26493289403927944,0.12325121496157344,0.0269241919703178,0.4874101996893245
Mature,Mature,True,0.11624805506534538,0.04454000443070842,0.11454816383318164,0.3349401549927536,0.38972362167801095
Mature,Mature,True,0.22810130754438313,0.04829125639572705,0.18342376448027,0.08077623638377868,0.4594074351958411
Day 0,Day 0,True,0.34248837296709117,0.08969333947961956,0.12413126754820931,0.17213398780866299,0.2715530321964169
Day 56,Day 56,True,0.15091958614874432,0.11031044514094611,0.2910047907387526,0.15918817209878725,0.28857700587276974
Day 28,Day 28,True,0.1303501154503376,0.3799624989287369,0.08551005584849906,0.22077182730062864,0.18340550247179785
Day 56,Day 56,True,0.10087655530437022,0.09452575802843124,0.36942426528331246,0.3017796245436888,0.1333937968401974
Day 56,Day 56,True,0.05886457027625895,0.10381966889079045,0.3929315397811162,0.15678170066608005,0.28760252038575435
Day 84,Day 28,False,0.11499669034326294,0.2843465680199342,0.10078346954316245,0.25125040854193337,0.24862286355170723
Day 0,Day 0,True,0.5202129175129793,0.1797031425911572,0.04784744806547381,0.09502635195976344,0.1572101398706262
Mature,Mature,True,0.06331218995125018,0.04339970428386489,0.33256162890666957,0.09508629532163039,0.46564018153658504
Day 28,Day 84,False,0.14036063455346384,0.25210655184257996,0.1334140895705615,0.4558340539996205,0.018284670033774018
Mature,Mature,True,0.21088857329220348,0.1359460334022255,0.1706961296791263,0.09985770380298475,0.38261155982345996
Day 84,Day 0,False,0.46597120990838364,0.10992244231437401,0.08765503549090467,0.25712108476845635,0.07933022751788119
Day 0,Day 0,True,0.35776184971484887,0.3181805159405658,0.11316591839799885,0.12873716261550303,0.08215455333108336
Mature,Day 28,False,0.09004791923153757,0.5094886107677845,0.087421943432903,0.07597731337015774,0.23706421319761717
Day 28,Day 28,True,0.035616504106445915,0.41429290688728715,0.15714397422933868,0.19793146651194093,0.19501514826498717
Mature,Mature,True,0.15235313881420265,0.21381596189977364,0.1904628197189783,0.09249784923340726,0.35087023033363823
Day 0,Day 84,False,0.29626494447266355,0.09119609093489632,0.15242717395085928,0.38391465947105985,0.07619713117052114
Day 84,Day 84,True,0.17995692817045725,0.18117369808522632,0.16589140217890758,0.388048586529719,0.0849293850356899
Mature,Mature,True,0.2263438791008747,0.2023904310401869,0.14933335634543207,0.1548022992353188,0.26713003427818754
Day 56,Day 56,True,0.09669183526018597,0.16622642440312987,0.4501751828682427,0.09132139224069456,0.1955851652277469
Day 28,Day 28,True,0.18473535821815795,0.40227068599377674,0.08904739054609631,0.22100636127675322,0.10294020396521567
Day 0,Day 0,True,0.521465704073682,0.1664031289363629,0.15228458758642657,0.05657033079440012,0.10327624860912848
Day 56,Day 56,True,0.09860554469213906,0.17071171770705856,0.4871326825362595,0.10978446405833595,0.13376559100620694
Mature,Mature,True,0.14413081325472382,0.09265343082441624,0.29158692429956085,0.09393274166527005,0.377696089956029
Day 56,Day 56,True,0.11603561086372056,0.22674833315458764,0.5408250953600646,0.048825796040363884,0.06756516458126334
Mature,Mature,True,0.23690882723417003,0.16088461608957041,0.1605323619623423,0.11477159281918009,0.32690260189473713
Day 28,Day 28,True,0.16383625831449736,0.23796986025618297,0.1460814596929058,0.2303164143854556,0.22179600735095836
Day 0,Day 0,True,0.5885718283307478,0.1930913123424435,0.07693084087142235,0.04937533599594766,0.09203068245943853
Day 28,Day 56,False,0.07092714293522487,0.26088470699869803,0.3408164970627022,0.14358543450157865,0.18378621850179633
Day 28,Mature,False,0.07491811077845033,0.30896992729784845,0.08007669383230957,0.1163011078166383,0.4197341602747533
Day 56,Day 56,True,0.18210761775638995,0.23090752215082389,0.29945422695378976,0.20088603006308456,0.08664460307591189
Day 56,Day 56,True,0.0957037577901294,0.09252779611742229,0.46799516162229193,0.0679530287250363,0.2758202557451201
Day 56,Day 56,True,0.18035729712143678,0.2444837715966916,0.25545215806519195,0.1085264916678079,0.21118028154887175
Day 0,Day 0,True,0.36108068928713577,0.14504725168260316,0.12906857640259156,0.06032208069627285,0.3044814019313966
Mature,Mature,True,0.09022241797570328,0.062063517799679765,0.17013510635211654,0.19639837633982005,0.48118058153268034
Day 56,Day 56,True,0.13792051465042426,0.10452450607570507,0.4963196495359426,0.07702321260048452,0.18421211713744345
Day 84,Day 84,True,0.21906184852978797,0.07995853556171582,0.12301839531194196,0.3123295392965,0.26563168130005416
Day 84,Day 84,True,0.1785596653816898,0.10551021402600441,0.10901445277683759,0.34188618114366265,0.2650294866718056
Day 0,Day 0,True,0.6063187295584885,0.037985729256875524,0.12956555137629455,0.19044903227502533,0.035680957533316175
Day 56,Day 0,False,0.43743469782793526,0.11139465076628594,0.2961180591242643,0.08251624416264845,0.07253634811886613
Day 56,Day 56,True,0.11007826534111213,0.10879184918131041,0.48816167404195804,0.2027736329163947,0.09019457851922479
Day 0,Day 0,True,0.437795631674004,0.23716616967201914,0.17286474067522392,0.09026268805266034,0.06191076992609268
Day 28,Day 28,True,0.06991301913977185,0.4543607584555059,0.21855139624839368,0.15623978421791063,0.10093504193841796
Day 84,Day 84,True,0.05803391594884035,0.3050169799140768,0.2141502094654008,0.39338291765099387,0.029415977020688225
Day 28,Day 28,True,0.3009916435914019,0.3928195123201012,0.14053621203913452,0.04944753807118373,0.11620509397817863
Mature,Mature,True,0.18173851828576723,0.0778338646122182,0.1422998059612566,0.17874952410761147,0.4193782870331465
Day 0,Day 0,True,0.4465105560891133,0.07599370290579759,0.23519534097074132,0.18655167058824298,0.0557487294461048
Day 28,Day 0,False,0.42481249091969736,0.19599772599669685,0.1259993749696046,0.10339889743546088,0.14979151067854032
Day 0,Day 0,True,0.38655638940180115,0.09937407576502195,0.10749565914272745,0.24726936825624624,0.15930450743420316
Day 28,Day 28,True,0.12921597407235597,0.4300522401160851,0.1617255133231627,0.18781863065263418,0.09118764183576197
Day 28,Day 84,False,0.10368478969950681,0.27885715534206695,0.15457171341988962,0.36889562381644936,0.09399071772208728
Day 28,Day 28,True,0.038007839960652004,0.4514341384678233,0.34022792062438195,0.10997312160945968,0.060356979337683005
Day 0,Day 56,False,0.2529738777951237,0.061199001428449584,0.27175219560872593,0.23381780996701632,0.18025711520068444
Day 28,Day 28,True,0.2867827574723485,0.31897399973824003,0.15558677183049927,0.13540168567309088,0.10325478528582119
Day 0,Day 0,True,0.3680632910847113,0.1543593168279682,0.2135706654776195,0.054047704948252666,0.2099590216614484
Day 84,Day 84,True,0.2573643019879715,0.17124051697778667,0.20486052225870374,0.2674239206139053,0.09911073816163293
Day 56,Day 0,False,0.2893277372171364,0.10705051996373657,0.2706632436217739,0.22352559217119708,0.10943290702615605
Day 84,Day 84,True,0.23062051044317286,0.11542537816454422,0.118863700018235,0.3993420726021628,0.13574833877188514
Mature,Mature,True,0.07241036109823885,0.2566216345001406,0.10515062155524357,0.2396413410629777,0.32617604178339943
Day 84,Day 84,True,0.06966738306124681,0.11896682481611373,0.13230090456893626,0.6248237297652997,0.0542411577884035
Day 0,Day 0,True,0.37942550853469936,0.0881300332583186,0.265596179562754,0.07011297282294791,0.19673530582128018
Day 0,Day 0,True,0.49886229025513046,0.06574372694362324,0.1942635723442469,0.0602081997231248,0.18092221073387477
Day 56,Day 56,True,0.18182396131346248,0.1805229952071193,0.3300194095149707,0.15087751654539425,0.1567561174190532
Day 84,Day 84,True,0.12854653784050202,0.17602551745343006,0.1338926230459765,0.3323090030554819,0.22922631860460946
Day 28,Day 28,True,0.17872566155203778,0.3749935599169107,0.16403020464614582,0.045777927921767554,0.23647264596313805
Day 84,Day 84,True,0.05864129234214693,0.15995294707201704,0.2971363901818423,0.42500158542276767,0.0592677849812262
Day 28,Day 28,True,0.18915755875553483,0.365822105696442,0.10422049141434718,0.2067358136038932,0.13406403052978286
Day 28,Day 28,True,0.30226711727732297,0.44448278241832595,0.019328887527017714,0.06756384255153096,0.16635737022580235
Day 0,Day 56,False,0.20801843302913436,0.09707981385565893,0.29807248502563255,0.12244614939433889,0.2743831186952353
Mature,Mature,True,0.0720674085056661,0.1417627877889737,0.08414676566122956,0.34626843080685077,0.35575460723728
Day 84,Day 84,True,0.12440776634412164,0.17143316281379528,0.05901300552431633,0.5429800845218112,0.10216598079595551
Day 0,Day 56,False,0.23133521387349362,0.19651341098695116,0.2643519953440235,0.07972407262337178,0.22807530717216
Mature,Mature,True,0.06475640923446305,0.21006953746231186,0.2103257317444316,0.17705527930187875,0.3377930422569148
Day 28,Day 28,True,0.24165170241273473,0.38115296972674884,0.10276360945796444,0.11482417437312023,0.1596075440294317
Day 84,Day 84,True,0.13314480073276985,0.09439872559933793,0.26453934919720284,0.35905475641397044,0.14886236805671896
Day 0,Day 0,True,0.3688507765980003,0.07650995750754017,0.17691077404985478,0.22507034886745653,0.15265814297714836
Mature,Mature,True,0.16149950713919436,0.1012309765883396,0.10590303385963802,0.21209038506157046,0.41927609735125754
Day 0,Mature,False,0.3828892997515849,0.03225263914354388,0.07629398131256246,0.052354832210848225,0.45620924758146064
Day 28,Day 28,True,0.17322162221807813,0.361663281012246,0.07823053872923898,0.060261061424535904,0.326623496615901
Day 28,Day 28,True,0.20678061528295863,0.36388474743196214,0.16512262125436505,0.1933859117353074,0.07082610429540682
Day 28,Day 84,False,0.04729988437649877,0.2748907069435995,0.14258689997000623,0.2858444438968597,0.2493780648130358
Day 56,Day 56,True,0.06374237215032198,0.05738630505610121,0.3863746123965101,0.13578608751283947,0.3567106228842272
Day 28,Mature,False,0.09891494923131121,0.3602390421652474,0.047932981531375575,0.08728896763817097,0.40562405943389485
Day 0,Day 28,False,0.2887188261213019,0.3274768115134092,0.2127911162875092,0.09543067912264212,0.07558256695513749
Day 84,Mature,False,0.09118133029601967,0.2827293227249494,0.04785829217920809,0.26196082123092373,0.3162702335688992
Day 84,Day 0,False,0.3485766081555375,0.19607202663485188,0.06407566860298675,0.24943662896558855,0.14183906764103535
Day 0,Day 0,True,0.356821672025089,0.17098503922235483,0.19588057952950946,0.15402545765973533,0.12228725156331123
Day 0,Day 0,True,0.34094842288001076,0.25501760938010665,0.17889041185048182,0.12573254273670423,0.09941101315269657
Mature,Mature,True,0.060272923619968825,0.2924925430300496,0.09417527546085876,0.03193477583628543,0.5211244820528372
Day 0,Day 0,True,0.6784570931951229,0.09152541531336172,0.06041212391500408,0.07818678860798631,0.0914185789685251
Day 0,Day 56,False,0.3399616265403446,0.06181624592501496,0.3675348647381337,0.12942674092370884,0.10126052187279778
Day 0,Day 0,True,0.31610038227931925,0.16822344165820285,0.265059756204666,0.12276692967789471,0.1278494901799172
Day 0,Day 56,False,0.29560958023682943,0.08153531397033528,0.503073566284266,0.06740388292679717,0.05237765658177218
Day 84,Day 0,False,0.48801118584154035,0.08286009003414797,0.09371107583492236,0.2692698569415376,0.06614779134785158
Day 28,Day 28,True,0.20338621148606192,0.3664095425001576,0.15286592165829035,0.07737537804554136,0.19996294630994874
Day 56,Day 56,True,0.15886951006118907,0.07006767505961692,0.4340040173238003,0.14270911497525773,0.1943496825801359
Mature,Mature,True,0.08516042770435259,0.1426432983142903,0.3144226851086581,0.07653405818437065,0.3812395306883283
Day 28,Day 56,False,0.2155323559297839,0.26327181313988546,0.4140322106299249,0.05485466055924037,0.052308959741165464
Day 0,Day 0,True,0.5423914197173952,0.19280445377274527,0.14520333843268632,0.03791160426634048,0.08168918381083276
Day 0,Day 84,False,0.29143236633479935,0.08263223657183655,0.20439641349149262,0.29342281229513795,0.12811617130673345
Day 0,Day 56,False,0.26385107271105723,0.16328241761240544,0.28032873201431,0.04824771301867213,0.2442900646435553
Mature,Mature,True,0.108395979741173,0.22132385047123757,0.20234101464690576,0.13002044270971969,0.3379187124309639
Mature,Mature,True,0.267874529873733,0.09799517544664378,0.03700448952267502,0.04129738445982865,0.5558284206971196
Day 28,Day 84,False,0.10979961951858035,0.24646684856057385,0.19336720424076181,0.31888058905465383,0.13148573862543017
Day 0,Day 0,True,0.4931724708418977,0.048408299730643145,0.15876050061961453,0.19955482726775287,0.10010390154009181
Day 56,Day 56,True,0.0747552924313065,0.21034935296476814,0.40123187764631146,0.2360606411224375,0.07760283583517635
Mature,Day 56,False,0.15868241201631514,0.14237319669636697,0.3459129623255906,0.15843723080995217,0.1945941981517752
Day 56,Day 56,True,0.1890426753437741,0.08477379412035685,0.3964403102054247,0.15544153912480504,0.17430168120563932
Day 56,Day 56,True,0.1251031060607803,0.10731344209711446,0.32031563202920066,0.27039776992994113,0.17687004988296337
Mature,Mature,True,0.12004532351150357,0.27756046211257906,0.04652741083419721,0.09750355986704655,0.4583632436746737
Day 28,Day 0,False,0.2832041946786808,0.2709691580297447,0.0633475637265658,0.1363736244649637,0.24610545910004497
Day 28,Day 28,True,0.23610040414400246,0.38728762053231214,0.12285402073006048,0.06463490505459842,0.18912304953902648
Day 56,Day 84,False,0.11256168089147169,0.1074484822136358,0.290678983314884,0.4079528550683672,0.08135799851164134
Day 56,Mature,False,0.21158638340112537,0.05899397944030672,0.3384774163002082,0.048822205269500346,0.34212001558885935
Day 28,Mature,False,0.06369986008460991,0.2605837374145832,0.06584022117887181,0.12382986247169465,0.4860463188502403
Day 56,Day 56,True,0.08590914396844174,0.10923187776962512,0.34004229662470614,0.3236726203093784,0.14114406132784862
Day 84,Day 84,True,0.09321957583267895,0.045722319380031184,0.14074215296941603,0.5237598058488887,0.19655614596898516
Day 0,Day 0,True,0.3493042575195644,0.14662869056003247,0.13380967278892003,0.06832680673157378,0.30193057239990945
Day 56,Day 0,False,0.3056913152689475,0.11189971644497616,0.26897606758256926,0.2159220624988245,0.09751083820468248
Day 28,Day 0,False,0.40542698818052486,0.3194918039631531,0.046394107524740644,0.07248851871610135,0.15619858161548006
Mature,Mature,True,0.1381813796576716,0.18947979998356165,0.13086949984785412,0.14222039720351354,0.3992489233073992
Day 0,Day 0,True,0.5949058692614851,0.07743487009066745,0.0884835652056598,0.1463891181030783,0.09278657733910912
Day 28,Day 84,False,0.06369813725489501,0.2937582120678796,0.14009196983281133,0.4062903131562121,0.09616136768820198
Day 84,Day 84,True,0.252321146506322,0.25526264301124063,0.06393438673987202,0.31575089985313526,0.11273092388943011
Mature,Mature,True,0.12023361677863084,0.33877537125552337,0.07472862976384341,0.07777320457989624,0.3884891776221062
Day 56,Day 56,True,0.17822273933995078,0.1390159797137885,0.34141723301197635,0.09832931423676512,0.24301473369751936
Day 56,Day 56,True,0.23650510108165365,0.09482130406203879,0.40509231995791,0.14984507326159865,0.11373620163679897
Day 28,Day 84,False,0.07109339723067178,0.25913727317216306,0.10887945866853112,0.45532034256488035,0.10556952836375369
Mature,Day 84,False,0.10358800425472796,0.08868987918876102,0.2069072785676092,0.3167472685195742,0.28406756946932765
Mature,Mature,True,0.2591379173523579,0.08770681875557866,0.24745675164663358,0.1051685104685052,0.30053000177692457
Day 28,Day 28,True,0.16704400966730276,0.33409130909753804,0.241343057102062,0.07195350252738324,0.18556812160571418
Day 56,Day 0,False,0.43593950471094517,0.020064389176231445,0.2178750489061375,0.0585870389650251,0.26753401824166084
Day 0,Day 84,False,0.2753811075920982,0.07130318538021045,0.08724111393642918,0.42607808264033087,0.13999651045093134
Day 84,Day 84,True,0.09476592448454181,0.20546208053500425,0.1359347887437272,0.4823003567969245,0.08153684943980243
Day 56,Day 84,False,0.10274617599721869,0.06598310528768597,0.3184240687620436,0.3304225149954,0.18242413495765183
Day 28,Day 84,False,0.053630626122121265,0.23405915752384618,0.07532144241319427,0.5833427466127128,0.05364602732812547
Day 56,Day 56,True,0.05446199828285403,0.09691962629560341,0.3081356873379868,0.24336083291218816,0.29712185517136763
Day 0,Day 56,False,0.24751819639970596,0.23362979736538542,0.3565848670994011,0.07008874872289451,0.09217839041261297
Day 0,Day 0,True,0.41620324486881016,0.15395100472371093,0.11230538170073188,0.20875510566046088,0.10878526304628611
Day 56,Day 0,False,0.295344030154887,0.15951350261568267,0.29202690280219046,0.13580311953384905,0.11731244489339085
Mature,Mature,True,0.2910618835590412,0.07129456820881354,0.20539304301068265,0.09023512398241226,0.3420153812390504
Day 56,Day 56,True,0.08684188547433375,0.18199259555616598,0.4640743260189909,0.08200450489869981,0.18508668805180947
Day 84,Day 56,False,0.236262337620101,0.04170949748426707,0.3505284914179048,0.25891549875790565,0.1125841747198215
Day 0,Day 0,True,0.48575837496249696,0.1234806568682291,0.18139534840357907,0.1062229463214432,0.10314267344425158
Day 28,Day 28,True,0.0678103581198587,0.4712035047526325,0.3410600225916076,0.04653935273884512,0.07338676179705601
Mature,Mature,True,0.13581554926932526,0.10853976107372726,0.17726633929163205,0.14969545958707436,0.42868289077824107
Day 0,Day 0,True,0.3552783155886629,0.13379623933660448,0.10719326729003374,0.1408798656347623,0.26285231214993654
Day 0,Day 0,True,0.48131403766194336,0.2235100689199236,0.050940878153988366,0.14774379634524473,0.09649121891890007
Mature,Mature,True,0.0818006753127344,0.1667605748820022,0.20542166919312574,0.047550002242276186,0.4984670783698616
Day 28,Day 28,True,0.2768009029984277,0.32931436023875366,0.193435383081968,0.06735716152479078,0.13309219215605986
Day 0,Day 0,True,0.3344882830286906,0.29918346600228757,0.22812185526531897,0.078721474805365,0.059484920898337866
Day 56,Day 84,False,0.0632633296569589,0.18002087505088832,0.2658696602922114,0.31903141513276645,0.1718147198671751
Day 28,Day 28,True,0.14759610637646312,0.4928725480865453,0.12197197885675928,0.11967678288310851,0.11788258379712387
Day 28,Day 28,True,0.13358125273592036,0.2978255331238923,0.2784205151156228,0.06713158944863241,0.22304110957593215
Day 56,Day 56,True,0.2856947200272599,0.1499786882660135,0.32183247193995784,0.1295544677630275,0.11293965200374119
Day 84,Day 84,True,0.09916665699495557,0.16509146185578327,0.17338976471154247,0.33606653556569477,0.22628558087202383
Day 56,Day 56,True,0.06603010037468726,0.19422512252551902,0.4399892159441156,0.19966366889322065,0.10009189226245734
Day 84,Mature,False,0.16967190404258392,0.2116884099308921,0.2040026448306785,0.19628744474332183,0.21834959645252353
Day 84,Mature,False,0.16533257319312966,0.1116659935039656,0.11719452807524577,0.294629810298865,0.31117709492879386
Mature,Mature,True,0.2930582830362376,0.09923202670923623,0.09805748982404601,0.1982020380420811,0.3114501623883989
Day 56,Day 84,False,0.11549988758602725,0.1877991520278652,0.23656506201991592,0.24629085450322918,0.21384504386296235
Mature,Mature,True,0.10639014143087984,0.11374834846160195,0.3034072882441576,0.03714370832756746,0.43931051353579315
Mature,Mature,True,0.27828064302635974,0.07446198249383665,0.031780998301459355,0.17424445905289673,0.44123191712544746
Mature,Mature,True,0.08582535452410141,0.17152838954032626,0.11536992465252846,0.3013341497619559,0.325942181521088
Day 56,Day 56,True,0.12042838872651787,0.09974518158794354,0.4079220962483003,0.22783850469875042,0.1440658287384879
Mature,Mature,True,0.15620999999298404,0.17481927036403347,0.08778313561342506,0.11610247122483806,0.4650851228047194
Day 84,Day 84,True,0.16196721414931534,0.10321898005889561,0.2697822997897797,0.3372760691037522,0.12775543689825702
Day 0,Day 28,False,0.2811825285009205,0.3279836291545878,0.30882798957786023,0.04206759852076029,0.03993825424587133
Day 28,Day 28,True,0.10075583004188793,0.4533567345519717,0.13024370346092745,0.05433640670508891,0.26130732524012396
Day 84,Day 84,True,0.22738468640766205,0.11349195191422547,0.13898348040576944,0.42522610888777,0.09491377238457313
Day 28,Day 28,True,0.06074014480802179,0.35323265706537127,0.08771566589653414,0.17334983573727838,0.32496169649279444
Day 0,Mature,False,0.27956382911211836,0.1364292125827326,0.061070590772000555,0.08756915686585372,0.4353672106672947
Mature,Mature,True,0.12013962764473578,0.06322361851932554,0.06138874218445753,0.14166342709737326,0.6135845845541078
Day 0,Day 28,False,0.2423221314068861,0.560815034017984,0.10585281760184884,0.0644659477188405,0.02654406925444042
Day 28,Day 28,True,0.22580447509244525,0.3726584171287633,0.16034833472988277,0.11768080890737179,0.12350796414153688
Day 0,Day 0,True,0.5575698444329601,0.05954043491660157,0.13689259854341185,0.13793905540361187,0.10805806670341461
Day 84,Day 28,False,0.09757316133459075,0.38297911489675535,0.1494709555135358,0.24375516975155548,0.12622159850356254
Day 28,Day 28,True,0.10776474105747541,0.4629936007132444,0.08452783880036098,0.16301874215050347,0.1816950772784156
Day 0,Day 0,True,0.35515040536524745,0.15833122681997205,0.0970415848328193,0.22010445339728688,0.16937232958467427
Day 84,Day 84,True,0.19306241446666045,0.18694688962419728,0.053902574195000434,0.39434299099017334,0.1717451307239685
Day 84,Day 84,True,0.12799575969310975,0.168188143004562,0.08454459057323437,0.546412148817641,0.07285935791145288
Day 0,Day 84,False,0.30188705029878876,0.1520802847279328,0.13528245045389597,0.34099172872964845,0.06975848578973405
Day 0,Day 0,True,0.5622013054762889,0.152206646529852,0.12267144299165147,0.12479429217455146,0.03812631282765628
Day 28,Day 28,True,0.2964977411100891,0.3740944679189412,0.060187056017314465,0.06891512936422892,0.20030560558942645
Mature,Mature,True,0.10948082973118431,0.22375036973204226,0.08311963314941925,0.1690583813769555,0.41459078601039856
Mature,Mature,True,0.2266847756739612,0.10462867718185617,0.10109504637687997,0.10439412689290051,0.4631973738744023
Mature,Mature,True,0.2574261941229572,0.05940490703772706,0.09265093249012403,0.14838332908537327,0.4421346372638186
Day 56,Day 56,True,0.1333779149267152,0.11154034915328369,0.34114662014089603,0.1615010582154167,0.2524340575636883
Day 28,Day 28,True,0.11846025825726358,0.4787327189423529,0.08862403146429465,0.09721554434020245,0.21696744699588652
Day 0,Day 0,True,0.5167858553143899,0.1460639628465361,0.12601227215769162,0.0816905714653684,0.1294473382160138
Mature,Mature,True,0.06011050633233288,0.08846290972521666,0.22433889270440072,0.23593742116425323,0.39115027007379655
Mature,Day 0,False,0.3389458770964296,0.28556827087247133,0.05504116715497809,0.13028353183525762,0.19016115304086328
Mature,Mature,True,0.2776372797677652,0.06772827901782852,0.14153369056186807,0.22130121581873038,0.2917995348338078
Day 0,Day 0,True,0.37961441429768755,0.059913091006887256,0.17266659616963903,0.09441192170838367,0.2933939768174024
Day 28,Day 28,True,0.10274887416504803,0.40392641258937767,0.18605675453330808,0.18339139928734519,0.12387655942492096
Day 84,Day 84,True,0.20819155145303322,0.11718752399426527,0.22471460749202798,0.36013325183134415,0.08977306522932942
Day 28,Day 28,True,0.2621849010441389,0.322347433853404,0.18413505896454674,0.10412953072673899,0.12720307541117137
Day 84,Day 84,True,0.03368843505380864,0.3432790893431926,0.09350309564637944,0.38380749758891197,0.14572188236770725
Day 56,Day 56,True,0.16123913122672182,0.25236602832510285,0.310738865012956,0.15194006892171164,0.12371590651350761
Day 56,Day 56,True,0.2113155070145016,0.11783602734823113,0.3140846723991497,0.14834295198154063,0.20842084125657687
Mature,Mature,True,0.08229205306665176,0.10924581901337352,0.09216999645175333,0.15992544568233358,0.5563666857858878
Day 0,Day 56,False,0.24604104542308014,0.19070844685565064,0.35848013208400786,0.14341695599955154,0.06135341963770986
Day 56,Day 56,True,0.10572443544836378,0.06419329920466238,0.48290564852263707,0.23296227113928364,0.11421434568505313
Day 28,Day 28,True,0.058060038990874634,0.3483701110772256,0.23923073354535518,0.10082146402676616,0.2535176523597785
Day 28,Day 28,True,0.1953377232469052,0.49925558673547377,0.08109216614974273,0.10432530789370685,0.11998921597417134
Mature,Mature,True,0.22172334612451852,0.15765931781481934,0.16116049125880397,0.1806664311605929,0.2787904136412652
Day 28,Day 28,True,0.10922462934541863,0.48537646025071013,0.14601072582867672,0.19651979473789694,0.06286838983729759
Day 0,Day 56,False,0.29803616612082773,0.050730105533322065,0.36005637472719815,0.0336277129561703,0.2575496406624818
Day 56,Day 56,True,0.0648305455847596,0.052109533483381994,0.40727920519961064,0.1453181275679743,0.3304625881642735
Mature,Mature,True,0.19241216242131123,0.08423190187768427,0.06350026152257328,0.17703787612130484,0.4828177980571263
Day 84,Day 84,True,0.054456267948773236,0.08185437095190541,0.3067418395962839,0.3723801206560742,0.18456740084696316
Day 0,Day 0,True,0.3835665052883024,0.0741322754133531,0.11151060581135434,0.1144699010308991,0.3163207124560911
Day 28,Day 28,True,0.08501742767885019,0.4876115517484598,0.14606842592659836,0.13748342342122943,0.1438191712248622
Day 56,Day 56,True,0.09182708998056845,0.09160254147175682,0.5071048498559418,0.1554888463490924,0.15397667234264045
Day 28,Day 56,False,0.050741111089380155,0.34495968870456833,0.3667402999185647,0.07419433663316442,0.1633645636543224
Day 28,Day 84,False,0.11225228838702468,0.24717892403319114,0.18532346896908103,0.34067581785808626,0.11456950075261689
Mature,Mature,True,0.05190220947578999,0.10955068321337805,0.29453442239062755,0.23523759144711504,0.3087750934730893
Day 0,Day 0,True,0.3472991821448716,0.2485007357032537,0.1091627293946839,0.14415226833381695,0.15088508442337387
Day 56,Day 56,True,0.09543444798183805,0.17323623858547416,0.35805578178447195,0.21760026966790408,0.15567326198031178
Day 56,Day 56,True,0.06896395303715992,0.11049982920902834,0.4924707458446884,0.08002086594444426,0.24804460596467895
Day 56,Day 56,True,0.07366113256028917,0.05297819672788406,0.37720026855217736,0.35903302776736906,0.13712737439228045
Day 56,Day 56,True,0.2568912749826549,0.12923778225398574,0.3995176424526438,0.10079624975492632,0.11355705055578932
Day 28,Day 28,True,0.14886185132275886,0.3827618146440382,0.2643656661157604,0.1319069205533133,0.07210374736412939
Day 0,Day 0,True,0.4119210349016964,0.2380931384406578,0.08957264819197953,0.22209159294622965,0.03832158551943659
Day 28,Day 28,True,0.20781794014395974,0.3645707656503617,0.10792228289064533,0.2863878706766818,0.03330114063835142
Day 84,Day 84,True,0.15142356966080625,0.06557488311512118,0.18181082755683614,0.3030486910191728,0.29814202864806355
Day 84,Day 84,True,0.12314872747771968,0.2598008216134616,0.07068935736096423,0.35490430801275535,0.1914567855350992
Day 84,Day 56,False,0.043450237339949495,0.05077175042901887,0.45250150124213534,0.24696852657047663,0.20630798441841952
Mature,Mature,True,0.16468693883336327,0.08696619611570987,0.1064023600047661,0.1172129618707262,0.5247315431754346
Mature,Mature,True,0.08275345833891357,0.2245830524968011,0.1133297478111098,0.12343678612753425,0.4558969552256413
Day 0,Day 0,True,0.3362729403790406,0.10694150145121974,0.18559087179034275,0.1217851553048683,0.24940953107452868
Day 0,Day 0,True,0.4797323763812559,0.06276855352441704,0.16223991236462076,0.1381334309777056,0.15712572675200068
Day 0,Day 0,True,0.4458771723460265,0.06328489145531832,0.23158524584479534,0.06030618041815251,0.19894650993570734
Day 56,Day 84,False,0.07408406138368905,0.22422200993162056,0.28841839157263055,0.3019616491116557,0.11131388800040418
Day 0,Day 0,True,0.5966033261476104,0.1291556630795403,0.06806962630744691,0.0863983286623226,0.11977305580307959
Day 28,Day 28,True,0.21597846748647898,0.3552454926191735,0.15705617868152305,0.2326053464117778,0.039114514801046635
Day 56,Day 0,False,0.2811697851367304,0.11209406353029837,0.2663929019806066,0.08809346425227085,0.2522497851000937
Day 28,Day 28,True,0.36284839518755835,0.42677362972715105,0.0977700908500102,0.08930535903749313,0.02330252519778727
Day 56,Day 56,True,0.22577886742694694,0.08463877687858622,0.4326262601600205,0.12703783852410178,0.12991825701034454
Mature,Day 56,False,0.1392718290089887,0.20924743674286955,0.303605271791889,0.08172939364910341,0.2661460688071493
Day 28,Day 28,True,0.051655828009681964,0.2957610541529779,0.17081284373035754,0.28616749880090186,0.19560277530608072
Day 56,Day 56,True,0.11679753610136155,0.1024153472764991,0.3126854869953169,0.22344703166139582,0.2446545979654267
Mature,Mature,True,0.21459661420967732,0.2870924577937912,0.09945532782423677,0.07787970105294707,0.3209758991193477
Day 56,Day 0,False,0.3300684340501929,0.108297422687067,0.3053158225274316,0.15925504134073268,0.09706327939457564
Day 56,Day 56,True,0.22221155054848377,0.19579766898633952,0.31597320923595507,0.16553630867229827,0.10048126255692347
Mature,Mature,True,0.11221139171397453,0.25013276662555584,0.17849222500515888,0.10513854145535947,0.35402507519995136
Mature,Mature,True,0.17674082982763406,0.2160364040561242,0.15318989841116618,0.12590083619038608,0.32813203151468945
Day 28,Day 56,False,0.07207856230077235,0.2504177963762252,0.408048893328315,0.14089595413230477,0.12855879386238273
Day 84,Day 84,True,0.04663412143910134,0.21360215589847112,0.30786807135077965,0.3665431463025072,0.06535250500914067
Day 0,Day 56,False,0.2718041423423356,0.06439889479076698,0.451762533779104,0.19373954272261007,0.01829488636518332
Day 0,Day 0,True,0.29792788187366065,0.18624612439665447,0.13062371521700064,0.17288336020069403,0.21231891831199
Day 84,Day 84,True,0.2255074325726245,0.10185504450175112,0.10872700563074679,0.42922425644679707,0.13468626084808066
Day 0,Day 84,False,0.3251979986881744,0.08406990730822095,0.12337479563487289,0.34921655908115207,0.11814073928757983
Day 28,Mature,False,0.04882977656048031,0.2686468523761509,0.2215987116173362,0.08789558948276885,0.3730290699632638
Day 28,Day 0,False,0.353169952969875,0.32088548444151377,0.13647813023523786,0.12250095194965631,0.06696548040371703
Day 0,Day 28,False,0.2624175819856682,0.27915363686482103,0.23433260339678663,0.09634766447901584,0.12774851327370837
Day 84,Day 84,True,0.2859615965864841,0.06341657144722147,0.04374439910682265,0.3083647851492087,0.298512647710263
Mature,Mature,True,0.13194963890754238,0.05017128473920288,0.1856353741382168,0.1923784068607724,0.4398652953542655
Day 56,Day 84,False,0.06475074369754244,0.05660538829441875,0.3052598797923271,0.4349505114419173,0.13843347677379447
Day 0,Day 0,True,0.4015386569501598,0.14124441537172974,0.3082018589634727,0.0891262978358458,0.05988877087879196
Day 28,Day 28,True,0.09248622553542604,0.4293857880546195,0.09144313671799238,0.2163214714503067,0.1703633782416553
Day 28,Day 28,True,0.10019000242023399,0.5778889945908566,0.09424678443646033,0.04849729961726183,0.1791769189351872
Day 0,Day 0,True,0.4118687482987708,0.12360551625340004,0.22080351172743887,0.1387275753367567,0.10499464838363352
Mature,Mature,True,0.35625677330822303,0.06057814312167833,0.07008117988042525,0.035609552912670824,0.47747435077700257
Day 28,Day 56,False,0.08023641755881356,0.26217299692283014,0.42404015986262267,0.08891647502294792,0.1446339506327857
Day 84,Day 0,False,0.3262348046305717,0.04853607584481611,0.32497777660972615,0.18614859690685562,0.1141027460080304
Day 56,Day 0,False,0.4023022873981006,0.10286713651699711,0.3353106389849946,0.08844899143187765,0.07107094566803
Day 0,Day 28,False,0.28092772083189077,0.33181927537538114,0.10356465437761996,0.08242484469571543,0.2012635047193926
Day 0,Day 28,False,0.19158458751252175,0.3561185964716219,0.10616403360417764,0.29853166282094684,0.047601119590731975
Day 56,Day 56,True,0.0694225932242183,0.18949352627124488,0.45482453171096576,0.08999300424636941,0.19626634454720165
Day 0,Day 0,True,0.40781718370552655,0.1405370355779733,0.08931324527616384,0.18624977916097166,0.1760827562793646
Day 84,Day 84,True,0.17265593532267456,0.13751216886736015,0.21185949190444175,0.334540946081839,0.14343145782368466
Day 0,Day 0,True,0.3096178183386864,0.12682987779646235,0.20686882788236058,0.2052414093844445,0.1514420665980462
Mature,Mature,True,0.12827154295667847,0.3017268827101391,0.0673273637809472,0.1561272981285872,0.34654691242364816
Day 0,Day 84,False,0.3455576433565422,0.0862660369708403,0.06954190865330967,0.417058442176747,0.08157596884256094
Day 0,Day 0,True,0.4284708615288806,0.04993130979477281,0.2632209516249353,0.1854851863148717,0.07289169073653948
Day 56,Day 56,True,0.17266436641355118,0.11613595879068514,0.37019940498883164,0.2079172450945931,0.13308302471233913
Day 0,Day 0,True,0.36671362284274683,0.13513594751068292,0.31134979928316736,0.06155514572670319,0.12524548463669954
Day 28,Day 28,True,0.11856883017938127,0.5672557789837793,0.077254961436084,0.07068186754727415,0.16623856185348118
Day 84,Day 84,True,0.09833081796991373,0.13356842218758921,0.053113315954695026,0.46632018321255864,0.24866726067524342
Day 56,Day 56,True,0.06208306866552178,0.1305211571813255,0.4802533473819105,0.12878123144892004,0.19836119532232216
Mature,Mature,True,0.10694723887518358,0.12054389724608679,0.27802296795551923,0.12116346748941706,0.3733224284337934
Day 56,Day 56,True,0.0588995181568642,0.2913148108592102,0.4095122624814917,0.09314367844067185,0.14712973006176203
Day 84,Day 84,True,0.0945902062015791,0.17518247521519947,0.15867115084233163,0.45155671436962824,0.11999945337126162
Day 0,Day 0,True,0.4296307586971382,0.18543374245625924,0.13363341076267224,0.167177558674111,0.08412452940981939
Day 28,Day 28,True,0.19098055769744862,0.39761338617544195,0.1561017686719917,0.1493094349762037,0.10599485247891399
Mature,Mature,True,0.09305065263435569,0.25209120128734863,0.027366045592000347,0.24783446801695963,0.37965763246933576
Mature,Mature,True,0.26516579029438286,0.13666442317850616,0.03455641608390532,0.07084258884238535,0.4927707816008203
Day 0,Day 0,True,0.39725385791632295,0.17641191741305118,0.2457300846675114,0.02951142223869711,0.15109271776441718
Day 56,Day 56,True,0.21070899482942074,0.175342684517653,0.36351522930008867,0.09933254815851589,0.15110054319432162
Day 84,Day 0,False,0.3495259350632646,0.12134966207193111,0.11499428437712612,0.31009780428766914,0.10403231420000905
Day 0,Day 0,True,0.3531101967000829,0.09135635143309749,0.04161714011866637,0.34221629112050955,0.17170002062764378
Day 0,Day 0,True,0.3458445074277184,0.1356560748754387,0.03311012889885076,0.20069239237388697,0.2846968964241052
Day 56,Day 56,True,0.0638071482494814,0.11122448407826054,0.5096863726326738,0.13348260648722524,0.18179938855235908
Day 56,Day 56,True,0.151459698081584,0.0928604111914929,0.35443513840802643,0.14750230694913108,0.25374244536976565
Day 84,Day 0,False,0.3606480606385706,0.16217599490712886,0.13471534865221965,0.24783152571135728,0.0946290700907236
Day 0,Day 84,False,0.29017128573754775,0.044940418896664024,0.17430009635292365,0.4031659699502459,0.08742222906261864
Day 0,Day 84,False,0.21427245459611113,0.08162708866739027,0.09332409342006857,0.5145546970117466,0.09622166630468344
Mature,Mature,True,0.10009631865683409,0.26928470535209337,0.14745678636706971,0.0856383346467259,0.39752385497727677
Day 56,Day 56,True,0.24791821991623153,0.15391541127501254,0.44538752544882554,0.048135630580660095,0.10464321277927029
Day 56,Day 56,True,0.14932628989353372,0.12670170833092068,0.3452064602500165,0.3009628906175773,0.07780265090795171
Day 56,Day 56,True,0.22470430106253042,0.25181602904323735,0.4080765434373947,0.027917612670064443,0.08748551378677329
Day 28,Day 28,True,0.21121632098318713,0.3211558658173964,0.1754274103372319,0.1793028479248804,0.1128975549373041
Day 56,Day 56,True,0.22136827977604592,0.0960739711988243,0.3535694433922268,0.14877910072008654,0.18020920491281658
Day 28,Day 28,True,0.170198460509433,0.4315417462527483,0.09294024299312255,0.16050916923788036,0.1448103810068156
Mature,Mature,True,0.17346754243941936,0.089551691267143,0.21593501340177354,0.19631429480877177,0.32473145808289233
Day 84,Mature,False,0.051265602288094785,0.07131081984609745,0.2266288459676059,0.23557554577028858,0.4152191861279133
Day 56,Day 28,False,0.15814816001028115,0.3760009355046827,0.2417669004241578,0.1511287693826433,0.07295523467823516
Day 84,Day 84,True,0.12528970875192408,0.07511094443070959,0.2166078939175115,0.4894941307480016,0.09349732215185333
Mature,Day 28,False,0.03125127766976729,0.38270676184479585,0.1966822887439623,0.11506144979504945,0.2742982219464253
Day 56,Day 56,True,0.1433548399906508,0.1945632151356103,0.3260192882990209,0.04417295699981587,0.29188969957490213
Mature,Mature,True,0.11242449540605125,0.15484374037622817,0.2154918691049138,0.1584281424648777,0.3588117526479292
Day 56,Day 56,True,0.14919431214476694,0.11391214396025198,0.37966055410997057,0.20008783761016985,0.15714515217484068
Day 84,Day 84,True,0.258524558021543,0.17837211992267143,0.14211162547939557,0.2829003155292915,0.13809138104709842
Day 0,Day 0,True,0.3343940280229048,0.21307808828683603,0.19195616875537405,0.07740600557850626,0.1831657093563789
Day 0,Day 0,True,0.3988800778584724,0.12037801466265413,0.1213108921896849,0.25349271023246706,0.10593830505672154
Day 28,Day 28,True,0.20935545591533208,0.42798842008757765,0.10740956413126547,0.11786137473543282,0.1373851851303919
Mature,Mature,True,0.11895060550945034,0.18836666286114934,0.15929497599289283,0.11435563870742953,0.419032116929078
Mature,Mature,True,0.11383020298842009,0.06315778171883266,0.3498719357531057,0.11630370971463892,0.3568363698250027
Day 84,Day 84,True,0.11124044731481644,0.16777342963994554,0.07511297551080101,0.49461575383524464,0.15125739369919228
Day 0,Day 0,True,0.3816111920664135,0.12420289015862626,0.19616900788135735,0.20902923388636968,0.08898767600723313
Day 84,Mature,False,0.054288886485182965,0.049306748664886914,0.06479465508308035,0.36156108734729514,0.4700486224195546
Day 56,Day 56,True,0.23720800046770493,0.10659109971883049,0.3879098600331624,0.15977112479147867,0.10851991498882338
Day 56,Day 56,True,0.13157993380283356,0.06411147432199323,0.44033182870360793,0.19605375482029636,0.16792300835126897
Day 28,Day 28,True,0.12767037328727118,0.33496638804795187,0.24555063997226664,0.27551727147649224,0.016295327216018094
Mature,Day 0,False,0.3532196718242611,0.06734332682983014,0.08212950593912524,0.17211459073384722,0.32519290467293627
Mature,Mature,True,0.06917145060357707,0.16205021560679245,0.14029333407011432,0.23485212897722677,0.39363287074228936
Day 84,Day 28,False,0.07502463785884307,0.3291624446107085,0.06417662496506293,0.3251681532838847,0.20646813928150085
Day 28,Day 56,False,0.12604358743891458,0.36809311876742257,0.37765951010315374,0.07351143043508916,0.05469235325541971
Day 84,Day 84,True,0.24673205044262964,0.11468396302583878,0.1267143381870044,0.30304407551715484,0.2088255728273723
Day 56,Day 0,False,0.36927318730657743,0.08333809206016882,0.2870340657977572,0.1967310947535153,0.06362356008198143
Mature,Mature,True,0.16190161548348686,0.13421271615369057,0.08636026165408513,0.20242211690621523,0.4151032898025223
Day 0,Day 0,True,0.4887075417931124,0.24509186314676418,0.08902381448297397,0.15418105659364006,0.02299572398350921
Day 28,Day 28,True,0.12663848436736413,0.5212976352544356,0.14509893101405616,0.0783984817066306,0.12856646765751334
Day 28,Day 84,False,0.07170392403062503,0.17157814170584015,0.07212286009041877,0.4236568103455897,0.2609382638275264
Day 84,Mature,False,0.15575532286756807,0.13479822887878273,0.060990202175865336,0.29119678676502986,0.357259459312754
Day 0,Day 0,True,0.41543404106967124,0.1093013097070909,0.2164768510288222,0.10057212592982986,0.15821567226458585
Day 56,Day 56,True,0.08303707887770832,0.09224873605165056,0.3756430127106641,0.19460210730321614,0.25446906505676087
Day 28,Day 28,True,0.1892556957233899,0.39865179656265937,0.05991206639212936,0.14800546056061367,0.20417498076120766
Mature,Mature,True,0.30105955614948643,0.11105011697191218,0.06344850068102947,0.18933822697403593,0.33510359922353605
Day 28,Day 28,True,0.1675462856469678,0.38820204802208147,0.19675164144720533,0.08212885845984169,0.16537116642390376
Day 28,Day 28,True,0.09668866282940036,0.3362843415867481,0.1339162616301006,0.1407581439743523,0.2923525899793987
Mature,Mature,True,0.14317158788138187,0.16194570061827882,0.07387401885784668,0.2982036968195575,0.32280499582293515
Day 56,Day 0,False,0.36465200510649265,0.09135071148121195,0.2541218172219987,0.17767798736190304,0.11219747882839358
Day 84,Day 84,True,0.12510706802499005,0.12991446443143634,0.2613793719468745,0.3790884607533293,0.10451063484336973
Day 56,Day 56,True,0.1337987664737073,0.05618307511034993,0.47323030420205536,0.12201447458389146,0.21477337962999596
Mature,Mature,True,0.1205337843675788,0.22462040331454552,0.09382846682998934,0.08720372419619564,0.47381362129169075
Day 28,Day 0,False,0.3279111516997472,0.25334778755947795,0.17938198194389396,0.061591301588396534,0.17776777720848425
Day 84,Day 84,True,0.09209880966745704,0.1276290761113595,0.2400649783820058,0.37566094340702,0.16454619243215768
Day 28,Day 28,True,0.12475133424009674,0.3825582963088346,0.08814381028949007,0.15932978611431703,0.24521677304726158
Day 0,Day 0,True,0.3051608376301944,0.21737874170050553,0.07317826992210397,0.21126955985996917,0.19301259088722686
Mature,Mature,True,0.13447285938556694,0.15335854110747138,0.10875210277446969,0.07735100728453204,0.5260654894479599
Day 0,Day 0,True,0.4175104538673671,0.09622358880897725,0.07959359888136999,0.057669923504212746,0.3490024349380728
Day 0,Day 0,True,0.3965397984771554,0.0915916482619555,0.038104073811754124,0.24017383495452277,0.23359064449461214
Day 0,Day 84,False,0.32499365860577567,0.07247690047370346,0.10992847828627188,0.40651734811409157,0.08608361452015739
Day 28,Day 28,True,0.11809700947741,0.4796327511339246,0.08679383628195242,0.2211399809489432,0.09433642215776981
Day 28,Day 28,True,0.20318775850154916,0.3122906051629422,0.27774742882957426,0.1271925128429368,0.07958169466299754
Day 0,Day 0,True,0.5134792280892082,0.041888047212436046,0.23452823398731376,0.16477265756862,0.045331833142422055
Day 56,Day 0,False,0.3140606303708468,0.1101237000495192,0.24923524017832968,0.21017529483272995,0.11640513456857435
Day 0,Day 0,True,0.47532750355430975,0.07421211455759753,0.2000826210263551,0.16807062530720876,0.08230713555452882
Mature,Mature,True,0.12978817201536938,0.089823850697851,0.056335326961391305,0.05727129570777922,0.666781354617609
Day 56,Day 56,True,0.12016429749461555,0.0891420987256341,0.4091018037616542,0.17666565733520936,0.20492614268288684
Day 56,Day 56,True,0.16455159686335447,0.23744979464340674,0.4291977815427936,0.05200872018685783,0.11679210676358727
Day 28,Day 28,True,0.05256879140311526,0.3121475317444465,0.14238888857978352,0.2596651621835144,0.23322962608914033
Day 28,Day 84,False,0.09043988084105906,0.2675835762948285,0.19045428213421087,0.37458145516213553,0.07694080556776609
Day 84,Day 84,True,0.3096630036357154,0.15350184598554545,0.06981944273926252,0.36866637803555047,0.09834932960392616
Day 28,Day 28,True,0.09508408031522031,0.4547222968515021,0.02424005613301815,0.10418936041325451,0.3217642062870049
Day 28,Day 84,False,0.1461781323437348,0.24494022578085856,0.23493651310863684,0.2775967834007264,0.09634834536604345
Day 0,Mature,False,0.14742355656910006,0.20667972936607082,0.08644971354101125,0.24926176768944014,0.31018523283437777
Day 84,Day 84,True,0.07014266802464827,0.09065874114253435,0.1340679974462613,0.3829493077623548,0.32218128562420123
Day 84,Day 84,True,0.07712425977626892,0.21580447214348844,0.15511146953515279,0.450164361231659,0.10179543731343085
Day 56,Mature,False,0.052794565190141446,0.21735670074855748,0.25855209835875026,0.06900522660988952,0.40229140909266126
Mature,Mature,True,0.032496844226759934,0.21994102843202973,0.2450857433684842,0.06654279185641127,0.4359335921163148
Day 56,Day 56,True,0.2679742830082131,0.11370443617979349,0.3960539452547804,0.12070570551756439,0.10156163003964881
Day 28,Day 28,True,0.1887037220856562,0.37643990803637767,0.05044127337058759,0.10519691766169292,0.27921817884568556
Day 0,Day 0,True,0.45709095862173954,0.08149834515671453,0.11561734434157482,0.10899289775412267,0.2368004541258483
Day 28,Day 28,True,0.3164838133219669,0.4656214997387603,0.05992880296053679,0.07298918219755854,0.08497670178117732
Mature,Day 56,False,0.11656704163008184,0.09198230075748834,0.38896132339872486,0.057318308693967174,0.3451710255197378
Mature,Day 84,False,0.06656060423431158,0.13817072607967737,0.12678970921886826,0.35463889308235685,0.3138400673847859
Day 28,Day 56,False,0.1498362203831833,0.3005831345643874,0.32406628207559224,0.11607679298832092,0.10943756998851613
Day 56,Day 56,True,0.04734280925498901,0.30022578505487013,0.4815023219021646,0.10078951497983313,0.07013956880814312
Mature,Mature,True,0.22234526252605472,0.2796516444692914,0.12362445633670409,0.050996542630757306,0.32338209403719254
Day 56,Day 56,True,0.24719800083717788,0.07077157407991552,0.34288045016753227,0.18437735156988366,0.15477262334549063
Day 0,Day 0,True,0.44071774437364225,0.07285860693128078,0.09075530757904565,0.23269877797313912,0.16296956314289218
Day 84,Day 84,True,0.09609895915506005,0.09654733240071678,0.2638266072029141,0.42888200317595054,0.11464509806535852
Day 84,Day 84,True,0.21523930532294244,0.1197089949916462,0.1464469192574867,0.45271006489025445,0.06589471553767022
Day 28,Day 56,False,0.07004564815613516,0.3232170239504464,0.42417646129584996,0.06598739115596329,0.11657347544160535
Day 0,Day 0,True,0.348702836534108,0.13216188677215124,0.19125045976053578,0.10446601710662079,0.22341879982658425
Day 84,Mature,False,0.21939857980549307,0.17758964261022878,0.10306776308083475,0.21588657143674353,0.2840574430666998
Day 28,Day 28,True,0.17301778080256686,0.43857329273068507,0.07556833235811816,0.10048388492392518,0.2123567091847047
Day 0,Day 0,True,0.46550279177022125,0.23755181428231756,0.07252789028483578,0.06159864342305666,0.16281886023956876
Day 84,Day 84,True,0.17929707241181667,0.12765987695159434,0.06672761098410555,0.4221425771178397,0.20417286253464367
Day 28,Mature,False,0.08123188951160407,0.3069560614395258,0.12108033609782112,0.1495567366934269,0.34117497625762216
Day 56,Day 28,False,0.19190895410579367,0.39613355247961485,0.2221275514445791,0.02455175046618919,0.16527819150382314
Day 0,Day 28,False,0.30837427011767,0.31465990350532735,0.14692062527488392,0.09262644897751358,0.13741875212460514
Mature,Mature,True,0.20312192999303885,0.12276679696605394,0.12252020674863817,0.12230792183892429,0.42928314445334476
Day 0,Day 0,True,0.39599585968704665,0.08229291036370183,0.13351689227928193,0.14886913584933129,0.2393252018206384
Mature,Mature,True,0.2415008068614386,0.1729692526943849,0.11209593627950691,0.2278927617725016,0.24554124239216785
Mature,Mature,True,0.1664135987346638,0.2634780795098501,0.1090080608012142,0.08900832530991154,0.3720919356443604
Day 0,Day 0,True,0.44630678150630515,0.2370967155323676,0.05635476616263952,0.15374896076822508,0.10649277603046271
Day 28,Mature,False,0.05959536637928044,0.2821743509844939,0.12269074405761908,0.21536538828185517,0.3201741502967514
Day 84,Day 56,False,0.0752490647887923,0.16289152833471102,0.34007507795391767,0.3004047165451565,0.1213796123774225
Day 28,Day 28,True,0.09559171456085569,0.36693597756893953,0.29428778510872233,0.12430414805391071,0.11888037470757176
Day 56,Day 56,True,0.27346545339385614,0.047830437613795455,0.437850887611712,0.14350661855583305,0.09734660282480337
Day 0,Day 0,True,0.4149575544337302,0.18817863895037154,0.07983130606977074,0.05540509909162648,0.2616274014545011
Mature,Mature,True,0.1455425813767365,0.17043838222138627,0.03302990021256186,0.16640408729679776,0.4845850488925176
Day 0,Day 0,True,0.35444276674787034,0.19057452141684472,0.3078829964020486,0.07754404848348731,0.06955566694974899
Mature,Day 28,False,0.10382380221395054,0.4153399276013154,0.11927997197980866,0.05288435614767985,0.3086719420572455
Day 28,Day 28,True,0.12472226455842043,0.35565110719977094,0.2509507271281778,0.12688915926739072,0.14178674184624024
Day 84,Day 84,True,0.3034715459383847,0.043571434445923804,0.08757407114347196,0.35479624214520644,0.21058670632701307
Day 28,Day 28,True,0.25001123663543445,0.30179710582806213,0.14074039954055406,0.19422405864758083,0.11322719934836839
Day 56,Day 56,True,0.14663748989944062,0.09692984945130148,0.43667559617937995,0.06766350480943176,0.2520935596604462
Day 84,Day 84,True,0.22555297724301565,0.10557265538117713,0.286490798931497,0.3363378509544065,0.04604571748990381
Mature,Mature,True,0.12873402022473351,0.14416324419761647,0.11739745407652605,0.09535585761318462,0.5143494238879392
Day 84,Day 56,False,0.06160993834112473,0.2629278122886159,0.3037493676311764,0.2617363480377849,0.10997653370129808
Mature,Mature,True,0.17025660850785274,0.13680851643171368,0.10927723821919225,0.10389014162036114,0.4797674952208802
Day 56,Day 56,True,0.15800579520219452,0.19443981914060013,0.4325068787140997,0.12198211969717959,0.0930653872459261
Day 56,Day 56,True,0.10560129407822656,0.1417786710665944,0.4154889591746194,0.23515820173404806,0.10197287394651157
Day 56,Day 56,True,0.19681132218251762,0.08874579598321632,0.37927123754315706,0.11036227926938552,0.22480936502172352
Day 56,Day 56,True,0.07910809899349427,0.07285181388998996,0.3321439784911355,0.20461588135842643,0.31128022726695376
Day 0,Mature,False,0.3399287058629875,0.09256134121044661,0.059462072169246524,0.09272897712869688,0.41531890362862245
Day 56,Day 0,False,0.3816562204729124,0.0904568100836172,0.27043235307116287,0.20758245158416055,0.04987216478814684
Day 84,Day 84,True,0.0663442879521743,0.2650466809700266,0.2729032080643472,0.3642442734764579,0.03146154953699396
Day 0,Day 0,True,0.4799108225074528,0.04109319048623083,0.20810725767728389,0.17710559756630556,0.09378313176272689
Day 84,Mature,False,0.07162764587546885,0.2622804958857128,0.08697393152620327,0.27062529986668227,0.30849262684593287
Mature,Day 84,False,0.023466074073981998,0.21481547516610056,0.06509615158510143,0.3503539595813883,0.3462683395934276
Day 28,Day 56,False,0.1412940363922799,0.33416868120812243,0.3717605198728912,0.034361393044596164,0.11841536948211014
Mature,Day 0,False,0.45175809396139316,0.12317938982975243,0.02899066883115653,0.14258283092631654,0.25348901645138155
Day 28,Day 28,True,0.19297478069192367,0.32440321304475933,0.18069788667449677,0.22556084330071166,0.07636327628810867
Day 56,Day 56,True,0.10593620375404156,0.12959875234766924,0.4972477851224029,0.11602059408292156,0.15119666469296478
Mature,Mature,True,0.20389923387993256,0.16033934797076102,0.09656656702366226,0.19063779498639605,0.3485570561392481
Day 28,Mature,False,0.17878135760422623,0.19388115906425207,0.24146499037320554,0.10170212899767114,0.28417036396064504
Day 28,Day 28,True,0.1331442782255845,0.3903576963659129,0.14022367458313206,0.21277872038872317,0.12349563043664737
Mature,Mature,True,0.07808911733941372,0.13753779764775567,0.2838764929978121,0.07152491641809187,0.4289716755969266
Day 56,Day 56,True,0.3312526165689313,0.1860293140785764,0.3649750575234505,0.05093628293660865,0.06680672889243322
Day 56,Day 84,False,0.12452236501930745,0.1389491865956995,0.1793405207984462,0.3134728778696427,0.24371504971690416
Day 28,Day 28,True,0.20171921609235896,0.3255521854744598,0.2729372215903103,0.13968087949410787,0.06011049734876313
Day 28,Day 0,False,0.41044353595167565,0.2189520739581089,0.22882780333753971,0.09062897220013612,0.05114761455253976
Mature,Mature,True,0.1143415097143843,0.221999111851765,0.07685438464940794,0.10786636009310785,0.4789386336913348
Mature,Mature,True,0.22193417419399136,0.1237131094330774,0.1414569142876218,0.10147297983347288,0.4114228222518366
Day 28,Day 84,False,0.2097420548149518,0.2562662942145133,0.043428528684452676,0.25643842738250777,0.23412469490357427
Day 56,Day 56,True,0.03548574035628053,0.13256699524887125,0.5104088370893919,0.2112963513856279,0.11024207591982849
Day 0,Day 0,True,0.5407917564062933,0.18671093090983962,0.06968804172754031,0.11586784986540649,0.08694142109092029
Day 28,Day 84,False,0.08449289951955356,0.30515772480580117,0.14323887197720925,0.3110621421023339,0.15604836159510224
Day 56,Day 56,True,0.08100915795180096,0.2016329365799496,0.4746120176648882,0.11136352555842782,0.13138236224493335
Day 56,Day 56,True,0.2582777881728909,0.10391774179604477,0.409136606988945,0.094481972803758,0.13418589023836128
Day 28,Day 0,False,0.3562322478808467,0.22518751282078509,0.08509362653937162,0.14112764266985783,0.19235897008913858
Mature,Day 28,False,0.05159054155071871,0.425944314630346,0.16190068789394219,0.08103971528947092,0.2795247406355221
Day 28,Day 28,True,0.22172490811482404,0.420240112048682,0.10438306526317544,0.1355033875243116,0.11814852704900701
Day 56,Day 56,True,0.0589439494976138,0.19145188408478606,0.5066580531823117,0.14254029013150885,0.10040582310377952
Day 84,Day 84,True,0.14241652253520726,0.19723493122764973,0.06478788555347433,0.5274008560342358,0.06815980464943285
Day 56,Day 28,False,0.2049084575443139,0.33291865757696476,0.32824242245443097,0.0416818820971185,0.09224858032717206
Day 28,Day 28,True,0.1450294804698828,0.39232433258143945,0.12034634360550273,0.19989038095708628,0.1424094623860889
Day 0,Day 56,False,0.23936557525024313,0.07811690446353799,0.3311864056004,0.2768329198240997,0.07449819486171921
Day 84,Day 84,True,0.06093103268433591,0.06346811929451848,0.15286587368446708,0.6074995311239483,0.11523544321273033
Day 0,Day 84,False,0.3565239972618613,0.029909735139066914,0.04557944135443877,0.502909286381445,0.06507753986318796
Day 56,Day 56,True,0.03713108583015841,0.13319548978893445,0.38921046110279506,0.13693974881598198,0.30352321446213004
Mature,Day 84,False,0.19093640788490301,0.1278900346553229,0.06962846360882022,0.3717367716541459,0.23980832219680795
Day 28,Day 28,True,0.1560889629643475,0.5354763042740306,0.04439707669025193,0.09481801474893471,0.1692196413224353
Day 28,Day 0,False,0.4009652535768652,0.35642280822861433,0.0705332563203778,0.07518622609832872,0.09689245577581401
Day 56,Day 56,True,0.08484655539292817,0.14136681031276857,0.443284477453916,0.1457522841653283,0.18474987267505896
Day 56,Day 56,True,0.07468506456535753,0.1210894568731403,0.5036568514600465,0.22782336905512907,0.07274525804632662
Day 0,Day 0,True,0.5767914363041523,0.023745230816751544,0.12975974954906708,0.09559761924719082,0.17410596408283818
Day 56,Day 28,False,0.08399231763067155,0.39174154839853986,0.285974309824921,0.0917649298882267,0.14652689425764093
Day 84,Day 84,True,0.19804761814607433,0.240363541135666,0.2088141649757702,0.32043709126940695,0.03233758447308256
Day 0,Day 0,True,0.5077014173766402,0.0961734112465016,0.10380846212669673,0.05506330760915217,0.2372534016410093
Day 84,Day 84,True,0.075096013713781,0.18952708291063916,0.17892230833834885,0.43111806480074255,0.1253365302364884
Day 0,Day 0,True,0.3183220354148989,0.1924595922762564,0.29580365344410525,0.16678621756789683,0.02662850129684238
Mature,Mature,True,0.16818939579394163,0.02709668588814947,0.18950055120164502,0.1845071016330503,0.4307062654832135
Mature,Mature,True,0.13025178888801373,0.1513098732912133,0.129242818239788,0.20143583625994016,0.3877596833210448
Day 28,Day 84,False,0.1837545589958545,0.21480088565061312,0.20426761687090425,0.2604057991885827,0.1367711392940455
Day 84,Day 84,True,0.09154393878543256,0.10330889902348916,0.33236409477607415,0.3995817239359425,0.0732013434790616
Day 0,Day 0,True,0.27769474986438186,0.25095877107224324,0.07098413671036924,0.20475166409885773,0.195610678254148
Day 56,Day 56,True,0.10308345642554663,0.11289620175315544,0.4195683995905009,0.16846984414274088,0.19598209808805608
Day 28,Day 28,True,0.07228086886035202,0.5765207506141732,0.15707595429708457,0.15409776384183518,0.040024662386555145
Day 28,Day 28,True,0.08899348099103097,0.5553777566568753,0.08429077173793934,0.05779141903311686,0.21354657158103754
Day 84,Day 84,True,0.3462603311297723,0.04692167059139748,0.09123843399976615,0.3948019306328723,0.12077763364619183
Day 84,Day 84,True,0.2777121512277552,0.0985153813385049,0.12294907255544507,0.35457675075174194,0.14624664412655297
Day 56,Day 56,True,0.2557192602735107,0.14253299256408816,0.30806512130104746,0.05796644819227412,0.23571617766907946
Day 56,Day 28,False,0.04066240604891887,0.42363892819802235,0.17237016228784488,0.11625406039847871,0.24707444306673515
Day 0,Day 0,True,0.4433788770592258,0.1649704951397291,0.23686295185964565,0.11607082696850034,0.03871684897289907
Day 0,Day 56,False,0.3138628850008803,0.16065037786906336,0.37469882860030895,0.03396147625027508,0.1168264322794724
Day 0,Day 0,True,0.27207017553846036,0.26629333562227275,0.09078569420409681,0.16461441385392755,0.20623638078124246
Day 56,Day 56,True,0.09462944129513941,0.13936706747955474,0.3119512247482336,0.2135619031864747,0.2404903632905975
Day 56,Day 56,True,0.17128527047825448,0.19434175211780444,0.37001396831171385,0.10787415245735346,0.15648485663487377
Day 56,Day 56,True,0.15374540171022996,0.08845768594985788,0.3740809335579166,0.11845133700680285,0.2652646417751928
Day 28,Day 28,True,0.05182471927672456,0.38623917596754503,0.35178946560607793,0.13018260381632224,0.07996403533333026
Day 56,Day 56,True,0.0980182922996733,0.1884594425929458,0.3634517947798933,0.12688707278278227,0.22318339754470545
Day 0,Day 0,True,0.37691439842876834,0.0948166500255871,0.1125028604119313,0.256641174979495,0.1591249161542182
Day 84,Day 84,True,0.06028923729362848,0.05397051810352793,0.09091188373553648,0.44875719988005713,0.34607116098725005
Day 28,Day 28,True,0.06725917397253157,0.34176560956261826,0.25101625849871434,0.10396434262204796,0.235994615344088
Day 0,Day 0,True,0.28624151366787115,0.07308586152294144,0.24696613201351064,0.18330558839656036,0.21040090439911632
Day 84,Day 84,True,0.23097160813422649,0.058306698554441205,0.17544864600059681,0.44748746307872705,0.08778558423200847
Day 28,Day 28,True,0.2757811552880462,0.3691805797958647,0.12444684259267376,0.1706194110427879,0.059972011280627326
Day 84,Day 84,True,0.3030982188913584,0.14871384654137024,0.0916424362127764,0.3437233048168733,0.11282219353762166
Mature,Mature,True,0.1610286876775448,0.07243577775847396,0.1890072720301974,0.2506504588362437,0.3268778036975402
Day 28,Day 84,False,0.05242202057281221,0.3362138442528536,0.19258525769123178,0.3494843953537594,0.06929448212934293
Day 56,Day 56,True,0.20538261659124527,0.1654614314589716,0.40397994389438907,0.05735970613904363,0.1678163019163504
Mature,Mature,True,0.12160012914915376,0.1605452079325302,0.12458440123059207,0.11825210826618683,0.4750181534215372
Day 0,Day 0,True,0.34528553947799184,0.2819127755650989,0.04637755534714696,0.23126606068823802,0.0951580689215243
Day 56,Day 56,True,0.24027394601832022,0.17154139735419427,0.3281362187635069,0.10701079402010709,0.15303764384387156
Day 28,Day 28,True,0.0685173220520939,0.4808047359741857,0.25340130330945954,0.05714521032571415,0.14013142833854672
Day 0,Day 0,True,0.3786578387595574,0.12070790334544414,0.1843398447963189,0.12884002111644846,0.18745439198223127
Day 56,Day 28,False,0.10104475168275985,0.3301953654889639,0.2626415678828221,0.07341771235517523,0.23270060259027905
Day 84,Day 84,True,0.22595248213992145,0.10158424267586859,0.20437153274762695,0.3163261393285877,0.1517656031079954
Day 84,Day 56,False,0.021061961517882463,0.1334916850119547,0.49062880174628204,0.17826651034945065,0.1765510413744301
Day 28,Day 28,True,0.10839882061649604,0.35913998280993015,0.1186393670091892,0.10269034694450545,0.31113148261987916
Day 84,Day 84,True,0.1399695921181873,0.06389202293732538,0.30235045429242957,0.34424006264012247,0.14954786801193526
Day 0,Day 0,True,0.4255487998945903,0.11539187325763796,0.1458553234773462,0.21923602179386695,0.09396798157655863
Mature,Mature,True,0.0974287466079407,0.30632198014053563,0.04788408175840539,0.1585724492848234,0.38979274220829485
Mature,Mature,True,0.07893520839900642,0.10440304245309164,0.13662157987514356,0.2563691498291482,0.4236710194436101
Day 28,Day 28,True,0.1642333868322377,0.37884036804965837,0.2019764510493881,0.1704818134616775,0.08446798060703833
Mature,Mature,True,0.17204983982597688,0.12136947806598111,0.2765200850302615,0.11082991260096674,0.31923068447681374
Day 56,Day 56,True,0.04632562473439746,0.08517808275264754,0.3450910359256707,0.2954004994949627,0.22800475709232154
Mature,Mature,True,0.15487886152276664,0.10346869746783266,0.05126564436031042,0.31134452351256703,0.37904227313652317
Day 56,Day 56,True,0.07799771756280524,0.10524094079224183,0.37503997449101606,0.3303192733251949,0.11140209382874193
Day 84,Day 84,True,0.0697037119823674,0.10219302034783156,0.25461209244297067,0.2987106576859104,0.2747805175409201
Mature,Mature,True,0.11724405350804638,0.2001488292175677,0.06670182573092719,0.2336540971567408,0.38225119438671795
Day 28,Day 28,True,0.2336682250899246,0.3376781107370487,0.12421846313452801,0.1776196669181961,0.12681553412030255
Day 0,Day 0,True,0.4074798273378065,0.0757052037797294,0.05695292629404425,0.2517183034327943,0.20814373915562548
Day 0,Day 0,True,0.48024366823627024,0.22469236878214252,0.19613181873568294,0.04955474431939855,0.0493773999265059
Day 56,Day 84,False,0.13104293847168572,0.09512441965476094,0.2556692329146278,0.3554091460186,0.16275426294032555
Day 0,Day 0,True,0.368847081392625,0.09770969284084782,0.2778943135581082,0.03220866782347233,0.22334024438494665
Day 28,Day 28,True,0.13170501976139584,0.547077010245635,0.06364637790534051,0.12078695273999575,0.13678463934763282
Day 0,Day 0,True,0.36793423382285095,0.18709513133968692,0.17482480829989364,0.10435320002142336,0.16579262651614504
Day 56,Day 56,True,0.068138721048814,0.19954259529825705,0.4898988488944773,0.09564637372042452,0.14677346103802713
Day 28,Day 28,True,0.18878944492471905,0.320141915142994,0.1278349662195324,0.19369559419431998,0.16953807951843464
Day 28,Day 0,False,0.2780506590793201,0.2633404225643537,0.09140893526972257,0.10123760619733077,0.2659623768892728
Day 0,Day 0,True,0.4850297526811081,0.12349135106167851,0.14029341581363083,0.10807745530986847,0.14310802513371423
Day 84,Mature,False,0.18631246415439115,0.1869608267118137,0.02773580658981382,0.2582749589776026,0.34071594356637874
Day 56,Day 56,True,0.22350795091848277,0.192988090754852,0.29718853336136836,0.18368337533017348,0.10263204963512362
Day 0,Mature,False,0.2553618297286522,0.12162929824517307,0.0997424258751613,0.19142071892413204,0.33184572722688144
Mature,Day 84,False,0.1908760367226021,0.05072963733319855,0.04922284820352434,0.44620894811673406,0.26296252962394107
Mature,Mature,True,0.14292342164516378,0.22201889616709902,0.13154740588669014,0.23573876916764433,0.2677715071334027
Day 56,Day 56,True,0.13042784330249377,0.3321725076239854,0.35074988410341973,0.08979365738319653,0.09685610758690447
Day 0,Mature,False,0.310124122409598,0.17740899329533086,0.09870475748415987,0.06664767578626415,0.34711445102464716
Day 28,Day 28,True,0.12360181972014296,0.4817332151929211,0.12679235493091984,0.11655674673162753,0.15131586342438855
Day 28,Day 28,True,0.07945667722855089,0.5829174559819105,0.029175186402671888,0.2002181533817627,0.10823252700510413
Day 0,Mature,False,0.32070618994720146,0.08634956633102718,0.11659479649647701,0.10781670045123776,0.3685327467740565
Day 0,Day 0,True,0.37474103936201525,0.24798923627803449,0.05541446195084704,0.22987768389435584,0.0919775785147475
Day 28,Day 28,True,0.08561397079014721,0.3788165503635077,0.18477965716575853,0.32000222448216853,0.03078759719841793
Day 0,Day 0,True,0.3154869141398296,0.2564522643454072,0.03325044919754166,0.08916202098428253,0.30564835133293894
Day 0,Day 0,True,0.3542434301360913,0.03986487450338696,0.22696025091249958,0.26504256587330893,0.11388887857471322
Day 28,Day 28,True,0.07366346441221965,0.5162577056807153,0.25246936417764376,0.06884473518104285,0.08876473054837844
Day 0,Day 0,True,0.4330194788257912,0.09411933480305601,0.08672356966330393,0.19266463468351078,0.19347298202433819
Day 56,Day 28,False,0.04530043911018627,0.5163568588143503,0.2503976939778484,0.09826163079040723,0.089683377307208
Mature,Mature,True,0.10951776762266154,0.06492631159553273,0.2669795933789892,0.25462702334354115,0.3039493040592753
Mature,Day 0,False,0.35496558564734276,0.11950296464826558,0.10344047700719938,0.10543620434795098,0.3166547683492412
Day 28,Day 28,True,0.3131054789425876,0.42703659511521236,0.10610644785488267,0.06971338994768313,0.08403808813963413
Mature,Mature,True,0.2810402466174924,0.10228853201417501,0.16162762175252857,0.09338938324467037,0.36165421637113354
Day 56,Day 56,True,0.09655697331771469,0.06072380224534353,0.4100760243862539,0.27302288825409976,0.1596203117965882
Mature,Mature,True,0.13239390439077314,0.05458424350128506,0.2224159460494605,0.2750211468373108,0.31558475922117046
Day 28,Day 28,True,0.09033187250848373,0.4846276884448995,0.1704524149743128,0.13850985009290498,0.11607817397939901
Day 84,Day 84,True,0.08709792015138455,0.2729137054257409,0.05050903863877274,0.4503165205602505,0.13916281522385132
Day 84,Day 28,False,0.06342227725982212,0.45220796203000013,0.12557264252656772,0.17633303432710423,0.18246408385650575
Day 28,Day 28,True,0.09709769437754433,0.33702905859809384,0.1742533302562276,0.23869176751731505,0.15292814925081916
Day 56,Day 56,True,0.05138170917800704,0.2437391993424707,0.36069981526851,0.16951966116152495,0.17465961504948718
Day 28,Day 28,True,0.14697379266261135,0.4871111007854912,0.11333267480787178,0.10985987161726513,0.14272256012676052
Day 28,Day 28,True,0.26370499183739204,0.37556212348225104,0.06375328785131992,0.12421923581823743,0.17276036101079945
Day 28,Day 84,False,0.07303051824466193,0.3074945460103924,0.12947280799218408,0.40624226021765086,0.08375986753511072
Day 84,Day 84,True,0.07251674262888479,0.2645377766386417,0.11855055735864345,0.2921984848294003,0.25219643854442975
Day 28,Day 28,True,0.2712559745287745,0.4569193485175003,0.0958330611617714,0.06925451874707801,0.10673709704487577
Day 84,Day 84,True,0.24110005060870965,0.08742329746805111,0.1018784039411809,0.2871539199231416,0.2824443280589168
Day 28,Day 56,False,0.15396171297654043,0.22393634618445832,0.3309595311243423,0.14892593909729326,0.1422164706173657
Day 0,Day 0,True,0.5182266501301367,0.07428718207145578,0.13752472047799336,0.1791886785652264,0.09077276875518775
Day 56,Day 56,True,0.3311466791587292,0.1588049114511741,0.3904641339566046,0.08865862216255639,0.030925653270935625
Day 56,Day 56,True,0.19198457433293323,0.09622321104521755,0.4856307197488708,0.07740914641823145,0.14875234845474705
Day 0,Day 0,True,0.30151199563845854,0.2046453368525913,0.09152898197069571,0.10307640609664268,0.29923727944161166
Day 28,Day 28,True,0.08035666205039606,0.40497534600805096,0.08093452545925853,0.13859107250487046,0.295142393977424
Day 84,Day 84,True,0.14478874227525984,0.1934597807279356,0.14442253285502848,0.36231948234785877,0.15500946179391742
Mature,Day 84,False,0.0695154962440334,0.03701903743083515,0.170440539029126,0.40441030604027134,0.31861462125573414
Day 28,Day 28,True,0.11688943429023492,0.3381271884131228,0.3058302644096455,0.18100805804207595,0.058145054844920885
Day 56,Day 56,True,0.10222391791941496,0.1881856246281566,0.33919713275317853,0.036619642440622636,0.33377368225862725
Day 84,Day 0,False,0.39532442256728145,0.23875775224529103,0.03258214221939646,0.2558321876425001,0.07750349532553094
Day 0,Day 0,True,0.25303002100669797,0.162661811883299,0.16168500133300912,0.24156819890566242,0.1810549668713314
Day 84,Day 84,True,0.23457334482923714,0.22039490305611859,0.0695735311181588,0.38249267363602496,0.09296554736046063
Day 28,Day 28,True,0.1365640795671181,0.4691340522959205,0.16334840202027423,0.13154980881476186,0.09940365730192517
Mature,Mature,True,0.12911339765790233,0.10528353858160315,0.3028201369310118,0.06857928562512533,0.39420364120435747
Day 56,Day 56,True,0.09655516246723979,0.10771860256486918,0.4539906163797087,0.18127274206516417,0.16046287652301805
Day 0,Day 0,True,0.4674342825677574,0.23038210873503573,0.08945814087510122,0.12672563694749245,0.08599983087461337
Day 56,Day 84,False,0.11048753890888674,0.18753087281840244,0.31086983747847824,0.32097617612923907,0.0701355746649935
Day 84,Day 84,True,0.0427038468681286,0.16229802730154816,0.17895423339911046,0.495172257011425,0.12087163541978783
Mature,Mature,True,0.1457392842777644,0.13925978930318678,0.08411499104577534,0.10354542401488334,0.5273405113583901
Day 0,Day 28,False,0.2894635447929882,0.4220630716287458,0.05486068108321871,0.13188882385066772,0.10172387864437958
Day 0,Day 0,True,0.3410570115281646,0.2276852449241138,0.10727865085011591,0.07543150618335544,0.24854758651425027
Day 28,Day 28,True,0.19786819236021577,0.3899838035167058,0.06258942738885656,0.16969419949890993,0.17986437723531193
Day 28,Day 56,False,0.09448204991704777,0.22010238126202877,0.34675010463710826,0.21994441270779852,0.11872105147601676
Day 28,Day 28,True,0.056661422138021646,0.5419480065545339,0.08281896147871526,0.0966035190703124,0.2219680907584168
Day 84,Day 56,False,0.08441669494582789,0.08355844399425845,0.3275996837673559,0.31823978727391433,0.18618539001864337
Day 56,Day 56,True,0.1444963795799188,0.20329690628620464,0.44661186836721106,0.13422521220979777,0.07136963355686772
Day 28,Day 28,True,0.2182148207104343,0.33887415601415094,0.1258501763349331,0.11163051753308793,0.20543032940739367
Day 0,Day 0,True,0.5486264566925676,0.1257181856312516,0.07223783926978766,0.15269566826872832,0.10072185013766496
Day 56,Day 56,True,0.22041857232409662,0.24659531569416926,0.2843477739042336,0.17017760113527602,0.07846073694222444
Day 0,Day 0,True,0.4089155311285727,0.1404106294578789,0.13403344853999288,0.20946644958450933,0.10717394128904612
Day 84,Mature,False,0.06937039324253069,0.061191629429197605,0.09162251315808417,0.21618111970047113,0.5616343444697164
Day 0,Day 28,False,0.22844592195581392,0.26704430487935643,0.08424092208579226,0.2522801464119047,0.16798870466713264
Mature,Mature,True,0.0945119235593491,0.08169181380622668,0.2812077996949517,0.14493904464584137,0.3976494182936312
Day 28,Day 56,False,0.07077867341479989,0.27139356610607074,0.4204526282978026,0.019001095402230318,0.21837403677909636
Day 0,Day 0,True,0.3792101450034968,0.05298521872837863,0.1225557041538159,0.3611326303878477,0.08411630172646099
Day 28,Day 28,True,0.2057061375727022,0.40690725555682944,0.05058581217380087,0.11720571009223009,0.21959508460443738
Day 28,Mature,False,0.3012180654997161,0.21125572691461564,0.0928583974935286,0.05383691770561098,0.3408308923865287
Day 56,Day 56,True,0.20006830410026713,0.05937094065474496,0.541508308948457,0.08132732378622588,0.11772512251030491
Day 0,Day 0,True,0.4572594245409292,0.2004985311959915,0.1422008554536951,0.1010177666226652,0.09902342218671886
Day 28,Day 28,True,0.05984083614166422,0.4584696705481288,0.1322816004429618,0.21163762078343756,0.13777027208380757
Day 56,Day 56,True,0.12339060736341338,0.1945504447640614,0.4070233639436559,0.11302318386230953,0.16201240006655973
Day 84,Day 84,True,0.16845582156984246,0.16280880919030463,0.235195415023883,0.2963626171151704,0.13717733710079946
Day 0,Day 28,False,0.3077430738702388,0.3521891590372227,0.13549949667412342,0.12152695557928261,0.08304131483913255
Day 56,Day 56,True,0.23878314390158498,0.06918339185712247,0.28840599060230077,0.1950281679227265,0.20859930571626525
Day 0,Day 0,True,0.533331157747183,0.11667963837760874,0.074247714538691,0.055394166393767916,0.2203473229427493
Day 56,Day 56,True,0.22606138675578463,0.1157757613816061,0.32408558658589787,0.2570522861066666,0.07702497917004476
Day 28,Day 28,True,0.23109251230330227,0.34444583384937116,0.13636669481283994,0.17582668879555718,0.1122682702389295
Day 56,Day 56,True,0.2073206900034772,0.05499589324662584,0.32974983823914444,0.10417763228897518,0.30375594622177743
Day 0,Mature,False,0.3060842696810538,0.08894447952026426,0.1418595601776219,0.14659691619396525,0.3165147744270948
Day 84,Day 84,True,0.06152133205926305,0.1689470913340755,0.10259191054741695,0.44909520892280586,0.21784445713643855
Day 0,Day 84,False,0.24644394322027102,0.07728707450670812,0.1956793600579563,0.3712436697279108,0.10934595248715377
Mature,Mature,True,0.15970709277292924,0.06105820412518209,0.14672194696857194,0.2699109437650963,0.3626018123682205
Day 56,Day 56,True,0.254747811646642,0.1030160984311441,0.45150976362112055,0.11610055046738012,0.0746257758337131
Mature,Mature,True,0.10838763145939363,0.10319356551592584,0.128152079370308,0.20951511352707167,0.4507516101273009
Day 0,Day 0,True,0.33608824675651194,0.114985208235469,0.124586871700172,0.1724702815973838,0.2518693917104633
Day 28,Day 28,True,0.1159416127404863,0.3830520866377135,0.27765363988118824,0.08836770741034972,0.1349849533302622
Day 0,Day 0,True,0.36442371261225537,0.08235756483809488,0.29929171273607486,0.21231143704763805,0.041615572765936866
Day 84,Day 84,True,0.07493998743557041,0.1699831377676189,0.2922126408829842,0.36913323707411017,0.09373099683971638
Day 28,Day 28,True,0.11892924051471408,0.43906185563093897,0.05622152406830807,0.2874431769030131,0.09834420288302576
Day 28,Day 28,True,0.1661162871650334,0.3778710681655687,0.08368362786079593,0.2715362066767188,0.10079281013188326
Mature,Mature,True,0.14372254060537062,0.19395900957737233,0.20464939472469945,0.06228285631074741,0.39538619878181025
Day 84,Day 84,True,0.14371124418027817,0.10811783505100457,0.0978859655917661,0.3995253526327196,0.2507596025442314
Day 28,Day 28,True,0.05991329910118302,0.5320282869135269,0.18219253319057735,0.10383982420113945,0.12202605659357328
Mature,Mature,True,0.1712373211167594,0.11012616623158313,0.09389739608728254,0.07409574559983464,0.5506433709645403
Day 0,Day 0,True,0.30348437900032166,0.16843700979926496,0.29301431042552484,0.11058387273808708,0.12448042803680145
Mature,Mature,True,0.1231698395214339,0.25915308934183884,0.047638074675155455,0.1239058944558985,0.44613310200567335
Day 0,Day 0,True,0.37164293973171814,0.19350903208237696,0.10575905495682394,0.24274883831814242,0.08634013491093849
Day 0,Day 0,True,0.4390359068597874,0.1569565451081727,0.15742742173716526,0.21440770850677163,0.03217241778810309
Day 28,Day 28,True,0.04873893506836229,0.3028270773297466,0.1533606789328878,0.23227333299556255,0.26279997567344077
Day 0,Day 0,True,0.3546962590729873,0.12287827876765277,0.26506807886255995,0.21967939404927786,0.03767798924752207
Day 84,Day 84,True,0.19007018674080156,0.10632087699780063,0.2297211687681577,0.3506863773043362,0.12320139018890387
Mature,Mature,True,0.06768633689999796,0.1416969932077508,0.10514696436925436,0.16669694778927358,0.5187727577337233
Day 28,Day 28,True,0.09884662515542601,0.49354045824661147,0.22625602341098253,0.13077939056728016,0.0505775026196998
Day 28,Mature,False,0.07137703886588659,0.2985721247889291,0.16020304993489343,0.1256231856222915,0.3442246007879993
Day 0,Mature,False,0.2543522734709554,0.09095794747454145,0.21394325323383417,0.07854334984596388,0.362203175974705
Day 56,Day 56,True,0.21481170786082623,0.1335137185391737,0.48377072107838026,0.09893296131887755,0.06897089120274215
Day 28,Day 56,False,0.11113017982737707,0.31938434721258285,0.3844998405671484,0.08344687603973189,0.10153875635315987
Day 56,Day 56,True,0.05027681824130646,0.06098370036869366,0.4292115005850679,0.0417031479628905,0.4178248328420414
Mature,Day 56,False,0.04630688219774746,0.29676910492755687,0.35335719896830015,0.07955256224264896,0.2240142516637465
Mature,Mature,True,0.07907988674916255,0.3717136381325186,0.07517394296682901,0.0349518637355398,0.43908066841595006
Day 0,Day 0,True,0.4655100646183437,0.17784352506982193,0.11133940603257184,0.08916498208066961,0.1561420221985928
Day 56,Day 56,True,0.22070908172330467,0.23480578026757393,0.3095444891086804,0.12900572068626454,0.10593492821417644
Day 28,Day 28,True,0.10851892473615786,0.476357459052128,0.1243148215191919,0.042484487978952525,0.24832430671356978
Day 84,Day 84,True,0.12725450411860795,0.20094858025606369,0.1676079194975774,0.3561242275259236,0.1480647686018274
Day 56,Day 56,True,0.1464153820121041,0.14792090984349862,0.41701791781520237,0.11765099739316796,0.17099479293602696
Day 56,Day 56,True,0.1528458513794876,0.1650983504292959,0.4303462313741653,0.07830469486211672,0.17340487195493465
Mature,Mature,True,0.0835866381732167,0.06951902029753294,0.17150597873379642,0.20646540244833772,0.4689229603471163
Day 0,Day 0,True,0.46731413319246673,0.22919148323661076,0.1800216375018248,0.05993628289570547,0.06353646317339227
Mature,Mature,True,0.0885883476557927,0.0757322205316394,0.2593195245133433,0.1152206513270532,0.4611392559721713
Mature,Mature,True,0.1431487841091637,0.2218602529941993,0.17315279412075388,0.06166276353704564,0.40017540523883754
Day 84,Day 84,True,0.23087182423024116,0.2170698300582562,0.15872662541603752,0.2520875619649837,0.14124415833048123
Day 0,Mature,False,0.25290842070691283,0.17430243085270136,0.030137793026832387,0.17937773325439355,0.36327362215915987
Mature,Mature,True,0.15156470948004153,0.06769490614331095,0.11517887309162399,0.178185043194981,0.48737646809004254
Mature,Mature,True,0.08414647158589811,0.14227633234538026,0.09116044516499344,0.30832488435167366,0.3740918665520545
Day 28,Day 28,True,0.12642512634761713,0.3584271408688921,0.15111554341917016,0.14329606401504,0.22073612534928055
Day 0,Day 56,False,0.29672571272331827,0.1659112681367319,0.3098045688472281,0.10610399655050574,0.12145445374221603
Day 0,Day 0,True,0.3085181373077216,0.04709472937286737,0.29693822134261166,0.04638235278848117,0.3010665591883181
Day 84,Day 84,True,0.1063542057480815,0.18210509774347394,0.05941234055857163,0.4741367927260749,0.17799156322379805
Day 28,Day 28,True,0.23408238037962048,0.44944026871900733,0.14397302666324527,0.07878405176940476,0.09372027246872218
Mature,Mature,True,0.06781816486541291,0.17474949227848222,0.12414344883013295,0.21118952872890415,0.4220993652970678
Mature,Mature,True,0.13773674013563586,0.1526822181640397,0.16045172705772986,0.21393668240025396,0.3351926322423406
Mature,Mature,True,0.09362271478578188,0.09796666705756331,0.04682111578023905,0.21189105108596784,0.5496984512904478
Mature,Day 0,False,0.2708022185417878,0.05132299940232102,0.18706477763096796,0.26694395617559546,0.2238660482493278
Day 0,Mature,False,0.1782573325683029,0.03394341115048172,0.2658916845563041,0.05496742254030319,0.46694014918460813
Mature,Mature,True,0.11157388747970612,0.05428625860976134,0.14653663700233993,0.14850717802717606,0.5390960388810166
Day 28,Day 28,True,0.22577553106153045,0.4291575935668687,0.07010028559304213,0.11500925117105275,0.159957338607506
Day 56,Day 56,True,0.23891324219982096,0.06643429804354647,0.317660488524952,0.3168338243488598,0.06015814688282093
Mature,Mature,True,0.18223354175825474,0.08019255172293348,0.22163702411280145,0.21833019227267988,0.2976066901333306
Mature,Mature,True,0.08375805949047818,0.2359991833180091,0.1384296598651455,0.2529978930286208,0.2888152042977464
Day 0,Day 0,True,0.42187948204089637,0.12807052226219037,0.25551012849722066,0.13732988141396457,0.057209985785728126
Day 84,Day 84,True,0.14930787903154566,0.12701987427465214,0.14423451578635316,0.3413386451251477,0.2380990857823014
Day 84,Day 0,False,0.3688769257912733,0.15951053148408031,0.15603084004879805,0.22035595942342054,0.09522574325242779
Day 0,Day 0,True,0.32168954894119356,0.2501844131384002,0.1127723919900643,0.13803367674140612,0.17731996918893583
Day 28,Day 28,True,0.05166782761561102,0.413353260853428,0.2499512521565488,0.19118842412762163,0.0938392352467906
Day 0,Day 0,True,0.33543872187584756,0.2363225300496798,0.09422742910445472,0.0705821079536225,0.26342921101639555
Day 0,Day 0,True,0.4344329612738444,0.1946569162308943,0.201932542575217,0.05695811167652211,0.11201946824352225
Day 84,Day 56,False,0.12056803739539995,0.10342448201201583,0.3572626548086623,0.2997980411071995,0.11894678467672234
Day 84,Day 84,True,0.10196608592322695,0.11677409100229434,0.07808707172492538,0.4358827286162934,0.2672900227332599
Day 56,Day 56,True,0.3435570221491499,0.12781655914953702,0.3956657773871135,0.0874048425568097,0.045555798757389854
Day 56,Day 56,True,0.1117019142693883,0.2512821539217886,0.3812262673540324,0.09005837114888923,0.16573129330590142
Day 84,Day 84,True,0.06463779176285667,0.20448684736115078,0.1561850592345785,0.31923938929332213,0.25545091234809186
Day 84,Day 84,True,0.11141399505414339,0.22943220555376637,0.12045648602772796,0.4393663222377387,0.09933099112662375
Day 84,Day 28,False,0.13495752973550826,0.34053018533100515,0.11849394246458292,0.3003572966990968,0.10566104576980685
Day 56,Day 56,True,0.1936014453952027,0.08609451039894801,0.43397642206285375,0.06547538569653699,0.22085223644645843
Mature,Mature,True,0.3245518840416554,0.10118443098409241,0.09060764245753185,0.08156982427744519,0.4020862182392752
Mature,Mature,True,0.10990911983498344,0.1657333751431855,0.07153804541609372,0.09976051528815189,0.5530589443175855
Day 0,Day 0,True,0.41198064339149904,0.11861882620521226,0.20090328387403142,0.17519608037259687,0.09330116615666043
Day 56,Day 56,True,0.14982203844004155,0.11169474378822321,0.5514586232762521,0.07621597696930399,0.11080861752617911
Day 28,Day 28,True,0.09926768534811625,0.33225617008294267,0.2557114089782845,0.062001612172169915,0.2507631234184866
Day 84,Day 84,True,0.1693599893749345,0.16437561826152883,0.11414709100376629,0.33704825383184334,0.215069047527927
Day 56,Day 0,False,0.4540495790785761,0.052167175942598294,0.2660817392325266,0.10450350552015289,0.12319800022614612
Day 56,Day 56,True,0.2344949145672823,0.14900500572976752,0.32314160691892285,0.20121156111822183,0.09214691166580559
Day 0,Day 0,True,0.360596967285979,0.2314788469737502,0.11280137049567468,0.0757828236634866,0.21933999158110948
Day 0,Day 0,True,0.4345141608584408,0.16530349480873088,0.21594313695800926,0.053397986611797545,0.13084122076302154
Day 84,Day 84,True,0.12572125182851523,0.1184307397859847,0.10120251331202071,0.4139068991099039,0.2407385959635754
Day 56,Day 56,True,0.14063378019913633,0.05544628840827512,0.4614830860199062,0.22789058300370466,0.11454626236897766
Day 28,Day 28,True,0.2050688413910113,0.3831349505183052,0.2016725522967274,0.11539309334017274,0.09473056245378333
Day 84,Day 84,True,0.10047476589907148,0.2026694524715458,0.16600352930692824,0.3766458335567256,0.154206418765729
Day 0,Day 0,True,0.37715329039518763,0.06666154078345204,0.11228501850073544,0.2828892693519613,0.1610108809686636
Day 84,Day 84,True,0.0764619051593082,0.14764298983882343,0.11031525257561675,0.3856260567056332,0.2799537957206184
Day 28,Day 28,True,0.06788045902548427,0.32473752043199555,0.2729267063753459,0.1983538558625531,0.13610145830462125
Day 0,Day 0,True,0.26059929639125207,0.2396553658290595,0.14057485488401322,0.14281802061607674,0.21635246227959848
Day 28,Day 0,False,0.3410593485407905,0.29792553973485664,0.09945192272409234,0.134800121425476,0.12676306757478448
Day 0,Day 0,True,0.3840239998377383,0.15344686478700703,0.17753198107106774,0.05873536143472535,0.22626179286946146
Day 84,Day 84,True,0.10489574347944912,0.10405865068397645,0.2688480332117339,0.4022736644547381,0.11992390817010239
Mature,Mature,True,0.200785220986472,0.06386021944542937,0.09162527875497015,0.12536238769452182,0.5183668931186066
Day 28,Day 28,True,0.2370521571504732,0.5173702358264282,0.07534980792933442,0.04426084269621696,0.12596695639754718
Day 28,Day 84,False,0.058360001704792754,0.2954772494365127,0.13889136694972518,0.31269545493206824,0.19457592697690113
Day 28,Day 0,False,0.3157755027787759,0.28404552938688027,0.18343955987417537,0.0220695513148794,0.194669856645289
Day 56,Day 56,True,0.21959659285292482,0.22003260296585544,0.3686243900274284,0.08884014875818529,0.10290626539560609
Day 56,Mature,False,0.12487503585927151,0.13442334305199463,0.29028503505999104,0.08182787179342915,0.3685887142353136
Day 84,Day 84,True,0.17299174572361647,0.1106691782682566,0.1558368933269991,0.31266304416191487,0.2478391385192129
Day 56,Day 56,True,0.030047481044346954,0.1957933549225581,0.41615533789270637,0.26614799690719215,0.09185582923319657
Day 0,Day 56,False,0.2741544265784176,0.04824248237746929,0.5390869536676863,0.027359290216902407,0.11115684715952424
Day 56,Day 56,True,0.17552793105897968,0.09689872323399135,0.5576438075207207,0.08153851464136701,0.08839102354494127
Day 56,Day 56,True,0.23428806997513865,0.08270416643493798,0.32140147445648265,0.14957668059039228,0.21202960854304842
Mature,Mature,True,0.13099541773280798,0.2779610613901831,0.10617524673687118,0.12018679862415031,0.3646814755159873
Day 28,Mature,False,0.12578571733221966,0.24077536140830866,0.19772627507042861,0.11779363512893704,0.31791901106010606
Day 56,Mature,False,0.05989533809078089,0.07667216159128559,0.3198877383701067,0.09140597759198275,0.4521387843558441
Day 0,Day 0,True,0.38570925343131285,0.10773345435691406,0.353825187492686,0.09248662449146676,0.06024548022762049
Day 56,Day 56,True,0.07365588923020608,0.08282779717122023,0.4848773755092762,0.28453507556921215,0.07410386252008548
Day 28,Day 28,True,0.10824394754138815,0.3977372918263636,0.34119691511014333,0.11013774852408036,0.042684096998024564
Day 84,Day 0,False,0.2770985068190528,0.08244695418121116,0.1612758004951713,0.25964729823540683,0.21953144026915786
Day 56,Day 28,False,0.09550213145708071,0.3557927760917301,0.3200755300536989,0.18098738088410948,0.04764218151338086
Day 0,Day 0,True,0.4631683040607727,0.08860450504343798,0.09828644556366932,0.2418629774272612,0.10807776790485873
Day 56,Day 56,True,0.11888024942784947,0.04563222177282608,0.45883828534762156,0.05229155217726276,0.32435769127444025
Day 0,Day 0,True,0.312028494373112,0.11138550490285896,0.15536473678507828,0.2803864170340305,0.14083484690492018
Mature,Mature,True,0.35653574114835707,0.058379794487669674,0.06190037974095465,0.14001430224138717,0.3831697823816314
Day 0,Day 0,True,0.34769593541881477,0.18918976125950224,0.18256289724037567,0.09156623684413685,0.1889851692371704
Day 56,Day 56,True,0.18141227882951408,0.07174271563000506,0.337067649745679,0.31234721263751297,0.09743014315728891
Mature,Mature,True,0.1727177051526437,0.1864457205176497,0.0951982331302397,0.10192890853088389,0.44370943266858287
Day 0,Day 56,False,0.267077375991194,0.19731791407662652,0.28002337979995817,0.12201703695553366,0.13356429317668778
Day 28,Day 28,True,0.04718016539667556,0.4832186913312082,0.09243884060273636,0.05942955454760101,0.31773274812177893
Day 84,Day 84,True,0.12936463563617268,0.18328692398723043,0.04479151920358618,0.5074592146451095,0.13509770652790123
Mature,Mature,True,0.1441874103282905,0.2267138462402667,0.19942418540957565,0.07816272709100132,0.35151183093086574
Day 56,Day 56,True,0.09776949715615516,0.26901382489574066,0.3752113988206303,0.14607866275990608,0.11192661636756775
Day 28,Day 28,True,0.08455638049627308,0.32874309741007174,0.1488333728138496,0.1336551883371878,0.3042119609426177
Day 84,Day 84,True,0.17174029464341595,0.08124501332660845,0.2790800577752197,0.39861824728236545,0.06931638697239034
Day 0,Day 0,True,0.44212199111410333,0.1985392391264433,0.1910256850009209,0.1248216153423019,0.04349146941623064
Day 28,Day 56,False,0.08723994654383442,0.3471585202471231,0.4045517763794603,0.10794746670543173,0.053102290124150124
Day 56,Day 56,True,0.17283158491454262,0.15026036136022525,0.31476124902876795,0.07010448424414145,0.29204232045232276
Mature,Day 28,False,0.11755965459158095,0.39191270590861543,0.02475491828356836,0.1676744395614513,0.29809828165478397
Day 28,Day 28,True,0.24696869948575753,0.39916173870567134,0.15519122877914812,0.050992129437797996,0.14768620359162504
Day 56,Day 56,True,0.11175890813512596,0.05278929929530343,0.3859527303546252,0.12380622572488992,0.3256928364900555
Day 56,Day 56,True,0.14707177661919915,0.07660924345616449,0.5463654473904168,0.14074421348464697,0.08920931904957252
Day 0,Day 0,True,0.5099953588615281,0.07983100593726193,0.31703803611808373,0.04881092756518962,0.04432467151793656
Day 28,Day 28,True,0.15470403112307768,0.36540353055592356,0.12183089410704098,0.1165868171161771,0.24147472709778062
Day 28,Day 28,True,0.23092812746042782,0.32633832706703897,0.08795407846818287,0.06783919629155179,0.2869402707127984
Day 56,Day 56,True,0.07239191948709563,0.0783458327305544,0.44943080237474414,0.249083101042066,0.1507483443655398
Day 56,Day 56,True,0.19328775106119098,0.16218757000442585,0.29366203062299406,0.24372702226317283,0.10713562604821629
Day 0,Mature,False,0.29785167258451833,0.09733629274670358,0.22099838048685166,0.08136896820987582,0.30244468597205054
Day 0,Day 0,True,0.4510893663555385,0.2428780512330492,0.08934972523947411,0.11483916147443766,0.10184369569750047
Day 56,Day 56,True,0.13832775471015354,0.26275420565964314,0.31800486623597846,0.09649110392650778,0.1844220694677172
Day 0,Day 84,False,0.21042894633240317,0.15667167470748605,0.08017746858396849,0.5032510468818111,0.049470863494331
Day 0,Day 0,True,0.42192360261583406,0.10742746964705885,0.04015447129618568,0.21419349142092764,0.21630096501999377
Day 56,Day 56,True,0.09411749688076242,0.0741140177905614,0.372505178471889,0.0991246959727577,0.3601386108840296
Day 84,Day 84,True,0.18132717309296015,0.13947295565296478,0.13932618069362632,0.29024630809770546,0.24962738246274344
Day 28,Mature,False,0.14411766542806606,0.23653931683907273,0.06421687819421922,0.14736263763907415,0.4077635018995679
Day 84,Day 84,True,0.056895100943380926,0.1347418852800709,0.13347894184243136,0.3488490392495207,0.3260350326845961
Day 0,Day 0,True,0.4409075173849926,0.06717540675403708,0.2794636561513043,0.14345191880501537,0.06900150090465057
Mature,Day 0,False,0.38248301538395385,0.04780228534044159,0.07366617705959781,0.22050641120473766,0.2755421110112691
Mature,Day 84,False,0.11312718273474634,0.20732134967773927,0.034308246036304633,0.33596812417061667,0.3092750973805931
Day 0,Day 0,True,0.3168190577728446,0.18960966798917617,0.27731397835435556,0.11168680963357476,0.1045704862500489
Day 28,Day 28,True,0.12849810921001623,0.4006793819140042,0.1707616100776864,0.12683641649286484,0.17322448230542836
Day 84,Day 84,True,0.1575341334954535,0.12927436853978777,0.1392263184150207,0.4280724050913774,0.14589277445836055
Day 56,Day 56,True,0.1192043628292377,0.245593310764179,0.37695666876123574,0.0873120286648004,0.17093362898054723
Day 56,Day 56,True,0.23981058388088,0.10455168086639867,0.42305509869329094,0.14980982670155227,0.08277280985787826
Mature,Mature,True,0.07320869252224549,0.1876029785042398,0.29684246048210994,0.13212977458144756,0.31021609390995725
Day 56,Day 56,True,0.23210942823452402,0.1919739398678779,0.2924577020833267,0.1792050839754915,0.10425384583877989
Day 0,Day 0,True,0.46294573340439504,0.06937537457739582,0.10351447075018182,0.13691700760438588,0.22724741366364143
Day 28,Day 56,False,0.1260287141564135,0.2714906720495358,0.3911778501969131,0.1750779763755606,0.036224787221577064
Day 84,Day 84,True,0.0817720960458593,0.11375328902704138,0.22542897957849475,0.3055548615534512,0.27349077379515335
Day 84,Day 0,False,0.36848725192769427,0.1436189885423154,0.21012845656520238,0.23002920876358407,0.04773609420120381
Day 28,Day 28,True,0.185300028556851,0.41740681213891145,0.08833915132259601,0.17314884688657367,0.1358051610950678
Day 56,Day 56,True,0.0309751238510928,0.1854333311674199,0.41428089797392686,0.1270243303722446,0.2422863166353159
Day 84,Day 84,True,0.1628340788647826,0.15372152045838464,0.26139345994238394,0.3618620536138663,0.06018888712058263
Mature,Mature,True,0.19943133710758346,0.03374755922476148,0.04690744853282634,0.3469171434714018,0.3729965116634269
Day 0,Day 0,True,0.34803418341563647,0.11719734122086616,0.02713788172684512,0.33073197865222714,0.17689861498442513
Day 84,Day 84,True,0.1157438707679122,0.06777537174313342,0.21749963407289682,0.37057537956503556,0.22840574385102197
Day 28,Mature,False,0.15251575253190933,0.3151431539782546,0.08561857150304397,0.054277395489565776,0.39244512649722635
Day 0,Day 0,True,0.43997997552929097,0.061331397661574034,0.11606452691827182,0.18861675802621317,0.19400734186465002
Day 0,Day 0,True,0.43724183606595385,0.15436469014582274,0.18773598374079042,0.05567143998197422,0.16498605006545866
Day 84,Day 84,True,0.15929027035481808,0.1425094070720582,0.1906141756163312,0.354588482192465,0.15299766476432752
Mature,Mature,True,0.2786620014955477,0.03543860697135782,0.09708750908191476,0.21715036191178888,0.3716615205393909
Day 84,Day 84,True,0.1547861378864081,0.2743950193387712,0.08629010772514083,0.38918511174869286,0.09534362330098702
Mature,Mature,True,0.19461110672432633,0.1301333172589314,0.08594708669385245,0.18953015877249327,0.3997783305503967
Day 84,Day 84,True,0.08603134308607568,0.0775176817502776,0.2761893966336247,0.4101388814585701,0.15012269707145187
Day 84,Day 84,True,0.2130135732072257,0.17514520307783082,0.1348901323927724,0.3790776755221216,0.09787341580004942
Mature,Day 56,False,0.08739880754987073,0.03286471112841126,0.37909018375077524,0.18904542244887745,0.31160087512206525
Day 0,Day 0,True,0.332930700824271,0.1476655504443762,0.17909940877425481,0.10811266254600602,0.23219167741109195
Mature,Mature,True,0.25676291182456434,0.07817968337981099,0.2651427077885038,0.09710244948543277,0.30281224752168806
Day 28,Day 84,False,0.2022568854487597,0.2540274300408072,0.048387297294780286,0.27666304176222567,0.21866534545342725
Day 0,Day 0,True,0.4680996584046626,0.09840606990796681,0.09593454403591342,0.17067705318588489,0.16688267446557223
Day 0,Day 0,True,0.355646021433344,0.17449914526825255,0.11211231903146529,0.18143314341566263,0.1763093708512755
Mature,Mature,True,0.19313981022225474,0.17591661443754286,0.15221462868235977,0.06851999168625135,0.4102089549715914
Day 28,Day 28,True,0.13487781013047717,0.28537446458080157,0.20874199250362135,0.2256534329119081,0.1453522998731917
Day 0,Day 0,True,0.3846569145887062,0.08559414239598592,0.10076568484646413,0.3558737620346174,0.0731094961342263
Day 0,Day 0,True,0.4414868014998069,0.15473919633786856,0.10566696983181217,0.09485426171344545,0.20325277061706687
Day 0,Mature,False,0.3449691717929192,0.06276868567081448,0.09845709706272003,0.134774214339094,0.3590308311344523
Day 84,Day 84,True,0.12512614667342947,0.16001409612485137,0.1107807642520833,0.48269318750203494,0.12138580544760084
Day 28,Day 28,True,0.20790315687404967,0.3788452185938505,0.14552010486674063,0.07097543988710198,0.19675607977825718
Day 0,Day 0,True,0.5453547083697527,0.06937476658597311,0.11028438505620257,0.11167045436127208,0.16331568562679943
Mature,Mature,True,0.25856003178340586,0.1192548288917149,0.23223364864002835,0.09385943463831847,0.2960920560465324
Day 56,Mature,False,0.04303227861402512,0.09332713839506131,0.28964136189245154,0.14163162467997528,0.4323675964184868
Day 84,Day 0,False,0.4409425590617517,0.08683160935779478,0.10310897204814386,0.22111245892611428,0.1480044006061953
Day 0,Day 0,True,0.47041860297970195,0.22815784598112324,0.12423585832886719,0.1051295591473604,0.07205813356294723
Day 28,Day 84,False,0.18929031029436474,0.27049562604967464,0.1532900808786476,0.3148399870148391,0.07208399576247389
Day 84,Mature,False,0.050560527222919094,0.20374538868460373,0.2350572114802453,0.210557323832,0.3000795487802319
Day 56,Mature,False,0.054068449402403976,0.10356788955924504,0.2095810101083345,0.03920355336666901,0.5935790975633474
Day 0,Day 56,False,0.28842714360734284,0.0962992765200677,0.33155595892454004,0.1465067501049517,0.13721087084309772
Day 0,Day 0,True,0.4309462168310235,0.1572414100695194,0.20748497049927764,0.03677781348622464,0.1675495891139549
Day 56,Day 56,True,0.11283478929639616,0.10269746391571924,0.3833857496475965,0.14506914107268473,0.2560128560676035
Day 28,Day 28,True,0.10192594384374806,0.3721627592386936,0.27256424013134706,0.20757489871095158,0.04577215807525983
Day 84,Day 84,True,0.0687518498159042,0.21087754285181132,0.10170387288595512,0.42016162359028947,0.19850511085603997
Day 56,Day 56,True,0.07839896695947363,0.3047292294884093,0.45979719615868037,0.10665940641322022,0.05041520098021643
Day 56,Day 56,True,0.21974593394297606,0.14731297614680697,0.3081707532571391,0.11454710220161896,0.21022323445145888
Day 28,Day 28,True,0.03664771587237667,0.4014565893160986,0.23573066972177253,0.19778945038013493,0.12837557470961727
Mature,Mature,True,0.16073056711832165,0.07719228553497062,0.1537373209303337,0.13271931994461658,0.4756205064717575
Day 0,Day 0,True,0.49257204375880015,0.0837165861204002,0.1986248901694845,0.09246770744905132,0.13261877250226384
Day 28,Day 56,False,0.07698648824675307,0.32986769020871076,0.33003995615393655,0.1916412104416498,0.07146465494894975
Day 28,Day 28,True,0.0923570521203771,0.6517942525167421,0.13991189330584428,0.04954728412913307,0.0663895179279035
Day 0,Day 0,True,0.4856591138361855,0.27082575072654924,0.13102543616876874,0.07379690522721497,0.038692794041281536
Day 56,Day 56,True,0.2633322092944848,0.16336485771516276,0.45533515697258226,0.061761099742675615,0.0562066762750946
Day 84,Day 84,True,0.06445761163270282,0.2836410256718932,0.1964406860107141,0.37728202472009603,0.07817865196459388
Mature,Mature,True,0.16181051442938413,0.0906647311171425,0.189090130074619,0.2433922214186265,0.3150424029602278
Day 28,Day 28,True,0.1673089428372028,0.26270556256806427,0.24535816939412752,0.22102085157505735,0.10360647362554802
Mature,Mature,True,0.22478390415948946,0.13548743639492894,0.09905311837626664,0.09047468862197826,0.45020085244733665
Day 84,Day 84,True,0.07919508165548188,0.24394716333686953,0.045860883349685196,0.3875409944525901,0.24345587720537326
Day 28,Day 28,True,0.24136470498136098,0.30861226749951476,0.12285607712063402,0.09654135211014525,0.23062559828834506
Day 28,Day 28,True,0.1721793340169572,0.43669568818433546,0.18865702733446824,0.1251382978782958,0.07732965258594326
Day 0,Day 0,True,0.5414437162715507,0.13579017970317278,0.09404078450328818,0.07572462583001868,0.1530006936919697
Mature,Mature,True,0.1456463191480651,0.17411900030452046,0.2250548274929141,0.05832807661000456,0.3968517764444957
Day 28,Day 0,False,0.4746431436923642,0.33985518502442363,0.027749764502817523,0.08562214320116854,0.07212976357922607
Mature,Mature,True,0.2532840142984488,0.052590710307875356,0.09237734513285542,0.15097683501387008,0.45077109524695047
Day 0,Day 0,True,0.5311365337440237,0.0792721172747597,0.15876084782116834,0.1116931418065805,0.11913735935346771
Mature,Day 0,False,0.4900355602473747,0.1575399951478063,0.04628130632938712,0.04719431086056347,0.2589488274148683
Day 0,Day 0,True,0.4191254686113726,0.19347686372704695,0.19740312709079208,0.12967466114398268,0.06031987942680576
Day 28,Day 28,True,0.1085974648321571,0.5246307155004536,0.08397828862591707,0.191878775340314,0.0909147557011583
Day 28,Day 28,True,0.11801717082823174,0.40274023347328225,0.1993279820514985,0.21118666430906688,0.06872794933792072
Day 28,Day 28,True,0.08182092903005297,0.41329151561936417,0.23936554675076194,0.10221425893548094,0.16330774966434006
Day 84,Day 84,True,0.20405556721153129,0.1550579983689128,0.17342497231161355,0.36263209890057635,0.10482936320736595
Day 84,Day 84,True,0.08417869772684974,0.27276142211055915,0.15137932020650746,0.2948732772816621,0.1968072826744214
Day 28,Day 28,True,0.15659001712505702,0.31344751145868827,0.2297755781473554,0.17963056053848026,0.12055633273041882
Day 56,Day 56,True,0.1737075361405652,0.31968886989859446,0.3531728789087607,0.036973489066151104,0.1164572259859284
Day 0,Day 0,True,0.4668507196742278,0.08724210579802148,0.21196969056551743,0.1427905974193864,0.09114688654284674
Day 84,Day 84,True,0.14449424084075976,0.10376887191623253,0.21212710928848583,0.33368452132132653,0.20592525663319547
Mature,Mature,True,0.08798756341103646,0.08975370808825543,0.1829976395884429,0.2555185284904633,0.3837425604218019
Mature,Mature,True,0.1714022132703496,0.14493273342837326,0.0912432147849317,0.15438530352269775,0.43803653499364764
Day 28,Day 28,True,0.1346049551596498,0.4969336507557848,0.0401696564095355,0.17207376523378107,0.1562179724412487
Day 0,Day 0,True,0.3683776525233866,0.06291813356729052,0.19400932930481019,0.20497378187441342,0.1697211027300993
Day 28,Day 28,True,0.2642578058755841,0.4540892960145805,0.08250445850663457,0.11934083940042994,0.07980760020277101
Day 84,Mature,False,0.1456856474280392,0.13331840129612715,0.19452145204875826,0.17774481080959287,0.34872968841748264
Day 28,Day 28,True,0.24191750226152045,0.39292576751745273,0.21060352521589285,0.06640745845300627,0.08814574655212774
Day 28,Day 28,True,0.13101304126799687,0.29941597308333445,0.12099936477033325,0.1677198881342208,0.28085173274411457
Day 84,Day 28,False,0.29560203391745826,0.37543802639568274,0.05739218792137634,0.2541981578799059,0.017369593885576715
Mature,Mature,True,0.030945106604740195,0.15498362770529653,0.08065273767196826,0.3539148247627912,0.3795037032552039
Day 56,Day 28,False,0.08683355126279269,0.4289549648247797,0.3461169501623787,0.10702277068820688,0.03107176306184196
Day 0,Day 0,True,0.5184038812526374,0.0729362833625382,0.18686675978313033,0.09357683303564245,0.1282162425660516
Day 56,Day 0,False,0.4104654884782972,0.07572769970784818,0.28888934220097995,0.10333739839342249,0.12158007121945205
Day 56,Day 56,True,0.1485056425054109,0.2500420730446826,0.35359459245253716,0.11775826349917402,0.1300994284981952
Mature,Mature,True,0.0850720490458434,0.08527864811873619,0.3064875107060868,0.1451869363361275,0.37797485579320617
Mature,Mature,True,0.08061236418277891,0.061038885389599166,0.16222877503206246,0.2951561350140225,0.4009638403815369
Day 56,Day 28,False,0.11019038053410811,0.36174571180594756,0.3426412483787567,0.054901463766706834,0.13052119551448088
Day 0,Day 0,True,0.33782364117884556,0.031441315864765194,0.04471846476201983,0.28653057230286205,0.29948600589150737
Day 0,Day 84,False,0.3000096522353543,0.08390809090468453,0.09213314422085153,0.33835070014656854,0.18559841249254122
Day 0,Day 0,True,0.44679745152710776,0.12338359894305631,0.17254040379747815,0.18141862063810626,0.07585992509425166
Day 28,Day 28,True,0.09699405942535888,0.4142384137244639,0.07103458737898269,0.3153450885202615,0.10238785095093308
Day 0,Day 0,True,0.4540482807470019,0.10360609020317353,0.10624306181455222,0.15350858699125255,0.18259398024401988
Day 56,Day 56,True,0.04987380197205513,0.11877257794888103,0.5065009376622807,0.18455331677009232,0.14029936564669085
Day 56,Day 84,False,0.13866900039981486,0.1420711267619153,0.28957151840582285,0.3114961624432187,0.11819219198922824
Day 56,Day 56,True,0.06510098018618597,0.11413591053911455,0.585084645432813,0.12690781782394528,0.10877064601794115
Day 0,Mature,False,0.3183896748827725,0.21785744993366524,0.0728310841155002,0.06674632059832755,0.3241754704697345
Day 28,Day 84,False,0.06342093918668616,0.2706616810641714,0.02833662985585793,0.5744255967648781,0.06315515312840658
Day 0,Day 0,True,0.514936926463084,0.0778416336169017,0.05338904529134538,0.0337981120427599,0.320034282585909
Day 84,Day 0,False,0.5326656864784514,0.03721253981406602,0.09318760375081625,0.18010998216029922,0.1568241877963671
Day 28,Day 28,True,0.12174119484372092,0.38487916093153607,0.10299224910549663,0.23147381805159886,0.15891357706764744
Day 28,Day 28,True,0.274473220002781,0.48668474402103395,0.11921971458893171,0.05361100285414748,0.06601131853310571
Day 56,Day 56,True,0.1854971644688963,0.19109571100640507,0.34655013082060815,0.150608538253603,0.12624845545048735
Day 28,Day 28,True,0.18589818370994574,0.5104435468430027,0.09009853435769233,0.1397361347250193,0.07382360036433987
Day 84,Day 0,False,0.35069166651095757,0.12097045780062565,0.21299063028176773,0.1947123769445101,0.120634868462139
Day 28,Day 28,True,0.16327759333903424,0.5612012582793284,0.1493517984224531,0.06424215368774856,0.061927196271435794
Day 28,Day 28,True,0.049982833559014325,0.6034920900958731,0.12478688802977478,0.16777227480064225,0.05396591351469562
Mature,Mature,True,0.06706702750249065,0.09723046000489169,0.16345077972443384,0.05419581564952337,0.6180559171186606
Day 0,Day 0,True,0.38279516215714116,0.14074981961028307,0.22594821528282888,0.08192076241284772,0.16858604053689913
Day 56,Day 56,True,0.07881558786962492,0.046744456520425436,0.348491650989751,0.17988697371798673,0.3460613309022119
Mature,Mature,True,0.038938872742962774,0.27867351644268074,0.09812070997475678,0.08666708959444498,0.4975998112451547
Day 28,Day 28,True,0.09961443004890465,0.46228137617501835,0.09724914479327265,0.10001224555007635,0.24084280343272804
Day 84,Day 84,True,0.06378150174921624,0.11769337652325566,0.1968159971537643,0.4815529663703842,0.14015615820337968
Day 84,Day 84,True,0.20586424488589308,0.10457471590189185,0.1431095049529042,0.3531787856913997,0.19327274856791127
Mature,Mature,True,0.2154651487727646,0.09710774387148129,0.24284788492616544,0.14945096673556427,0.29512825569402446
Day 28,Day 28,True,0.1648357870319663,0.4811990248636778,0.21493911949607658,0.0779915270063872,0.06103454160189192
Day 56,Day 56,True,0.22395124551928633,0.08987540285006614,0.33853919633302426,0.114823468060013,0.23281068723761014
Day 28,Day 28,True,0.10517372416830222,0.47373958141805655,0.05549039119295121,0.13564317886869343,0.22995312435199658
Day 56,Day 28,False,0.09592746567603083,0.5234589099096469,0.2982674614551599,0.06076213511849692,0.021584027840665276
Day 56,Day 56,True,0.10108347402136499,0.07626803747549801,0.2849551357961126,0.26771711166030293,0.26997624104672147
Day 56,Day 56,True,0.18658435812872193,0.14290300731266967,0.40359727736880724,0.1699522022971503,0.09696315489265092
Day 84,Day 84,True,0.19281816239453922,0.15727142956058804,0.0840453047091566,0.44990516177409173,0.11595994156162438
Mature,Day 84,False,0.1299830157528594,0.061237288914435695,0.08355336158089426,0.36457961819123924,0.36064671556057143
Mature,Mature,True,0.05227274187667018,0.24014470195898652,0.06183657009444272,0.1949585641602909,0.4507874219096096
Day 56,Day 56,True,0.21707871939290105,0.1308081228383507,0.42210741314843186,0.17152526505322746,0.05848047956708902
Day 56,Day 0,False,0.3192552860864233,0.2080437916089694,0.3115709804335292,0.09094669723645116,0.07018324463462706
Mature,Mature,True,0.22877750428864282,0.23118520225851127,0.09435837897888606,0.07900451190821921,0.3666744025657407
Day 84,Day 56,False,0.18906038895963753,0.07181551303170639,0.29131164765063294,0.24338717257386733,0.2044252777841558
Day 56,Day 84,False,0.10803785215396192,0.09406304825595906,0.27110936412049685,0.39219936446981196,0.13459037099977034
Day 28,Day 28,True,0.04094248546073632,0.48401979702705616,0.1377049868406723,0.20944341172625905,0.12788931894527625
Day 84,Day 84,True,0.22048674425194414,0.10643060618542594,0.27773983644466005,0.3425817568911349,0.052761056226835065
Day 56,Day 56,True,0.1512953252257622,0.053108608153924056,0.5270020963004961,0.1296373931137061,0.13895657720611163
Day 84,Day 84,True,0.05758908294991184,0.0752379408344325,0.35957299293356326,0.4287623658600334,0.07883761742205901
Day 56,Day 28,False,0.17055874240614705,0.3196526649975962,0.2777181983480199,0.1324550751399708,0.09961531910826611
Mature,Mature,True,0.1540386633700318,0.08705845321904128,0.19808254761375102,0.13648503071428292,0.4243353050828929
Day 84,Day 84,True,0.21538856801116543,0.07667582342854055,0.07082293595940047,0.38468198273601556,0.252430689864878
Day 84,Day 84,True,0.13528341120177598,0.19379614908452378,0.12381073410445076,0.4222197981001799,0.1248899075090695
Day 84,Day 84,True,0.11851925016962069,0.046209503671227406,0.07956161456681324,0.5044451155925886,0.25126451599975
Day 56,Day 56,True,0.09106712475085839,0.0902407965412609,0.38367909596014005,0.34371430701419875,0.09129867573354197
Day 28,Day 28,True,0.08018082859659774,0.40556998315710285,0.12564626995666497,0.12435187393352769,0.26425104435610675
Day 28,Day 28,True,0.24662093164229013,0.4137586148345938,0.15947186274558206,0.13911505764767368,0.04103353312986039
Day 28,Day 28,True,0.06310901293758338,0.3247491407912377,0.07528415884099904,0.2134501530119188,0.32340753441826114
Day 84,Mature,False,0.07212345674999132,0.1821945530814668,0.11649300372307499,0.222788434923078,0.40640055152238896
Day 56,Day 56,True,0.15834909951897014,0.0870775195920518,0.5645300620703556,0.08465264174228658,0.10539067707633579
Day 28,Day 28,True,0.31226132215970437,0.3694893415084314,0.12461121877991348,0.05966006592526247,0.13397805162668827
Day 0,Day 0,True,0.5564865452517301,0.09591283712470136,0.12059963767732468,0.11493486174622428,0.11206611820001953
Day 28,Day 28,True,0.04542045711441529,0.4163550417410808,0.2559426803548547,0.16796889534538903,0.11431292544426026
Day 0,Day 0,True,0.46604327872623985,0.1524836157280526,0.08722475918582571,0.08396778638024026,0.21028055997964157
Day 84,Day 84,True,0.2604998560099396,0.08550657179705759,0.11813769014087648,0.4119634108941156,0.12389247115801079
Day 28,Day 28,True,0.25378839819570564,0.33130210299244195,0.039779612488046345,0.10191304325303092,0.2732168430707751
Mature,Mature,True,0.13213732139234216,0.10013782840078195,0.08005919520341825,0.1086487332594657,0.5790169217439919
Day 28,Day 28,True,0.08913141038251485,0.39097832324143356,0.21881285600646613,0.10688895651415119,0.1941884538554344
Day 0,Day 0,True,0.3540070419534789,0.13105540396346285,0.22083233454851575,0.15322351328081002,0.14088170625373256
Day 56,Day 56,True,0.19783613317974175,0.03371458558738621,0.39597296513411673,0.1551771480460107,0.2172991680527446
Day 28,Day 28,True,0.239738254136296,0.4021398259045307,0.13604378258582817,0.1463421493204904,0.07573598805285474
Mature,Mature,True,0.0795314917043805,0.053846596251485634,0.3236557295531281,0.1205637470204473,0.42240243547055845
Day 56,Day 56,True,0.2189730016963456,0.053485147847587976,0.30595160503486263,0.17538273329683593,0.24620751212436792
Day 84,Day 84,True,0.08363595500196827,0.11587982638851055,0.2550372212408519,0.49271024712081496,0.05273675024785439
Mature,Mature,True,0.09753440026461914,0.13209070042347654,0.23345129998603228,0.09488637784636479,0.4420372214795071
Day 0,Day 28,False,0.28112610923291326,0.5017971975544,0.040488731919491185,0.036057453943439975,0.14053050734975547
Day 84,Day 84,True,0.1934076070835971,0.2504314467574832,0.06694477403838499,0.3356181843023261,0.1535979878182087
Day 84,Day 84,True,0.3402560342685485,0.13707519830686993,0.07114891251026907,0.36786792470155194,0.08365193021276061
Day 28,Day 28,True,0.18405544650899247,0.47969483880860603,0.05598150388156379,0.08443140671659377,0.19583680408424398
Day 0,Day 0,True,0.6688198177074919,0.03637279423082642,0.05194856895585239,0.09946498046190333,0.14339383864392594
Day 28,Day 28,True,0.2030253212749293,0.3855525704470925,0.16725297898065125,0.11717107265924023,0.12699805663808664
Day 84,Day 0,False,0.258518204827048,0.20307688933835846,0.16952679261764614,0.25487457017395787,0.11400354304298972
Day 84,Day 84,True,0.06773452240183256,0.1464847644674425,0.06043538136511366,0.4005510463815943,0.32479428538401706
Day 28,Day 28,True,0.144259043744598,0.49607809288577603,0.08004415491334878,0.21547486199741414,0.06414384645886306
Day 56,Day 56,True,0.06038385221920051,0.24117557919025337,0.5199776235523572,0.0733716142407791,0.10509133079740984
Mature,Mature,True,0.11958240434640131,0.2654599101203206,0.04816757859995872,0.1818141274769591,0.3849759794563602
Day 0,Mature,False,0.2566331978839289,0.1760220821513448,0.025117737754812148,0.21358528659103446,0.3286416956188797
Day 28,Day 28,True,0.04710097398992139,0.5247915149050011,0.15051221956130797,0.1365645736506876,0.14103071789308183
Day 0,Day 0,True,0.48511638690931674,0.08358510444524628,0.224669621231009,0.034551540246945296,0.1720773471674826
Day 56,Day 56,True,0.10856591791753417,0.048769967442853654,0.4790290403368272,0.20500406498558893,0.15863100931719615
Day 84,Day 84,True,0.08201907436467053,0.23943531032022156,0.05366176700926291,0.31485494645383094,0.31002890185201404
Day 0,Day 0,True,0.4848107075754332,0.03598571153560615,0.06257450488485855,0.28424509841516055,0.13238397758894155
Mature,Mature,True,0.06417459519784159,0.17088720476816535,0.07692294772586547,0.16247446884333727,0.5255407834647903
Day 28,Day 28,True,0.10663844361981932,0.3143156656443047,0.2908544705026642,0.18799419578705784,0.10019722444615398
Mature,Day 0,False,0.34322289493349484,0.15611300202186026,0.07564045006944245,0.11500005637760448,0.31002359659759804
Day 56,Day 28,False,0.0998265720922637,0.32748038378352684,0.3087365416554481,0.07548042180475006,0.18847608066401136
Day 28,Day 28,True,0.14140323613424238,0.4169400826777965,0.1994800978422105,0.12964870775241527,0.11252787559333537
Day 0,Day 0,True,0.5066733520061558,0.1432595448537819,0.07304159013295533,0.1731714169888718,0.10385409601823534
Mature,Mature,True,0.2146756236594306,0.052433671396064765,0.25669663315233343,0.05205793092790034,0.42413614086427087
Day 0,Day 84,False,0.3122673486179037,0.042900239506447134,0.051533863480191754,0.40771185378027863,0.1855866946151788
Day 0,Day 0,True,0.4040661108210897,0.17531655089413825,0.1740265143725132,0.12278055697828365,0.12381026693397525
Day 0,Day 0,True,0.3976885390479597,0.17807929049748625,0.10626032914718132,0.16702002300472416,0.15095181830264862
Day 0,Day 0,True,0.36175063711776134,0.11576430218245647,0.23964129780056342,0.13708552047102301,0.14575824242819577
Mature,Mature,True,0.06920024500566568,0.27661549565744425,0.2780287542911532,0.05705549188851409,0.3191000131572228
Day 56,Day 56,True,0.03525382332393149,0.2154651593017844,0.3645988366801533,0.24058251532969682,0.14409966536443405
Day 84,Day 28,False,0.14942127684978063,0.3664189909080814,0.21260683960317522,0.22344491841647382,0.04810797422248881
Day 84,Day 84,True,0.3324863242682337,0.06352676207175646,0.12632437117635245,0.388589586518523,0.08907295596513437
Day 0,Day 0,True,0.47715412211662656,0.03643342757694109,0.25673241373025313,0.1454501786851607,0.08422985789101856
Day 56,Day 56,True,0.19752727757507496,0.10731905314432374,0.4641068173009243,0.0887582580078536,0.14228859397182342
Day 28,Day 28,True,0.12910895427310332,0.4789711858356472,0.1369596468469871,0.17949058917671082,0.07546962386755157
Mature,Mature,True,0.14508508488481994,0.2180641876085016,0.18670674096901252,0.14935407034993428,0.30078991618773165
Mature,Mature,True,0.1360609428223349,0.18071034821399443,0.08277868699639826,0.13804553719641555,0.4624044847708568
Mature,Day 84,False,0.0772605502385918,0.12369279347989869,0.20932220199172832,0.36171042079002735,0.2280140334997538
Day 28,Day 84,False,0.047609780946500126,0.2690132818400852,0.2853293519004719,0.3362833136402061,0.061764271672736855
Day 0,Day 0,True,0.35547857623800977,0.13982236841678683,0.05417669224560066,0.19770531106933517,0.2528170520302675
Day 56,Day 56,True,0.18470325584885358,0.1149412876138463,0.4740059521771886,0.14895321274745552,0.07739629161265602
Day 84,Day 84,True,0.06204879794847009,0.099101445599864,0.17999746864432184,0.4917740287581745,0.1670782590491696
Day 28,Day 28,True,0.11787189404072027,0.4377114559443159,0.11177183358106688,0.16519151993579947,0.1674532964980975
Day 84,Day 84,True,0.16478485349586733,0.2416551660270174,0.12442650936080596,0.344409743869849,0.12472372724646014
Day 0,Day 0,True,0.43990507459403094,0.20396340735916316,0.08486355245777491,0.09707140121030607,0.17419656437872502
Day 0,Day 84,False,0.3552199334641592,0.041259601840136155,0.15327773774018968,0.4015341273388603,0.048708599616654545
Mature,Mature,True,0.1665813876638371,0.13437337888801462,0.15999295534397748,0.10385667914081807,0.4351955989633527
Day 28,Day 28,True,0.1673003588456221,0.4692410390658415,0.12162929847161344,0.20983287496625466,0.0319964286506682
Mature,Day 84,False,0.23328693577918888,0.0670238154418914,0.05853916423418377,0.32121236389536734,0.31993772064936865
Day 0,Mature,False,0.22852220665752707,0.07946744462282918,0.1869448387264958,0.2298487198123288,0.27521679018081924
Day 28,Day 84,False,0.04394890853094404,0.35967542617880843,0.08460504568695244,0.377912314781818,0.133858304821477
Day 28,Day 28,True,0.0907860921662313,0.3474430909564118,0.2359852019465163,0.17554499937267,0.15024061555817056
Day 28,Day 0,False,0.35780340384118325,0.34811025145978136,0.2021879257816276,0.0509686823537344,0.040929736563673325
Day 0,Day 0,True,0.313678043950858,0.07698578862733638,0.23334012271715274,0.09474989766828201,0.28124614703637085
Day 0,Day 0,True,0.37803645315762635,0.05921784783907707,0.09757166109395424,0.224120134545244,0.2410539033640982
Day 84,Mature,False,0.04676523920474331,0.09118238136157991,0.2498238036933405,0.30130643981966354,0.31092213592067264
Day 0,Day 0,True,0.2890413889130161,0.23469149683818463,0.11995372267013563,0.2680178936220859,0.08829549795657762
Day 28,Day 28,True,0.15946848792575283,0.33034210162356253,0.18264849381915144,0.2380966911653989,0.0894442254661341
Day 0,Day 0,True,0.5331807919564947,0.05711943615265949,0.10532202424798232,0.12734213183342474,0.1770356158094387
Day 0,Day 0,True,0.4734379848722088,0.2666465400100465,0.10578295634033656,0.07313442708055547,0.08099809169685256
Day 28,Day 28,True,0.08172928688227137,0.3907978136755744,0.11561841216191102,0.22524044945021804,0.18661403783002511
Mature,Mature,True,0.2197339006608456,0.10063384084333553,0.028772442589154217,0.13576110054860088,0.5150987153580637
Day 28,Day 28,True,0.09582341203618494,0.43106275166953767,0.16930935052593232,0.24271327193859485,0.06109121382975017
Mature,Mature,True,0.07790829796552372,0.27953945944474246,0.20514709669573256,0.13542302314724555,0.30198212274675573
Day 56,Day 56,True,0.09426215099954584,0.1042865407351124,0.3258811123550641,0.2945581731011444,0.18101202280913328
Day 28,Day 28,True,0.14303453861016177,0.46901644658465286,0.21825582989715642,0.045428548999254414,0.12426463590877453
Day 0,Day 0,True,0.41470383765738716,0.0922199895254933,0.08379244811744245,0.15573360366702532,0.2535501210326518
Day 84,Day 84,True,0.27885888811252424,0.0679750192898032,0.18952630286078825,0.34772794168507654,0.11591184805180782
Day 56,Day 56,True,0.12081705976470397,0.2177253245724955,0.3330494265818424,0.16312520679099551,0.16528298228996255
Day 28,Day 84,False,0.26237735401653683,0.2536928665198408,0.11046638866603073,0.27151249765348956,0.10195089314410197
Mature,Day 28,False,0.030508585880855876,0.3799890527972455,0.059735145978673874,0.27528502234413216,0.25448219299909264
Day 84,Mature,False,0.17040060299910076,0.08664171480970313,0.15540837839603222,0.2587560743997835,0.3287932293953805
Day 84,Day 84,True,0.16138294719515764,0.15596644971171564,0.05352110513661112,0.33115969452490973,0.2979698034316059
Day 84,Mature,False,0.14111720569857591,0.18448335855377412,0.13808247699841777,0.23804598954377748,0.2982709692054547
Mature,Mature,True,0.09154501463140424,0.2856941745399704,0.12194254670440914,0.1222507851153919,0.37856747900882426
Day 28,Day 28,True,0.22000680716661836,0.43097759619722376,0.06404374963714785,0.13160715050841587,0.15336469649059417
Mature,Mature,True,0.10846240412992689,0.056634552517930335,0.1397702178628828,0.10304224726564273,0.5920905782236172
Day 28,Day 28,True,0.3319447612348412,0.34672311885798834,0.1717356346954435,0.08492227907727823,0.06467420613444874
Mature,Mature,True,0.24499198750159334,0.1060504328001887,0.2133159666684479,0.11306215494609048,0.3225794580836795
Day 28,Day 28,True,0.06277826246284737,0.3418816831491605,0.29900328761853695,0.17031872497227396,0.12601804179718126
Day 28,Day 28,True,0.21973232376203852,0.4171220378445042,0.052831534145532454,0.12785387843688956,0.18246022581103538
Mature,Mature,True,0.16893564141260628,0.2480572503732884,0.08461452910987706,0.16325630627023757,0.33513627283399056
Day 28,Day 84,False,0.06399564646865707,0.22685116450696377,0.199358270793903,0.36554177617547695,0.14425314205499914
Day 56,Day 56,True,0.14323768022383698,0.0996048656197136,0.2655203915183249,0.25992515530961463,0.2317119073285099
Day 56,Day 84,False,0.03878086764722791,0.24520764231881328,0.26530126312669305,0.340393259983364,0.11031696692390185
Day 28,Day 28,True,0.20044331447323993,0.3320149751449151,0.22019222780898962,0.08735454545177307,0.15999493712108212
Day 84,Day 84,True,0.17197200922553416,0.20793332780996202,0.24797400487411947,0.31595866386459937,0.05616199422578506
Day 0,Day 0,True,0.4281590512225162,0.16170957942020991,0.10019343293149421,0.20324401363057587,0.10669392279520387
Day 0,Day 0,True,0.4251614480587517,0.10171776134961374,0.3255601656888602,0.045623561308457114,0.10193706359431734
Day 0,Day 56,False,0.2042181456507605,0.13626508063609288,0.5088431643754707,0.03322314527649775,0.11745046406117819
Day 56,Day 56,True,0.08473870377459312,0.08124081503395321,0.4481269953465647,0.284826046185542,0.10106743965934695
Day 56,Day 56,True,0.2844769183278856,0.08583854656902346,0.346986697288543,0.13240247483734047,0.15029536297720764
Day 28,Day 0,False,0.40393825945799444,0.3009743269097162,0.12339340961916954,0.07897446360011934,0.09271954041300035
Mature,Mature,True,0.10466771064872826,0.18994445231292062,0.2204058661176999,0.10528435156497487,0.37969761935567636
Day 84,Day 84,True,0.2421031840312525,0.11823233130775118,0.13133694816144287,0.4245307877695645,0.08379674872998896
Day 56,Day 56,True,0.09932183276689872,0.14420671086697232,0.3961241133231743,0.2860723443881005,0.0742749986548541
Day 0,Day 0,True,0.4377078378342062,0.13721439582090372,0.2669473611355207,0.10007806088726974,0.05805234432209965
Day 28,Day 28,True,0.1213028124730001,0.3401094752716944,0.16243085591197323,0.31772733219089966,0.05842952415243273
Day 0,Day 0,True,0.3925876781054567,0.07154261627794653,0.2198349084744421,0.0815556834818931,0.2344791136602616
Day 0,Day 0,True,0.3548048458756078,0.08147924159680822,0.2765547751583282,0.13057800119734275,0.15658313617191305
Day 56,Day 56,True,0.1351617886333496,0.19757954908071224,0.38326630894792996,0.17013290564567407,0.11385944769233401
Day 0,Day 0,True,0.40341105657511767,0.16607113916562058,0.08686035514127934,0.19393583621003313,0.14972161290794925
Day 56,Day 56,True,0.1896730366059414,0.132670675676096,0.4264208516774984,0.025886526335891013,0.22534890970457327
Day 28,Day 28,True,0.16734752885157536,0.42292370125342993,0.1546533549770047,0.14921899508723396,0.10585641983075608
Day 84,Day 84,True,0.14027529895352475,0.1081039675838616,0.1517318860841844,0.4179995126861462,0.1818893346922831
Day 28,Day 28,True,0.07849597600433926,0.43553603885916764,0.1352331768739615,0.2791616560772039,0.0715731521853277
Day 0,Day 0,True,0.4230009521876245,0.2444903375336278,0.07073286270021491,0.07365958994636587,0.18811625763216683
Day 28,Day 28,True,0.22842729916614415,0.26281386104850013,0.15611322918307055,0.16544366425922308,0.18720194634306211
Mature,Mature,True,0.13150954200479129,0.13991994509901742,0.13795799158246919,0.05838582647827043,0.5322266948354517
Mature,Mature,True,0.2636331139253752,0.13274961829210818,0.10927206706854388,0.21129927026389397,0.2830459304500788
Day 84,Day 84,True,0.29124257572021867,0.22174574764910288,0.06681792951703845,0.3619587223980808,0.058235024715559275
Day 56,Day 56,True,0.2340552036289125,0.1980044750965226,0.29034548234064045,0.19113271174022312,0.08646212719370143
Day 84,Mature,False,0.1452467876923393,0.09080239105566018,0.13373206891378858,0.2911095297823198,0.3391092225558921
Day 84,Day 84,True,0.2430509808085201,0.17750091329232914,0.09658482061618343,0.2906987708890745,0.19216451439389276
Day 0,Day 0,True,0.39460241111055555,0.23810596596085087,0.18507680151979244,0.1344881088656885,0.04772671254311255
Mature,Mature,True,0.18697571301022534,0.13705674534841356,0.09278376547981128,0.2074969650826156,0.37568681107893415
Day 28,Day 28,True,0.06971607084976317,0.3913938738945892,0.19564914174897088,0.26783072611177455,0.07541018739490223
Day 28,Day 84,False,0.15988871102809565,0.2435585634200596,0.08091866042482324,0.37813707854025497,0.13749698658676662
Day 0,Day 0,True,0.324931721415089,0.2030091019709053,0.1774836256643906,0.17703826973052947,0.1175372812190855
Mature,Mature,True,0.05259271305449996,0.14940600645011934,0.2980163680076659,0.12755998043747052,0.37242493205024435
Day 0,Day 84,False,0.3134296771968795,0.12101985350220779,0.12954181646304835,0.3400468196523098,0.09596183318555462
Day 28,Day 28,True,0.18651473750148065,0.39667795034291153,0.12295297280512156,0.09330562605628209,0.200548713294204
Day 84,Day 84,True,0.1446571491388106,0.14579748625910016,0.1397786248749106,0.4343476636228239,0.13541907610435477
Day 0,Day 0,True,0.6286732184369549,0.059409533737884095,0.08051914088666379,0.13759537888496698,0.09380272805353033
Mature,Mature,True,0.2720160088593846,0.11265337973673753,0.06297798849998487,0.05509431060601023,0.4972583122978827
Day 84,Day 84,True,0.09767978858745714,0.15882673157363253,0.09675679359824726,0.3443553881121062,0.3023812981285568
Mature,Mature,True,0.14236400524815443,0.12810986617602282,0.0780366771930469,0.28458968362511194,0.366899767757664
Day 28,Day 28,True,0.08839443136848747,0.37588181272320864,0.18118236414255645,0.07925983046614475,0.2752815612996027
Day 0,Day 0,True,0.4688478915259354,0.20311865688840022,0.08582315710492407,0.14474219951652031,0.09746809496422013
Day 56,Day 56,True,0.1686963569598388,0.12670230928924237,0.3505225362573291,0.11664139113758186,0.23743740635600774
Mature,Mature,True,0.11902230530522918,0.17077616122651487,0.12091782429825013,0.18779362608381467,0.4014900830861913
Day 84,Day 84,True,0.07422411382236986,0.11921796022106136,0.329370257640599,0.33453110485236975,0.14265656346360003
Day 0,Day 0,True,0.3963456350882596,0.1810394488980919,0.046196398106698996,0.23785558306838198,0.13856293483856766
Day 56,Day 56,True,0.20645489243307225,0.04856546440586706,0.46622809248368535,0.150839241951729,0.12791230872564643
Day 0,Day 0,True,0.47974669922550134,0.015238944340412399,0.17600610974176364,0.1689093381843859,0.1600989085079368
Day 0,Day 0,True,0.36252100770686024,0.2868577410320641,0.16016286418750791,0.13052276325700285,0.059935623816565045
Mature,Mature,True,0.08299758067392381,0.12370683012220748,0.16669986658943095,0.1630992659410495,0.46349645667338835
Day 0,Day 0,True,0.47219454988841547,0.1325665532548895,0.04090197999667546,0.09985525800383915,0.25448165885618046
Day 84,Day 84,True,0.21126071842461153,0.14474984756879833,0.17776002673899907,0.3997173851203904,0.06651202214720064
Day 56,Mature,False,0.09184409570520549,0.10853237334967582,0.2239043259283138,0.11091036942011363,0.4648088355966914
Day 28,Day 0,False,0.42747608337075316,0.2373755374938905,0.09814582353996673,0.1852098241504983,0.051792731444891306
Day 0,Day 28,False,0.2608129623625835,0.33322241625786697,0.18878955256162194,0.041641767120916245,0.17553330169701123
Day 84,Day 84,True,0.2748742835403249,0.1467410815183909,0.16346712753752002,0.280703724503692,0.13421378290007221
Day 56,Day 56,True,0.09753119395828704,0.05816900428245582,0.49531736842042823,0.13951755789068598,0.2094648754481429
Day 28,Day 28,True,0.1317422980670372,0.44589650385366353,0.110338050612778,0.28135898119346986,0.03066416627305137
Day 56,Day 56,True,0.0923349938983871,0.15595768949174518,0.44497879697198905,0.18421482886286036,0.12251369077501843
Day 28,Day 28,True,0.10317737437409694,0.516317270671473,0.1397072360976206,0.07139109894656478,0.16940701991024448
Day 56,Day 56,True,0.2201866925497066,0.08157634366207522,0.31598377052201787,0.24574640630857483,0.13650678695762536
Day 84,Day 84,True,0.05494308852371298,0.2560643132269253,0.16625554450713448,0.4226480381410992,0.10008901560112814
Day 84,Mature,False,0.09784684440558727,0.11321623526422828,0.18031050836042126,0.21654315855386833,0.39208325341589484
Mature,Day 84,False,0.06786936461236147,0.2459152063809789,0.1486420497728495,0.2813019087677879,0.2562714704660222
Day 28,Day 84,False,0.1761884314068116,0.280671082983609,0.19842846657830304,0.2873313601294432,0.057380658901833075
Day 28,Day 28,True,0.1958826242520327,0.44474914915021563,0.05641836030459268,0.21824031633606752,0.08470954995709139
Day 28,Day 28,True,0.09881464080278488,0.44935199795032166,0.09155727970577332,0.12094223056953055,0.2393338509715896
Day 28,Day 28,True,0.0673437268801369,0.575691261766808,0.08477663725888132,0.09521257943683999,0.1769757946573339
Day 0,Day 56,False,0.30081857192088923,0.07771040922873068,0.37061956513703403,0.06153960627800329,0.18931184743534268
Day 28,Day 28,True,0.23678826905234834,0.41680879693368217,0.09035680634009623,0.12214418982459682,0.13390193784927637
Day 0,Day 0,True,0.48753453867267105,0.1707694126974356,0.17189725632547917,0.09449251243638795,0.07530627986802607
Day 56,Day 56,True,0.15019419728877978,0.03989917443214574,0.4763072562880507,0.24547656812823201,0.08812280386279182
Mature,Mature,True,0.14756858188584987,0.15328103224930564,0.18124142237503124,0.08235733750939425,0.43555162598041897
Day 28,Day 28,True,0.17283096365021644,0.30413805069985306,0.19453070925697957,0.05596716752703324,0.27253310886591786
Day 84,Day 84,True,0.21767124306309354,0.09007955389080091,0.08593365571956763,0.4895470683438765,0.11676847898266132
Mature,Mature,True,0.12019985549260542,0.09865699837179576,0.22246063257408116,0.045565047334311354,0.5131174662272062
Day 84,Day 84,True,0.05071284050534852,0.09711491348507931,0.1267682846041767,0.6033299827670613,0.12207397863833418
Day 0,Day 28,False,0.1479811241215205,0.3966391849896217,0.2380458470446383,0.10862859122778569,0.10870525261643371
Day 56,Day 56,True,0.07656890679167615,0.19380787695889867,0.47090504621056445,0.2203708355936006,0.038347334445260145
Day 56,Day 56,True,0.23043457809133397,0.1206260880519995,0.2967590311779909,0.06677911797176525,0.2854011847069104
Mature,Day 0,False,0.3400227877186577,0.06835756523682131,0.22640874464457,0.053770835573780505,0.3114400668261704
Day 56,Day 56,True,0.08986435433114781,0.10644276599636329,0.338373659245148,0.1327984940768346,0.33252072635050633
Day 56,Day 56,True,0.09486719716616293,0.07360227468567172,0.3760472319310509,0.14213450816786807,0.3133487880492463
Day 56,Day 56,True,0.06301409383028685,0.12453539160582984,0.394856736594561,0.30695385383582974,0.11063992413349262
Day 84,Day 56,False,0.19234340953246193,0.1608755062022692,0.3243872829299136,0.22348927717905923,0.09890452415629623
Day 28,Day 28,True,0.28829165506084325,0.4065090419409922,0.03520006000600602,0.17419426768054005,0.09580497531161855
Mature,Mature,True,0.11988878123799282,0.14225827082199727,0.07154928701042898,0.1354156505932284,0.5308880103363525
Day 28,Day 28,True,0.10715223077817516,0.39081480759587983,0.19853167609578645,0.0885050898738593,0.21499619565629918
Mature,Mature,True,0.2012729614146724,0.19853280460102332,0.14217023561543138,0.19191575976108383,0.266108238607789
Day 0,Day 0,True,0.48215432686847237,0.11081444354717623,0.20753987138982719,0.08201011830582941,0.11748123988869483
Day 0,Day 56,False,0.3036923234443045,0.05126133085552803,0.3444683911962572,0.1392400383608884,0.16133791614302176
Day 84,Day 84,True,0.07881024123714818,0.2597725067694224,0.062488242814506115,0.3435086315190853,0.2554203776598381
Day 84,Day 84,True,0.273619543378759,0.0665786405342062,0.10299799899477523,0.3803144790792062,0.1764893380130534
Day 28,Day 28,True,0.11741990157982984,0.451767403121662,0.058943330546005424,0.22524442585859206,0.14662493889391062
Mature,Day 84,False,0.09810725987564806,0.08395148006520886,0.13428215593570697,0.4373677178499706,0.24629138627346553
Day 84,Day 0,False,0.33531926038374654,0.24417320513550766,0.0651354129160905,0.3245071385251943,0.030864983039460874
Mature,Mature,True,0.10776966410802415,0.30371969050358205,0.05504346043095584,0.0966456964056916,0.4368214885517463
Day 56,Day 56,True,0.1769689831414668,0.17409518357367443,0.37091271499822553,0.17715844208520712,0.10086467620142621
Day 84,Day 28,False,0.17815139361014296,0.4025147061380057,0.09362608405287419,0.2542104874958811,0.07149732870309601
Mature,Day 0,False,0.41347073286794894,0.1914483574775766,0.03735929199979868,0.15492926684117617,0.20279235081349972
Day 56,Day 0,False,0.3651943987658599,0.05502387031948764,0.35574383152372663,0.05897374031577046,0.1650641590751552
Day 28,Day 28,True,0.17373594436823972,0.34431399717513633,0.14080717909189366,0.1205345118475771,0.22060836751715326
Day 56,Day 84,False,0.08180557716843348,0.05002867444228862,0.31249759458035997,0.36763819901474953,0.1880299547941684
Day 56,Day 56,True,0.18463289209617784,0.17814080545460087,0.4277864258705448,0.13782486619758264,0.07161501038109384
Day 56,Day 56,True,0.0638998218125696,0.17166668969605842,0.37213643167251936,0.2296622713583393,0.16263478546051335
Mature,Mature,True,0.07909138695036444,0.1470810950670661,0.06841599340325595,0.215312449738134,0.4900990748411795
Day 84,Day 84,True,0.09853880873882433,0.06195837632453517,0.26439740374014614,0.42424777374529726,0.1508576374511972
Day 84,Day 84,True,0.14871151557245244,0.06565765389660881,0.26946834204192005,0.45178391509699595,0.06437857339202277
Mature,Mature,True,0.10678732689915302,0.24983920590556122,0.03593488791724709,0.21486473758423294,0.39257384169380577
Day 28,Day 56,False,0.09320628211308148,0.3156618321317021,0.4468846121225921,0.06804782581202565,0.07619944782059858
Day 0,Day 0,True,0.3718706153389731,0.06499617484228995,0.23132646806677742,0.18588910531490185,0.14591763643705766
Day 28,Day 84,False,0.20461935864962527,0.23842356181537827,0.1653756119991612,0.24801139326958338,0.14357007426625196
Day 28,Day 28,True,0.249107745139412,0.32168300085822243,0.16642631826792248,0.06506517068595587,0.19771776504848723
Day 84,Day 84,True,0.14198286726699821,0.20505579067970905,0.11685323301577916,0.4087068453408855,0.12740126369662813
Mature,Day 0,False,0.25347196566729063,0.15345562915609107,0.18791945313664662,0.18109589870900825,0.2240570533309633
Day 28,Day 28,True,0.06046323629754931,0.3839914679076393,0.1028337883537837,0.15722111712288714,0.29549039031814056
Day 56,Day 56,True,0.13152349218602274,0.038184099318054124,0.42387023041981503,0.2885778063770361,0.11784437169907193
Mature,Day 0,False,0.25253528818792975,0.2460299773423479,0.1084257746303102,0.17630458484276582,0.21670437499664622
Day 0,Day 0,True,0.46555213299403303,0.24104361741134808,0.055721745538895896,0.051606858778514356,0.18607564527720857
Day 28,Day 28,True,0.23134879383108767,0.3408784908376108,0.28198470928003616,0.039091206904242566,0.10669679914702279
Mature,Mature,True,0.14444358004929045,0.03141110172921748,0.22795433488114863,0.18601296287680463,0.41017802046353874
Day 28,Day 28,True,0.2353329837581252,0.2657037826634688,0.13269026556063243,0.18653250688577458,0.179740461131999
Day 28,Day 28,True,0.19482165061139725,0.2894750682709026,0.13708661806721498,0.1242068588376387,0.2544098042128464
Day 56,Day 28,False,0.1705592947680629,0.29920115095924044,0.2911665298406672,0.11676226224804134,0.122310762183988
Day 0,Day 0,True,0.43567913670759373,0.1532544183903572,0.12897133757674686,0.16557744936296817,0.11651765796233392
Mature,Mature,True,0.07899780949565428,0.16365673919094925,0.05866527033356839,0.13651983609978674,0.5621603448800413
Day 84,Day 84,True,0.1317337237710104,0.1140067093033155,0.12329750767393972,0.4831579691165777,0.14780409013515666
Day 84,Day 84,True,0.11703102513437204,0.0908925323436938,0.22589091842082956,0.43120177820116734,0.13498374589993742
Day 28,Day 28,True,0.1398825368262162,0.32527985906137663,0.11157572346969517,0.2942477211854803,0.1290141594572316
Day 0,Day 0,True,0.34929392264856823,0.18079301236322431,0.12447739441826668,0.21005575392355405,0.1353799166463866
Day 0,Day 0,True,0.4370355034704791,0.21968346387407717,0.22698296006840607,0.0361108178028968,0.0801872547841408
Day 84,Day 56,False,0.13030409558404488,0.19347233860439483,0.34586440213653447,0.3074931589809982,0.022866004694027525
Day 28,Day 28,True,0.12168653011711525,0.5748095200634424,0.12947984923422975,0.10620695684305001,0.06781714374216251
Day 56,Day 56,True,0.3373074562046407,0.07120692442681192,0.44242099005708563,0.10787438683729236,0.04119024247416935
Mature,Mature,True,0.27148149869783705,0.09621748125156285,0.074729714546665,0.05428922726322484,0.5032820782407101
Day 0,Day 0,True,0.27630496213800493,0.2569872005908586,0.09900718137999552,0.13039707487154953,0.2373035810195915
Day 56,Day 56,True,0.12380228602273707,0.13697534243140974,0.4385256724617226,0.16355751504870625,0.13713918403542422
Day 0,Day 0,True,0.4908047507837795,0.09170912528522591,0.20791723311494767,0.1008102160805551,0.10875867473549186
Day 84,Day 84,True,0.06150008854929416,0.17565237505229792,0.23888477929248803,0.36279376428650356,0.16116899281941635
Day 84,Day 84,True,0.08002558262223916,0.21376333679899703,0.1340560235307755,0.5195093861686431,0.05264567087934533
Day 0,Day 0,True,0.31898925654894883,0.08715705153321034,0.06429751990733103,0.22810476602572127,0.30145140598478853
Day 0,Day 0,True,0.5140887448732102,0.1917651356037363,0.07393663274673704,0.07205719185257997,0.1481522949237365
Day 56,Day 56,True,0.12634052819160596,0.06882480861525092,0.3872748055393008,0.28579757112341597,0.13176228653042624
Day 84,Day 84,True,0.13904890962010702,0.09652043198787649,0.18763975282031545,0.46775061446072635,0.10904029111097477
Day 56,Day 28,False,0.04813601101348003,0.3408859955459962,0.1888000480071711,0.3188076108686062,0.10337033456474655
Day 28,Day 28,True,0.07854659346774104,0.34771464433459803,0.09788323125080355,0.23191509164784965,0.24394043929900763
Day 0,Day 0,True,0.3933759856193903,0.20928331619134383,0.13055337140555354,0.1558731351339072,0.11091419164980529
Mature,Mature,True,0.1077347075183981,0.15820271776678668,0.23220160704556872,0.19053971373345704,0.31132125393578947
Day 28,Day 28,True,0.22982631384665067,0.3855101359681611,0.21464456252434308,0.09693570916797822,0.07308327849286687
Mature,Mature,True,0.1762653159047856,0.08816386749691806,0.13507289727689029,0.16588664312526324,0.4346112761961429
Mature,Mature,True,0.09878663513010759,0.07881756412292837,0.1377256964586442,0.2083777452772727,0.47629235901104716
Mature,Mature,True,0.35363603551518175,0.02749167561157157,0.06906122699632598,0.18029589468855606,0.36951516718836463
Day 28,Day 56,False,0.06816033882765013,0.2657781937825892,0.2827757663713586,0.14333531511609826,0.23995038590230375
Day 28,Day 28,True,0.2154057398566005,0.3936403996257504,0.06665972265215038,0.11948386955130504,0.20481026831419366
Day 84,Day 84,True,0.1179251010337625,0.10842395591990521,0.0941077220240254,0.5215275875951809,0.1580156334271259
Mature,Mature,True,0.10641620767718267,0.272256416968097,0.0771192358524078,0.26179023463739926,0.28241790486491314
Day 28,Day 56,False,0.1420308920143522,0.29373340494453565,0.35915823580396117,0.12559846261845387,0.07947900461869711
Day 28,Day 28,True,0.04003796647514897,0.35181656914195675,0.056403854087531013,0.301505992573663,0.25023561772170033
Mature,Mature,True,0.14998842853330502,0.09131888238826508,0.32234768928941326,0.045629811821802674,0.39071518796721405
Day 84,Day 84,True,0.22142246522215475,0.11646693411292706,0.10279281476215475,0.40328710850217336,0.15603067740059
Day 28,Day 28,True,0.11460925502556656,0.35417783860583585,0.17069986095077644,0.2814900485091994,0.07902299690862166
Day 0,Day 0,True,0.545643003493214,0.13584071540085865,0.1119766631972441,0.07512864007220765,0.13141097783647557
Day 84,Day 84,True,0.27683466830768116,0.14597772817809448,0.08434683941974515,0.3693107345050405,0.12353002958943887
Day 84,Day 84,True,0.21309449367540545,0.19256202995180322,0.058168814561794506,0.44108692336602323,0.09508773844497355
Day 84,Day 84,True,0.2033340336899735,0.18898313778230538,0.0859912331203321,0.27858724007932817,0.24310435532806082
Day 0,Day 0,True,0.4072523897076923,0.1341023411791673,0.17469358572224458,0.1961509124274316,0.08780077096346431
Mature,Mature,True,0.17984548384148757,0.18373996135249732,0.061871850952634165,0.13361070466532998,0.4409319991880511
Day 56,Day 84,False,0.12905043052693396,0.16148922288594192,0.21096070356175456,0.39977623709564863,0.0987234059297208
Day 56,Day 56,True,0.15422399765767006,0.19840930316119618,0.4166410716325395,0.09360678312868277,0.1371188444199114
Day 28,Day 28,True,0.2957928098402972,0.3026411578124684,0.1607767504600049,0.11403661052041422,0.12675267136681545
Day 56,Mature,False,0.14710289756919906,0.15935585357451432,0.26736695889127027,0.060202033064233926,0.36597225690078244
Mature,Mature,True,0.13525978773095526,0.05626006357217625,0.07012854431049839,0.21066483451912674,0.5276867698672434
Day 0,Day 0,True,0.5129293819710253,0.1478296439125526,0.0951947507720521,0.10247364419556848,0.14157257914880156
Day 28,Day 28,True,0.04432090634263229,0.3765996473522022,0.17068051298104522,0.2510149198486717,0.15738401347544853
Day 56,Day 28,False,0.12961353901089528,0.3120291369490889,0.28013246766788885,0.11411347761525592,0.164111378756871
Mature,Mature,True,0.2385372347277218,0.15327962388090904,0.12920571290036365,0.038587286109596775,0.44039014238140867
Day 28,Day 28,True,0.13353591478891294,0.4278573559407212,0.055350042070751934,0.05276396673728358,0.3304927204623304
Day 84,Day 84,True,0.11051501458061053,0.18715618044567944,0.05336694077261822,0.3396434141344051,0.3093184500666868
Day 84,Mature,False,0.17482735899902543,0.1700070426476599,0.13506099912437036,0.23674452497939333,0.28336007424955106
Mature,Mature,True,0.12111618265428284,0.20668383154854897,0.224507935476369,0.12621438888292322,0.321477661437876
Day 56,Day 56,True,0.06447803443225354,0.0581879556790193,0.554668283503086,0.2108350415307953,0.111830684854846
Day 28,Day 28,True,0.19696386083443848,0.4632664229192314,0.039116595287390775,0.17290375938794875,0.12774936157099057
Day 0,Day 0,True,0.6236029097784892,0.02585162782605361,0.1469777433181477,0.04804838774027765,0.15551933133703177
Day 56,Mature,False,0.04987392746980468,0.08074972583626898,0.34522018919471736,0.14066162735611082,0.3834945301430981
Day 56,Day 56,True,0.21287694129303714,0.13458111568855993,0.3023829890908103,0.17874170647189744,0.1714172474556952
Day 28,Day 28,True,0.14974436800408047,0.2994763004210987,0.2797310121155131,0.13902866034681205,0.1320196591124957
Day 28,Day 0,False,0.2942284520848879,0.232003518318836,0.05321363146109336,0.1437682925580444,0.2767861055771384
Day 28,Day 28,True,0.08136240179693202,0.40747835983363256,0.058858433253998234,0.35297971256492355,0.09932109255051366
Day 84,Day 84,True,0.04693739653339353,0.148864443185855,0.07616768559366408,0.4883098403823709,0.23972063430471657
Day 28,Day 28,True,0.07062746383076621,0.5550632539962388,0.09501501092633713,0.11728386201017085,0.16201040923648707
Day 84,Day 84,True,0.1173251549142921,0.059298478468139564,0.252255639921058,0.5212723970701317,0.049848329626378626
Day 56,Day 56,True,0.09236625116880172,0.27105584802339844,0.3764826233453228,0.06600246833706473,0.19409280912541219
Day 56,Day 56,True,0.22084381769332784,0.2051535813568865,0.4046804543231332,0.05096557404562813,0.11835657258102436
Day 28,Day 28,True,0.09566608705519904,0.3443878660381167,0.3057276237255323,0.10421778850587653,0.1500006346752753
Day 28,Day 28,True,0.1590565737757955,0.36178386206901775,0.2659102311589208,0.10243297755000927,0.1108163554462567
Mature,Day 84,False,0.03311431840077835,0.0607517891869161,0.177007675362517,0.3834962735762238,0.3456299434735648
Day 84,Day 84,True,0.32272455455156246,0.08336320892567659,0.0913588304987915,0.38498444627401046,0.11756895974995901
Day 28,Day 28,True,0.19137286684253016,0.5286746212410333,0.08184611997520361,0.08600214981695928,0.11210424212427363
Day 56,Day 56,True,0.12236996917473364,0.17357344652144183,0.3099306453292208,0.18042549958938442,0.2137004393852192
Day 0,Day 0,True,0.5041837324380444,0.0537445692410899,0.20074950648849063,0.09088296562877886,0.1504392262035962
Day 28,Day 28,True,0.1251362720763993,0.38251473895971494,0.16481978924169963,0.23324788914222006,0.09428131057996589
Day 28,Day 28,True,0.13133560600528676,0.44857054591250956,0.12160175559123367,0.13595799243883763,0.16253410005213226
Day 28,Day 28,True,0.057149341586629585,0.5317645140521594,0.14522135327274438,0.13653661714409057,0.12932817394437607
Day 84,Day 84,True,0.21699640300917503,0.089649220956383,0.09858885111074213,0.40619361369238965,0.18857191123131026
Day 84,Day 84,True,0.03253083585210091,0.32706235626208874,0.08056732982417826,0.43854090955594405,0.12129856850568796
Day 0,Day 0,True,0.3978410178133951,0.05301165796898003,0.125231591085155,0.34054901206090027,0.08336672107156945
Day 84,Day 84,True,0.10970528119224984,0.19516475889432003,0.17289191745501406,0.332698813376172,0.18953922908224388
Day 84,Day 28,False,0.1556965854219228,0.39810039189424273,0.07675545143369432,0.29568439393153984,0.07376317731860026
Day 0,Day 0,True,0.4367865902152133,0.30684668273522103,0.11549712643280033,0.09541190874567035,0.04545769187109497
Day 28,Day 28,True,0.10010910451011032,0.536535173621944,0.25759499789968365,0.05593646582531234,0.04982425814294979
Day 56,Day 56,True,0.14752236056382884,0.06929850669018647,0.5723055928707087,0.06601305729458057,0.1448604825806954
Day 84,Day 84,True,0.13061737176509333,0.08563792137571967,0.27716710926336374,0.39251452103962303,0.11406307655620031
Day 28,Day 28,True,0.07726993040498774,0.47286218191165513,0.13152531515789487,0.19957841892310021,0.11876415360236198
Mature,Day 56,False,0.09057222824950242,0.1413901110446174,0.30178935149770425,0.19300440404444583,0.27324390516373015
Day 84,Day 0,False,0.3190298573823576,0.05407146660820961,0.20545304175902543,0.2021536502850942,0.21929198396531313
Day 56,Day 56,True,0.1301714483109128,0.15810060308729024,0.3791924937471619,0.11991281275832665,0.2126226420963085
Day 28,Day 28,True,0.22031237562283032,0.3506813876711831,0.07677075177995514,0.09668579159652169,0.25554969332950983
Day 84,Day 84,True,0.05166789010150119,0.11800935802371089,0.1315887609256192,0.4942197441249485,0.20451424682422012
Day 56,Day 56,True,0.05841859894885434,0.24040061245493852,0.3496604608531717,0.1233954910589187,0.22812483668411684
Day 56,Day 84,False,0.11517931697301712,0.18824187665156303,0.23328258276045397,0.31466402624059137,0.14863219737437453
Day 28,Mature,False,0.2397437688291661,0.2596262165421431,0.0483898438152024,0.1639439677412695,0.2882962030722189
Day 84,Day 84,True,0.09345604432229357,0.1340501494140491,0.2302635862968477,0.37031772178023253,0.1719124981865771
Day 56,Day 56,True,0.09412271616579838,0.08270280791957603,0.41249944389824716,0.05591213697087448,0.3547628950455039
Day 28,Day 28,True,0.16918024464343306,0.4653875831663279,0.14260489708456417,0.13496310289447266,0.08786417221120225
Day 0,Day 0,True,0.39337843928617644,0.037630465230437525,0.13658437081384736,0.3656883739787431,0.06671835069079558
Day 0,Day 56,False,0.22419888797767284,0.08749101641843543,0.4405374652577319,0.11404600657301511,0.13372662377314468
Day 0,Day 0,True,0.48589687985172947,0.16774014203614473,0.14089422598237925,0.12386996175396066,0.08159879037578584
Day 56,Day 56,True,0.17694330046479906,0.08359033577499442,0.3407860506449911,0.2781392841052049,0.12054102901001054
Mature,Day 56,False,0.2854425096966644,0.03619093261512986,0.3873006057890003,0.029087151564292854,0.26197880033491255
Mature,Mature,True,0.12139365438738675,0.08138723120408797,0.08360162100435575,0.10600448848008026,0.6076130049240892
Mature,Mature,True,0.06837144103728325,0.08183198732927861,0.1538225196213071,0.14590352046544885,0.5500705315466822
Day 0,Day 0,True,0.38792002219821614,0.24192148385944995,0.12853372445094272,0.14558292056516295,0.09604184892622822
Day 28,Day 28,True,0.11196971650918318,0.46047439874455415,0.05931911763630491,0.10090269527692257,0.2673340718330351
Day 28,Day 28,True,0.08639891624014988,0.6126456371678598,0.16051279558250336,0.08668426593957698,0.053758385069910125
Day 56,Day 56,True,0.23656525858303887,0.07919287956128591,0.4207351876894678,0.16936326517855702,0.09414340898765042
Day 28,Day 28,True,0.11764546348800284,0.3316332929515529,0.1229871394494659,0.20959382762172538,0.21814027648925294
Mature,Mature,True,0.12534101226573469,0.16196572865103023,0.09633785738975946,0.14217932204689482,0.4741760796465808
Day 0,Day 0,True,0.40314363158273614,0.0775210068762625,0.082054393323911,0.15564539061419813,0.28163557760289226
Day 56,Day 56,True,0.1834877093594012,0.10832019189742254,0.4671914685403984,0.18240163710036397,0.058598993102413996
Mature,Mature,True,0.034379301127331174,0.2565699454951754,0.12681842667108317,0.06603432755147257,0.5161979991549377
Mature,Mature,True,0.20632718001763345,0.11975301483645062,0.245808748475543,0.1190112863453299,0.309099770325043
Day 28,Day 28,True,0.11451174344145056,0.33257673316359615,0.1976650781220197,0.17427162357041312,0.18097482170252052
Day 84,Day 84,True,0.18567032777936981,0.24625906504809342,0.1303040229984085,0.3817708169212489,0.05599576725287939
Day 28,Day 28,True,0.056573337386954005,0.37775229872493804,0.23509298486960847,0.2293181724191126,0.10126320659938683
Day 84,Day 84,True,0.07048808857534516,0.24677865073949312,0.19426576103583,0.31632494429035285,0.17214255535897893
Day 28,Day 28,True,0.12680416603921052,0.46962044327947466,0.14244466829902966,0.11854945633726728,0.14258126604501778
Day 0,Day 0,True,0.5506729126795828,0.17318044010604539,0.08061558427131574,0.11474446597686877,0.0807865969661873
Day 56,Day 56,True,0.1647183255705153,0.08922294727296162,0.5457027927991308,0.1491385802888242,0.051217354068568054
Day 0,Day 84,False,0.21897425678320298,0.26976503026942805,0.07273663455689013,0.35453011843551807,0.08399395995496065
Mature,Mature,True,0.0722783447924966,0.1302086984426813,0.28271116569382876,0.06183940091387787,0.4529623901571154
Day 0,Day 0,True,0.39879777862648713,0.09661896921252476,0.18397831480560914,0.21980201174223568,0.10080292561314329
Day 28,Day 28,True,0.05530348993910041,0.5103856384407239,0.19255660418297857,0.09862328509169856,0.14313098234549848
Day 56,Day 56,True,0.19926101430686666,0.145149988397448,0.373754884919385,0.11312218896028417,0.1687119234160162
Day 56,Mature,False,0.10003168132421396,0.17251134770634796,0.21024340890246457,0.2478455834123464,0.2693679786546272
Day 0,Day 0,True,0.44040038156488953,0.062061085906635664,0.10374129996299541,0.30398315725559516,0.08981407530988438
Mature,Day 28,False,0.06486326663005977,0.35302759670182987,0.16691125970827003,0.10757586612930099,0.30762201083053936
Day 28,Day 28,True,0.1552900139136556,0.3290749703053515,0.0502628504140732,0.20777385571304272,0.25759830965387703
Day 84,Day 84,True,0.14911858381024554,0.22210942527086303,0.10238314009396607,0.37091040580164664,0.15547844502327876
Day 84,Day 84,True,0.2535452532421275,0.05546644983256117,0.1905358742474046,0.2618993005812865,0.23855312209662038
Day 56,Day 56,True,0.1404809703335385,0.0681663428615843,0.43320620457821324,0.20228057741446973,0.15586590481219412
Day 56,Day 56,True,0.17078299982113734,0.0853109235248549,0.44222175685635695,0.07721873424748579,0.22446558555016485
Day 56,Day 56,True,0.08084754295373732,0.33981345130892376,0.36118658352887667,0.09145697947824648,0.1266954427302156
Day 84,Day 28,False,0.08240347680333476,0.302967342987133,0.2524520214968596,0.22779895592818464,0.13437820278448814
Day 84,Day 84,True,0.06178190441714064,0.15501450648763748,0.12946701144788622,0.3394342596232024,0.3143023180241333
Day 84,Day 84,True,0.26053023148357685,0.11371353974788194,0.08999072997267307,0.33900729098959287,0.19675820780627537
Day 28,Day 28,True,0.12932210449599008,0.40869522252832946,0.16578570335832485,0.16066111975785186,0.13553584985950373
Day 28,Day 28,True,0.14731913602776606,0.3198874827793554,0.22495217627455896,0.23437378669475079,0.07346741822356874
Day 56,Day 56,True,0.3079437885322739,0.07776718962219065,0.31603643016046684,0.08956734626400698,0.20868524542106168
Day 28,Day 28,True,0.1704709205457114,0.5085515553975443,0.05639237020229744,0.10660105998888139,0.15798409386556542
Day 0,Day 0,True,0.3307459715875982,0.1291083180244449,0.26521213215129597,0.13844652581015837,0.13648705242650253
Day 0,Day 0,True,0.39534159774374467,0.08430977335004448,0.34343472497240046,0.07017805313685407,0.10673585079695638
Day 28,Day 28,True,0.016829746119058273,0.4039336752568664,0.08228279084904498,0.12259220495895573,0.3743615828160746
Day 56,Day 28,False,0.10114910197259255,0.39605253211470687,0.3031576108059329,0.12548410625453754,0.07415664885222997
Day 56,Day 56,True,0.13226611825206566,0.07157254077863985,0.5904171976666277,0.05735979282045102,0.14838435048221574
Day 28,Day 84,False,0.12043612282132775,0.33038461083192777,0.08658046344744426,0.34137161526004794,0.12122718763925226
Day 28,Day 28,True,0.15180384706654748,0.2926466792795854,0.22957570789905205,0.08266550876263687,0.24330825699217826
Mature,Mature,True,0.06612879147552674,0.08774452261744045,0.12403415205924101,0.341901970259851,0.3801905635879408
Day 56,Day 0,False,0.3358841949246601,0.21772446972772128,0.2911486458350145,0.12127767960439356,0.03396500990821076
Day 28,Day 28,True,0.10590748230385261,0.3308801590135387,0.14106391971756663,0.1652683410376905,0.2568800979273515
Day 56,Day 56,True,0.1423088437581735,0.10946357270732184,0.4131346341089159,0.184351983422794,0.15074096600279488
Day 0,Day 0,True,0.5585868943254289,0.0823250539212211,0.14751162221166145,0.13750988314947296,0.07406654639221567
Day 28,Day 28,True,0.2177610948407588,0.3519604203485433,0.12468379344134564,0.10202041435723085,0.20357427701212144
Day 0,Day 0,True,0.4010051810747266,0.06718371976353842,0.2671358409563364,0.22276458673660232,0.04191067146879634
Day 0,Day 28,False,0.24512197099234084,0.3356841481970634,0.17939326297183725,0.06639770151927529,0.17340291631948326
Day 84,Day 84,True,0.1910441234640735,0.09665233953710314,0.1343818338701656,0.49868347423804643,0.07923822889061133
Day 56,Day 56,True,0.3059964253993181,0.07549758403078767,0.4564856852987732,0.07591144336846768,0.08610886190265335
Day 84,Mature,False,0.06844049177387938,0.1661947981488373,0.06575333874621146,0.2872351761656701,0.4123761951654018
Day 56,Day 28,False,0.07510882560234669,0.410427772048465,0.36288220852624736,0.09468195765987236,0.05689923616306856
Day 84,Day 84,True,0.11020269550883463,0.06825418040590005,0.23141795636830104,0.37497686368677485,0.21514830403018945
Mature,Day 84,False,0.13221638680811362,0.05554354994044735,0.20026925846620508,0.3257225358348722,0.2862482689503618
Day 56,Day 56,True,0.09613725131066911,0.04830947621516904,0.4199716917186506,0.10926320849965566,0.3263183722558555
Day 84,Day 84,True,0.22263513110559452,0.149836267523223,0.10275211500338807,0.38811707022222086,0.13665941614557348
Day 84,Day 84,True,0.06831761954937418,0.21342111626798257,0.08204405891274953,0.34648590691996667,0.289731298349927
Day 0,Day 0,True,0.27714716064907485,0.18636494904836945,0.16201772766919836,0.10841714592759966,0.26605301670575776
Day 28,Day 28,True,0.17913353434948437,0.327221128176945,0.14371361608743424,0.2246014453364752,0.12533027604966113
Day 0,Day 0,True,0.3391758224711697,0.03776869840586029,0.24201763118310524,0.2634176096378479,0.11762023830201697
Mature,Mature,True,0.06796332806828008,0.2617584454173963,0.1269552103634069,0.13578385235432683,0.40753916379659
Day 28,Day 28,True,0.16015405200016006,0.46502206787061523,0.07497653269127283,0.14198880464824473,0.15785854278970726
Day 56,Day 84,False,0.0982356691677392,0.07075583323941849,0.2867995525701054,0.4165925468598664,0.12761639816287063
Mature,Day 0,False,0.2791340605633647,0.12886462099221166,0.18158516416723133,0.13984353441429823,0.2705726198628941
Day 56,Day 56,True,0.03970722509581082,0.17866104159946286,0.5215090116783713,0.12063751733224752,0.1394852042941073
Mature,Mature,True,0.24582014796188417,0.0960703363401092,0.16450069935747685,0.1478510514123045,0.34575776492822524
Day 0,Day 0,True,0.45325724169793774,0.32540905068037385,0.11991984768116075,0.03329491326134997,0.06811894667917766
Day 56,Day 0,False,0.5143488962331322,0.040388900855409096,0.24980854514855425,0.10672137318883922,0.08873228457406529
Day 56,Day 56,True,0.09519122347773207,0.19537532621816558,0.4201817237843533,0.12224111749011178,0.16701060902963724
Day 84,Day 84,True,0.15268127252814853,0.22940560467457285,0.1090796274590966,0.4307921347824707,0.07804136055571131
Day 28,Day 28,True,0.1804452909819142,0.421435571728543,0.14625397550963584,0.1106437667177075,0.14122139506219944
Mature,Mature,True,0.10858330536512961,0.1767153881003594,0.20467309132617517,0.16542662234418565,0.34460159286415026
Day 56,Day 0,False,0.4685295601600348,0.028036250334505252,0.17777800861080545,0.1542170294788761,0.17143915141577828
Day 84,Day 84,True,0.19655107360498822,0.2754235389046175,0.10389570034761979,0.29279993500676194,0.13132975213601258
Day 84,Day 84,True,0.09798463785561122,0.11636271416706241,0.2572337520881901,0.4479582983297099,0.08046059755942643
Day 56,Day 84,False,0.14803389870500994,0.06493897088336933,0.32051654542906727,0.35267512000455364,0.1138354649779997
Day 56,Day 56,True,0.07511751956470067,0.30987090264262945,0.3738608911710982,0.09035725939150434,0.15079342723006744
Day 28,Day 84,False,0.1004555700224549,0.31646912076701356,0.07977361036830369,0.35250130819607567,0.15080039064615222
Day 0,Day 0,True,0.44338823684873396,0.12749654985187417,0.08633404228106835,0.22359719009300466,0.1191839809253189
Day 0,Day 0,True,0.474471886307537,0.07204400101146649,0.06164170676679099,0.21872438410162748,0.17311802181257813
Day 28,Day 28,True,0.19743972774221094,0.34884654796470177,0.26006102347498106,0.06895934836419573,0.12469335245391057
Day 0,Day 0,True,0.3444175642076323,0.10874595970955994,0.0749145299721387,0.2219472445993176,0.24997470151135145
Day 28,Day 28,True,0.10137543470445659,0.4271926770919854,0.1211609378969609,0.08552040119783506,0.26475054910876206
Day 28,Day 28,True,0.18799459690072456,0.3697591157196787,0.07859727711270695,0.21021279102943635,0.1534362192374534
Day 0,Mature,False,0.3246869373796552,0.06060772482555242,0.07741548085488507,0.12513999509241178,0.41214986184749547
Day 0,Day 0,True,0.3938242004383657,0.27553985257570385,0.12436096325695635,0.11301352411154587,0.09326145961742839
Day 56,Day 56,True,0.16180489801656925,0.09602062520019243,0.4609633423444296,0.1850935398846878,0.09611759455412083
Day 56,Day 56,True,0.09778686637222693,0.2363038920418748,0.45177362350791195,0.09459764450124018,0.11953797357674607
Mature,Mature,True,0.1912492356167144,0.08886638167915822,0.04768428682688559,0.17874667515114492,0.49345342072609677
Day 28,Day 0,False,0.2900262627296148,0.2886773387336361,0.18080613323288283,0.10918054720061576,0.13130971810325054
Day 0,Day 0,True,0.3671011635816585,0.17374621486131145,0.32329337930120877,0.05171673406055509,0.08414250819526638
Day 56,Day 56,True,0.08605580943790554,0.11121635631940328,0.40723293178510467,0.17417691754326706,0.22131798491431937
Mature,Mature,True,0.12323712840977766,0.1526459572342638,0.08993828790435934,0.2802712978938672,0.353907328557732
Day 0,Day 0,True,0.5414283045234752,0.16745233705379775,0.10447849336255507,0.12187237381323271,0.06476849124693922
Mature,Mature,True,0.2724419055225353,0.10107951061568021,0.15912577564214928,0.0851672870213421,0.382185521198293
Day 56,Day 56,True,0.14988413078704987,0.05448216626012034,0.37641784485792795,0.3616935833183774,0.057522274776524475
Mature,Day 56,False,0.09382601917255164,0.15505649487288053,0.28819843840142223,0.22160694463931593,0.24131210291382954
Day 84,Day 56,False,0.14165743908602532,0.14351101358811905,0.3352104426532288,0.3207313711858399,0.05888973348678674
Day 56,Day 56,True,0.26024360867344415,0.11428267070522416,0.28135661418071917,0.2329200421947528,0.11119706424585972
Day 28,Day 84,False,0.12422680318196835,0.29102239655263185,0.09579219090219927,0.30501656771933083,0.18394204164386974
Day 84,Day 84,True,0.08801601867889203,0.15845443575961696,0.15996067307238035,0.4628832880150395,0.1306855844740711
Day 28,Day 28,True,0.09901027993888582,0.42024806721524866,0.16353415535685345,0.16579695453179444,0.15141054295721773
Day 56,Day 56,True,0.18302734165224757,0.05982483143763401,0.43887232754003525,0.23128741894353244,0.0869880804265508
Day 28,Day 28,True,0.18580576198288637,0.4226797787127919,0.10461160666518678,0.10684197464217822,0.1800608779969567
Mature,Day 56,False,0.0552760474693772,0.16379688213560528,0.38835600012257276,0.06327363860088249,0.3292974316715623
Day 84,Day 84,True,0.10361227802188565,0.13903600912913203,0.19691123998336477,0.3276672959516061,0.23277317691401145
Mature,Mature,True,0.14030047952526173,0.08633939239792716,0.26646050507996244,0.03368267122383812,0.4732169517730105
Day 56,Day 56,True,0.10746092540510294,0.17145794717383636,0.477220891862183,0.16770009765658347,0.07616013790229416
Day 84,Day 84,True,0.16180445775242236,0.08131786716285123,0.13808973797042748,0.42574140495389295,0.1930465321604061
Day 0,Day 0,True,0.4704467892000388,0.11791723529948804,0.24768161758877574,0.12084762115947745,0.043106736752219994
Day 0,Day 0,True,0.3754599503695524,0.13303310759426334,0.17832774755275133,0.22421468533574054,0.08896450914769251
Day 28,Day 56,False,0.10543238283713112,0.18889531510298763,0.41372952418246633,0.11897837435406228,0.1729644035233527
Day 0,Day 0,True,0.38364148265477316,0.130896602572139,0.3137824290445245,0.07805158872017513,0.09362789700838825
Day 56,Day 28,False,0.09648474521265556,0.44464201555830835,0.21690231251810865,0.17750631688676405,0.06446460982416329
Day 0,Day 28,False,0.17894397489125768,0.3433468554379935,0.16715341115743468,0.04545206742275791,0.2651036910905561
Mature,Mature,True,0.02487352381895219,0.29074854954103807,0.13712286451323105,0.1381698227843317,0.40908523934244695
Mature,Day 84,False,0.05342353988425791,0.09911848943100765,0.07822149206171937,0.4214166551681926,0.34781982345482243
Mature,Mature,True,0.07525685893720939,0.1254492047998387,0.04987279522189971,0.17403193336876144,0.5753892076722907
Mature,Day 0,False,0.4361303692283873,0.04278545292990503,0.037503520872675424,0.12941497965666657,0.3541656773123656
Day 56,Day 56,True,0.2874610515036869,0.15097294349614396,0.3969440167679226,0.05152483410555635,0.11309715412669014
Day 28,Day 28,True,0.2666486327539616,0.3799186534894796,0.04552456581231245,0.06100642684995796,0.24690172109428818
Mature,Mature,True,0.13789586331248704,0.16313499496278952,0.23958427829431872,0.07308454576069517,0.38630031766970957
Day 0,Day 0,True,0.5413303973507795,0.07142972554579412,0.09158858246469093,0.10312930852122584,0.19252198611750954
Day 0,Day 0,True,0.386750425976111,0.13939295178072877,0.17239679857656065,0.19724523623407705,0.10421458743252267
Day 56,Day 56,True,0.03661891577256231,0.18362609217792733,0.3704268829038393,0.18346153023791772,0.22586657890775336
Day 28,Day 28,True,0.16119741700672374,0.4869182514286433,0.1424053464025676,0.06629505149707997,0.14318393366498539
Day 28,Day 28,True,0.23540772984021924,0.3435880831058334,0.13283066887445324,0.1264894777125239,0.16168404046697019
Day 0,Day 0,True,0.39114782845031226,0.07648125950183712,0.1881014300169467,0.091817001545505,0.252452480485399
Mature,Mature,True,0.2894508958057568,0.06626426528652649,0.047767263821842966,0.09050445072704318,0.5060131243588306
Mature,Mature,True,0.1959938933183025,0.1557012565652917,0.09066171987040743,0.13462728286375875,0.42301584738223963
Day 56,Day 56,True,0.0855015855198603,0.16919857276691255,0.532148706744304,0.09288679103877909,0.12026434393014405
Day 28,Mature,False,0.2774711585944608,0.264851690922493,0.017962380987017173,0.10165428246477282,0.3380604870312562
Day 84,Day 28,False,0.05256181035387445,0.30504260634837355,0.2765163840829079,0.29268644350691725,0.07319275570792669
Mature,Mature,True,0.19970289092233806,0.27014855884401834,0.17793057393193853,0.028733567725996535,0.3234844085757085
Day 56,Day 56,True,0.15765381135112172,0.21419260819187386,0.29426093591495445,0.2543430674810823,0.07954957706096756
Day 28,Day 28,True,0.1824347898669529,0.3173881212295311,0.11985077497091504,0.0989993129384487,0.2813270009941523
Day 28,Day 28,True,0.16082767063586412,0.38261471053002355,0.19754757893943004,0.12397489670049314,0.1350351431941892
Day 28,Day 28,True,0.11091670470098178,0.5774530836339131,0.12630501109853381,0.048513128529858604,0.13681207203671275
Mature,Mature,True,0.21288726942003647,0.1971508554542117,0.08117040170246807,0.24208461533027123,0.2667068580930125
Day 0,Day 0,True,0.36650849941470715,0.05781621435794784,0.10466388846336361,0.2058208839357872,0.26519051382819425
Day 84,Day 84,True,0.27708477141562055,0.0876787716399161,0.17414361362759562,0.43616266109210294,0.02493018222476466
Day 0,Day 0,True,0.4295808253398045,0.16838282325862255,0.1205541997047704,0.21977747100830594,0.061704680688496535
Mature,Mature,True,0.15286504278967464,0.08972962248186116,0.2702677078429644,0.0753240780920479,0.41181354879345194
Day 28,Day 56,False,0.17447414978207526,0.26418015019469,0.2950499571928041,0.09042381003542535,0.17587193279500532
Mature,Day 28,False,0.18111307325672044,0.34795667757928916,0.07492606388735547,0.08329633835414067,0.3127078469224944
Day 28,Day 56,False,0.035790933269498594,0.2484398399711945,0.5306885762892214,0.06705352801754483,0.11802712245254074
Day 0,Day 0,True,0.2931127433459069,0.2651779050883131,0.24103365548020025,0.12636727913573922,0.07430841694984062
Day 56,Day 56,True,0.13371239403222138,0.2727701343488481,0.4366054297479831,0.0743024798015486,0.0826095620693988
Mature,Mature,True,0.0552322594925696,0.17724507827530453,0.07158397329801912,0.16583290962888603,0.5301057793052206
Day 84,Day 84,True,0.20610135001802157,0.09885997030669336,0.09215163759769818,0.45262051653946495,0.15026652553812195
Day 84,Day 84,True,0.14881339205914484,0.16026538454947836,0.10537592336808062,0.39885596799353856,0.18668933202975768
Day 84,Day 84,True,0.16828401053217087,0.31353346336311466,0.1159847711798941,0.3490783763060278,0.05311937861879258
Day 84,Day 84,True,0.160010690825899,0.19813298263710719,0.09220858002972232,0.37096871307102613,0.17867903343624533
Day 56,Day 56,True,0.18457465247457536,0.10883396789167395,0.5090292155252665,0.16828147292516477,0.02928069118331942
Day 84,Day 56,False,0.21387841805853935,0.034224509912417225,0.47765616798489974,0.19956289006728986,0.07467801397685378
Day 56,Day 56,True,0.10238435708569084,0.21115855953557414,0.3510636226970124,0.1708971182995088,0.16449634238221386
Day 84,Day 84,True,0.16633317291397962,0.09032108991788072,0.04365351336841158,0.4578975323797824,0.2417946914199457
Mature,Mature,True,0.03823260000421442,0.21813894719541638,0.2701826859810344,0.1933708372396109,0.28007492957972385
Mature,Day 56,False,0.05620524010969289,0.10936976005927003,0.44873652579503287,0.13046421626388233,0.2552242577721217
Day 56,Day 56,True,0.14299815242774713,0.20710394693299936,0.32694496292429226,0.2539539198331133,0.06899901788184816
Day 84,Day 84,True,0.20841733520621,0.17888809635440062,0.1660474718400526,0.3515194599636153,0.09512763663572152
Day 28,Day 28,True,0.14161755329460002,0.46742722095814093,0.11705137705699252,0.04791615849250985,0.22598769019775672
Day 84,Day 84,True,0.10936837089040595,0.2486909583192399,0.15968906791683482,0.42059648771881153,0.061655115154707736
Day 28,Day 28,True,0.13046008503699033,0.47637232641731075,0.17830096419142033,0.10592014544418267,0.10894647891009594
Day 28,Day 28,True,0.09901995764804232,0.44582050972542747,0.08342321950937726,0.22313755063682603,0.1485987624803269
Day 28,Day 28,True,0.07495138265055125,0.6503875477642282,0.09329635133187815,0.09910604183974636,0.0822586764135961
Mature,Mature,True,0.11926194161612032,0.07843281044463003,0.15896164182338754,0.2005791248893356,0.4427644812265264
Day 28,Day 28,True,0.25949571529595467,0.42656927904384717,0.16905155335355762,0.08779458554991487,0.057088866756725566
Day 56,Day 56,True,0.22168543279250758,0.1847764778317135,0.22789168029635687,0.19552354230357458,0.17012286677584745
Mature,Day 84,False,0.1291398498224114,0.056092712840565176,0.14043394541140228,0.37302334711283747,0.3013101448127836
Day 56,Day 56,True,0.0920158275489867,0.03780989794714694,0.5282813393464522,0.2294155382784478,0.11247739687896632
Day 0,Day 0,True,0.47761980279115096,0.08343312984110715,0.209386995403884,0.10568919449637532,0.12387087746748267
Day 84,Day 0,False,0.41326047340635624,0.13059819159204358,0.21879419257579819,0.2133711317106809,0.023976010715121076
Day 28,Day 28,True,0.11967042494396574,0.5711257884764691,0.10624088169084865,0.08636651816424219,0.11659638672447432
Day 56,Day 56,True,0.18446309374580133,0.1823443696316521,0.32612111822905615,0.1756941253948508,0.13137729299863965
Day 28,Day 84,False,0.046045725846365744,0.20325857634474068,0.10240247703060071,0.3986609222227101,0.24963229855558278
Day 84,Mature,False,0.2132366641656178,0.0755333118211182,0.11285573686549515,0.2900091201040718,0.30836516704369704
Day 56,Day 0,False,0.46254324398210167,0.051831498146758886,0.23556858143916343,0.09556522179044466,0.15449145464153125
Day 56,Day 56,True,0.059050524717955674,0.23972024824468713,0.32397892021248126,0.10266444689070464,0.2745858599341713
Day 84,Day 84,True,0.10786302783120877,0.04152736918266583,0.1827156156040818,0.3820382075391128,0.2858557798429308
Day 28,Day 84,False,0.07017064219253795,0.3139828992737447,0.19423114422990193,0.33588884324951324,0.08572647105430228
Day 28,Day 28,True,0.08205414591843169,0.3516677874688537,0.2897268934390332,0.18078339146606012,0.09576778170762125
Mature,Mature,True,0.2148273218842538,0.08678689310085479,0.09494760584827192,0.17319836372379369,0.4302398154428258
Day 0,Day 0,True,0.41989268220882714,0.19006097066627556,0.13399943939394715,0.11762510693597654,0.1384218007949735
Day 28,Day 28,True,0.06286736506804379,0.4251350366723581,0.32858258153490477,0.10400269996751485,0.07941231675717858
Day 56,Day 84,False,0.046201724693069,0.030640051455105122,0.27993605378221764,0.5599038599819388,0.08331831008766945
Day 0,Day 0,True,0.4637210520743096,0.06622025448452089,0.1296496891220172,0.12929372359929733,0.21111528071985514
Day 84,Day 84,True,0.10136530215725773,0.19958927634431398,0.08140810750718054,0.41704997081468814,0.20058734317655963
Day 56,Day 28,False,0.2533360569559974,0.33413692747120344,0.27266115629066784,0.05594006204687628,0.08392579723525516
Day 0,Day 0,True,0.3938480730869438,0.22201504494561966,0.23170201156285633,0.10506041133094979,0.04737445907363043
Mature,Day 84,False,0.08327481061969462,0.09035519998267448,0.1886411868786045,0.34940466527367137,0.2883241372453549
Day 56,Mature,False,0.2218193178225174,0.06592994342966697,0.28006537398976245,0.12779673142134582,0.30438863333670746
Mature,Mature,True,0.069580114615294,0.07651220529828472,0.10169980813112076,0.33884592511122,0.41336194684408045
Day 28,Mature,False,0.13960604914411354,0.2515779978290926,0.14101836097241943,0.06655557495982205,0.4012420170945524
Day 28,Day 28,True,0.21850881186643537,0.3324106793447117,0.07360106595836695,0.2046917731289792,0.1707876697015068
Day 84,Day 84,True,0.11373945245343578,0.27417519184549677,0.1936581223734358,0.32373442467986313,0.09469280864776856
Day 56,Day 0,False,0.33949834952448976,0.19104321350839393,0.2938071727995678,0.03259187533126851,0.14305938883628008
Day 28,Day 28,True,0.16790089280208034,0.4170009530314198,0.1751283312357512,0.1737730056736876,0.06619681725706102
Day 28,Day 28,True,0.06900347250284136,0.32582435422703776,0.19320135263296956,0.11347193402111198,0.2984988866160393
Day 84,Day 84,True,0.13540546770067416,0.1685716282570793,0.08711836076464613,0.40202785046993134,0.20687669280766896
Day 56,Day 56,True,0.16430530994135747,0.1236169726620679,0.38710164288024834,0.1406280936292866,0.18434798088703974
Day 56,Day 56,True,0.1446353688309646,0.08738656602589348,0.44290205390408344,0.17535578818842731,0.14972022305063115
Day 28,Day 28,True,0.08718223319753882,0.5789107562840055,0.08651971521086688,0.12257100566030503,0.12481628964728383
Day 0,Day 0,True,0.44068998169414064,0.055119259901868924,0.11819866363007764,0.13987255285505737,0.24611954191885546
Mature,Mature,True,0.08588286573881444,0.20202977241403247,0.08640518655278995,0.21229745425928648,0.4133847210350766
Day 0,Day 0,True,0.3609367926690972,0.3532758308614747,0.07982942879374794,0.10085331446181665,0.10510463321386353
Day 0,Day 0,True,0.3535914553874438,0.0678428685195562,0.29065233615932246,0.08389514721707579,0.20401819271660177
Day 0,Day 0,True,0.4846746988385692,0.06415939450344368,0.11885149582409257,0.2034168750802187,0.12889753575367588
Day 84,Day 56,False,0.09293196773778593,0.04423684074365064,0.32850473353749493,0.2729408057287376,0.26138565225233096
Day 0,Day 0,True,0.43737485709724827,0.22796262443205836,0.08530717461440718,0.11504345222428003,0.13431189163200621
Day 56,Day 56,True,0.16511685104002227,0.027075028760656684,0.4983843789968186,0.24177596202058182,0.06764777918192069
Day 56,Day 0,False,0.32991511865895784,0.1707799842766697,0.27376051023509895,0.11823209319733832,0.10731229363193497
Mature,Mature,True,0.25220266433621075,0.11019682450595648,0.22703067732566784,0.02008052355888588,0.39048931027327916
Day 56,Day 0,False,0.3385808155136606,0.2433195933968634,0.3099721125424359,0.05528219689522198,0.052845281651818274
Mature,Mature,True,0.04457332830856321,0.2094820852941653,0.1044256449605939,0.11381685618285288,0.5277020852538248
Day 56,Day 56,True,0.1533206540870441,0.0504746162599709,0.4105232985582348,0.22541996172306175,0.1602614693716885
Day 0,Day 0,True,0.4808877121679044,0.25693813654411873,0.08618944012692378,0.12406614556952601,0.0519185655915271
Day 0,Day 0,True,0.544815281984513,0.20121455934511212,0.09240245597931927,0.0414757412458911,0.12009196144516433
Day 56,Day 56,True,0.1528142445878113,0.24749250526728592,0.28424686686754824,0.232170036470821,0.08327634680653365
Day 84,Day 84,True,0.10773173369060134,0.16710389435626263,0.16409364129859003,0.47502260855009076,0.08604812210445527
Day 84,Day 84,True,0.19781314100900194,0.11288640665819594,0.197441096612022,0.38270859400537816,0.109150761715402
Day 56,Day 56,True,0.13246097563790285,0.058990579241185996,0.48190408687088704,0.05516331061908001,0.27148104763094394
Day 56,Mature,False,0.07617533195121438,0.11154741893861676,0.3195625431037005,0.1381731509402386,0.3545415550662297
Day 0,Day 0,True,0.36569155679389637,0.2082178510731785,0.08716809975253396,0.18222722421081428,0.15669526816957688
Mature,Mature,True,0.11480791056452867,0.15918577832300335,0.17652331884091224,0.08066219026153079,0.468820802010025
Day 0,Day 0,True,0.4773309908521507,0.12874305217408813,0.2271216365108186,0.07555226784424628,0.09125205261869636
Day 84,Day 84,True,0.07166605706734765,0.3273682088137897,0.08692639330286607,0.4125177520847702,0.10152158873122645
Day 84,Day 28,False,0.07155933413686495,0.2863493578857695,0.12569471685896108,0.27692220401788104,0.23947438710052338
Day 0,Mature,False,0.3349561233669311,0.10716016704669314,0.09611578161941067,0.06073862773136074,0.4010293002356044
Day 28,Day 56,False,0.15166276754488603,0.2126886415733257,0.274503109504314,0.16706276603516884,0.19408271534230542
Day 56,Day 56,True,0.04535875255326703,0.1003241719065696,0.41853010762301956,0.22456852123851337,0.21121844667863054
Mature,Day 0,False,0.3779233746714298,0.2315485130293612,0.0734341795658689,0.18767592740356853,0.12941800532977163
Day 0,Day 0,True,0.5279922411797848,0.05818077872639108,0.046327306271969,0.1356127852773646,0.23188688854449038
Mature,Mature,True,0.17603863701925923,0.35120131407753036,0.031129186880099163,0.07077301862558197,0.37085784339752925
Day 56,Day 84,False,0.07274497089796804,0.140120084389077,0.22248396516146082,0.5084619675560627,0.05618901199543137
Day 0,Day 0,True,0.4577472464203281,0.1052820002973074,0.22365457711983255,0.08237573959732758,0.13094043656520454
Day 28,Mature,False,0.044846167983389154,0.32116850423193605,0.04791945559788206,0.1804202137735951,0.40564565841319766
Day 28,Day 28,True,0.12579060016757337,0.5355471619631197,0.16681917940588414,0.1287405517097918,0.04310250675363102
Day 56,Day 56,True,0.0641579442932861,0.1725340634505516,0.37969536452660435,0.12556744950589266,0.25804517822366535
Day 56,Day 56,True,0.1781232628481073,0.15973350420271898,0.2742901311434135,0.17311947508072104,0.2147336267250392
Day 84,Day 0,False,0.4865128136975174,0.08475573071992464,0.10091591982084026,0.21410642218858522,0.11370911357313249
Mature,Mature,True,0.1774103751958715,0.1758978812990415,0.0605351486697371,0.10568632927491019,0.4804702655604398
Day 84,Mature,False,0.20807172369548155,0.05819985481216936,0.08479300191984493,0.2875017211728306,0.36143369839967365
Day 0,Day 0,True,0.622392598978328,0.0506470325679522,0.17418466631159293,0.0408694155086499,0.11190628663347695
Mature,Day 84,False,0.14941947251294674,0.11652767582552948,0.10735215781020173,0.33188652429943283,0.2948141695518892
Day 28,Day 28,True,0.1624231790562898,0.37545317213915586,0.11352611998195315,0.2775846006842195,0.0710129281383818
Day 28,Mature,False,0.05016710920817574,0.2081240933643372,0.07496953245249473,0.2473570141156068,0.4193822508593856
Day 28,Day 28,True,0.16028977302810443,0.4118763100012647,0.02453143337786011,0.15387809442813244,0.2494243891646384
Day 56,Day 56,True,0.19888308403342703,0.13843497975752905,0.4214722213221262,0.11553653275747852,0.12567318212943937
Mature,Mature,True,0.11048742585183596,0.09520625004666623,0.08541834904162528,0.2524270638507414,0.4564609112091311
Day 84,Day 84,True,0.10343906973578942,0.3250192962232668,0.07618529181077975,0.36002027572899814,0.13533606650116572
Day 56,Day 56,True,0.11512522177313976,0.17364112751524569,0.3854903326482091,0.27682942701001706,0.04891389105338843
Day 84,Day 84,True,0.12121803512051811,0.18128014831114278,0.09879282560222508,0.38137126674640287,0.21733772421971106
Day 56,Day 56,True,0.29087453149201536,0.1203536626907511,0.3471928634070177,0.11513070937242102,0.12644823303779482
Day 0,Day 0,True,0.3704691218108298,0.12012285859507538,0.14334061194871836,0.06887381206872722,0.2971935955766493
Day 56,Day 56,True,0.1839378317355239,0.05103929672535196,0.448996123408798,0.2430076253727242,0.07301912275760207
Mature,Day 28,False,0.12935924294002657,0.42317670980414557,0.0829661123283826,0.06751603653312252,0.29698189839432265
Day 56,Day 56,True,0.10092557352866693,0.3335380883522444,0.3615740537462425,0.11811077624512493,0.08585150812772117
Mature,Mature,True,0.10664412379808628,0.34368248393866807,0.053220129379036425,0.12433403910203882,0.3721192237821704
Mature,Mature,True,0.06070087851690352,0.1678715440070675,0.059574540138429596,0.31281640114957604,0.3990366361880232
Day 0,Day 0,True,0.5820091991681083,0.08286294466662869,0.16033344297561988,0.06900439013939692,0.10579002305024614
Day 84,Day 56,False,0.12001080644167471,0.11402698805986425,0.3054210168006159,0.2944246763939308,0.16611651230391447
Day 28,Day 0,False,0.4860944302929017,0.3160809729159096,0.07541357359351475,0.04467097779789836,0.07774004539977553
Day 56,Day 56,True,0.2908416948847355,0.0655874811936912,0.4647161622876399,0.10543481334002744,0.07341984829390598
Mature,Day 28,False,0.08071633943583906,0.36176578915002,0.013884384471113282,0.28961212038060086,0.25402136656242674
Day 28,Day 28,True,0.24490932304178448,0.39929036382476,0.044998889162472855,0.13257051094559583,0.1782309130253867
Day 28,Day 28,True,0.22148594902632307,0.24072370307782925,0.17475850473533774,0.2128092541157877,0.15022258904472213
Day 84,Day 84,True,0.08246307537056642,0.17445082841939322,0.1266069943304332,0.5148807119319156,0.10159838994769149
Day 28,Day 28,True,0.03315942700732957,0.4106898808175465,0.2633934135403517,0.23734616980070353,0.05541110883406861
Day 56,Day 56,True,0.06786793798081385,0.22768160523042277,0.46646316044183067,0.10473517533092001,0.1332521210160128
Day 28,Day 28,True,0.11883021505888952,0.4060814160278597,0.20450657179473702,0.06743113353913519,0.20315066357937858
Mature,Mature,True,0.1245122198528299,0.1255003872562994,0.06790921912977083,0.08559273692375076,0.5964854368373492
Day 84,Day 84,True,0.07933994247944143,0.06439496399221659,0.3433845519077368,0.40259205018258076,0.11028849143802445
Mature,Mature,True,0.20133788073389094,0.21348756573262254,0.18104444107467796,0.08732165004636076,0.31680846241244787
Day 84,Mature,False,0.18649734139314877,0.10145006912689213,0.08274449781035612,0.3093566389887227,0.3199514526808802
Mature,Mature,True,0.18449576593576433,0.07084857621584066,0.1333343878620559,0.15474192244880458,0.4565793475375346
Day 28,Day 28,True,0.13446504508981175,0.5009343180417013,0.12313667133111243,0.1639418364605662,0.07752212907680817
Day 28,Day 28,True,0.2882134606725621,0.3031683923183973,0.13982512609880351,0.14068610157237005,0.1281069193378672
Mature,Mature,True,0.11838278915693624,0.17863289723273207,0.12146429011815366,0.16098867038704578,0.4205313531051324
Mature,Day 56,False,0.22597536084520195,0.02031482304488742,0.2925693309268888,0.17418999497680798,0.2869504902062137
Day 28,Day 28,True,0.134913947302764,0.5920393736742253,0.04150946359708148,0.10391946533690052,0.1276177500890288
Day 28,Day 28,True,0.15624262757009136,0.4847451761939791,0.0732320156250824,0.18637143410703072,0.09940874650381644
Day 0,Day 0,True,0.36790986741077036,0.09253256741973985,0.2702860381495353,0.15378433509211448,0.11548719192783996
Day 28,Day 28,True,0.04812552879791644,0.42669520997877824,0.09522161036969794,0.39028134076568927,0.039676310087918144
Day 28,Day 28,True,0.08939102898357287,0.42125613458553873,0.13007551961593716,0.17432004337807738,0.18495727343687368
Day 0,Day 28,False,0.28783016036538694,0.3316170248559606,0.13888186636829872,0.1536089886263982,0.08806195978395547
Day 28,Day 84,False,0.1396452016159488,0.29584586604140795,0.16672865161058134,0.31053624503870203,0.08724403569335983
Day 28,Day 28,True,0.07199594385657486,0.5301715775727118,0.15031623479026726,0.1512233182692035,0.09629292551124245
Mature,Day 84,False,0.05942166370783347,0.12510723431494458,0.10848271452689831,0.4110021518838297,0.2959862355664939
Day 84,Day 56,False,0.0839313285594697,0.0804461884745388,0.427743837588128,0.27441937500653985,0.13345927037132363
Mature,Mature,True,0.07351646738240077,0.15312810198269797,0.16468594648017357,0.1004252715950593,0.5082442125596685
Day 84,Day 84,True,0.17479989355635625,0.1352372353865039,0.09538019065942502,0.4722920989337883,0.12229058146392663
Day 56,Day 56,True,0.0737193462594402,0.11155689126674698,0.34214694157381526,0.13945850268597998,0.33311831821401755
Mature,Mature,True,0.2851395052977284,0.14234076522955938,0.08188550580644459,0.07193151686562298,0.4187027068006447
Day 0,Day 0,True,0.3643061552662197,0.32681727184092646,0.153285825092591,0.045980310244661135,0.10961043755560174
Day 56,Day 28,False,0.11167401627683096,0.5289004642677436,0.18384308372288632,0.1003963517152584,0.0751860840172807
Day 0,Day 0,True,0.47921109018075264,0.13473401366190424,0.05312969819282823,0.08947953374055852,0.24344566422395625
Day 56,Mature,False,0.09019551455466689,0.15892625626977158,0.26840871773974445,0.16810242664636324,0.3143670847894539
Day 56,Day 28,False,0.07780706781541544,0.39802561119467444,0.3136161354829063,0.10157679458284942,0.10897439092415433
Day 28,Mature,False,0.13824175635181737,0.3458323294787709,0.04623525429066013,0.11346736673104074,0.35622329314771073
Day 84,Day 84,True,0.11444944276408234,0.17437050341309437,0.060067989255833384,0.4830659344756092,0.16804613009138075
Day 84,Day 84,True,0.09545619820343505,0.17833527105343902,0.10724181021475682,0.4726140441428738,0.14635267638549532
Day 28,Day 28,True,0.16644694367862922,0.39310760865648914,0.10953676717364824,0.1937563387810724,0.13715234171016094
Day 84,Day 84,True,0.046054302715281985,0.19830633858763203,0.14136422233785678,0.46587904352490234,0.14839609283432686
Day 84,Day 28,False,0.11915611935605566,0.3013593825584168,0.04892372968724189,0.2799601899406289,0.2506005784576566
Day 0,Day 0,True,0.5531004389134898,0.07118603318510063,0.145123640794479,0.12648683957757584,0.10410304752935477
Mature,Mature,True,0.20210294705190932,0.05938810967742202,0.1802106858019775,0.17675314586066007,0.3815451116080311
Mature,Mature,True,0.05568692637024087,0.11791557684324498,0.2053193553024457,0.08268674644913605,0.5383913950349324
Mature,Mature,True,0.279920370908139,0.11427548554357696,0.1749588263450194,0.06335383628593427,0.36749148091733036
Day 28,Day 28,True,0.049919831648444206,0.3677248341456869,0.2807667795088184,0.09210510462789794,0.20948345006915248
Day 28,Day 56,False,0.1181275666891291,0.23002697114506393,0.5171052795639852,0.09466389257639118,0.04007629002543075
Day 84,Day 84,True,0.13232198550990934,0.09617146213069835,0.14129882429481128,0.5110557119061829,0.11915201615839793
Day 56,Day 56,True,0.08009868777626519,0.27311066258400213,0.4488098316088392,0.04461507539309372,0.15336574263779987
Day 56,Day 56,True,0.3670174919548764,0.07163712089564045,0.3936105971018373,0.10997851949509715,0.057756270552548845
Day 84,Day 84,True,0.10825795654218232,0.1989791553441472,0.12041784725862884,0.48248413840767657,0.08986090244736497
Day 0,Day 56,False,0.30483246624643034,0.07990325948908193,0.33991801746793304,0.17229821178369212,0.10304804501286255
Day 28,Day 28,True,0.10034252337928351,0.361453621741977,0.17161668696658156,0.07221492689024986,0.29437224102190807
Day 84,Mature,False,0.1273819293432439,0.04510556270747821,0.18548318725980964,0.20526433802371047,0.4367649826657578
Day 0,Day 0,True,0.37551014470915645,0.06987858374944993,0.3494032968440898,0.1253874393758736,0.07982053532143048
Day 84,Mature,False,0.09616612137867724,0.09356762975328159,0.12636941480631217,0.31102561167710235,0.3728712223846266
Day 28,Day 28,True,0.1650921976928567,0.3972776798604646,0.1875537157069237,0.09358988443435175,0.1564865223054033
Mature,Mature,True,0.0910435291609813,0.14274913178115706,0.11740245018189918,0.16760304581196242,0.4812018430640001
Day 84,Day 84,True,0.11616621323466811,0.20263389850734873,0.20692473410399126,0.2629085291318521,0.2113666250221398
Day 0,Day 0,True,0.2345070621859746,0.22238583868837156,0.1979541485041451,0.21029580113588442,0.13485714948562433
Day 28,Mature,False,0.1629680717666981,0.26926932099405904,0.20693771839782327,0.06419535574284092,0.2966295330985787
Day 56,Day 56,True,0.1212434087103066,0.1859216325718175,0.3721270386721222,0.18695043951044987,0.13375748053530395
Day 28,Day 28,True,0.16105948262606856,0.41663245556380496,0.04237436386573308,0.30585814781854187,0.07407555012585142
Day 28,Day 28,True,0.08375926985533126,0.3745498361604467,0.3506109596005046,0.10939758815112695,0.08168234623259055
Day 56,Day 56,True,0.1704021728187309,0.1471955615681931,0.3455188164833926,0.3058980394200466,0.030985409709636716
Day 28,Day 28,True,0.12332293147451931,0.45837061167052157,0.2623234545316034,0.10300333054411386,0.05297967177924195
Day 28,Day 28,True,0.10827337183518067,0.575660640924491,0.03331965698828448,0.18283047378892725,0.09991585646311656
Day 0,Day 0,True,0.40724043931590975,0.13149228063726234,0.09928067945907008,0.23204427954540052,0.12994232104235737
Day 28,Day 28,True,0.12982292655598604,0.3079781453345962,0.1787343106095177,0.11303961076770716,0.270425006732193
Day 84,Day 84,True,0.2699000770153765,0.1016090467631544,0.19979804490010603,0.3749969938290357,0.05369583749232739
Day 28,Mature,False,0.12228634993343332,0.2711708225954183,0.12645282536122415,0.12897709031088966,0.35111291179903453
Day 56,Day 56,True,0.21778896112681778,0.23630550856868565,0.30283662906827497,0.12615933311752814,0.11690956811869352
Day 0,Day 0,True,0.6223502122035147,0.14159637576955056,0.05663094384331595,0.024729478366826225,0.1546929898167926
Day 28,Day 28,True,0.11394919554006451,0.38149921093333145,0.2818153398937277,0.14810380044138152,0.07463245319149486
Day 0,Day 0,True,0.41887207603935894,0.12808200449314622,0.07092206798053269,0.14625420534562722,0.23586964614133488
Day 28,Mature,False,0.13570343603588017,0.26763323136839484,0.08961633624569978,0.077196065728765,0.42985093062126034
Day 84,Day 84,True,0.09207725351663582,0.11113179514721963,0.16753010524321812,0.5327265440503886,0.09653430204253802
Day 84,Day 84,True,0.11548167635591776,0.17916958301976407,0.2736182094344259,0.3680713816178334,0.0636591495720589
Day 28,Day 28,True,0.15303802956504492,0.5021892480565779,0.09940683158339998,0.19131550382666385,0.05405038696831323
Day 56,Day 56,True,0.2951812150431353,0.04527213337848375,0.3383968816150632,0.2679347812021369,0.053214988761180804
Day 28,Day 28,True,0.06173254873534161,0.4280573789210831,0.23416763103221686,0.1369858010508637,0.13905664026049463
Day 0,Day 0,True,0.46006860167514657,0.11386126968657136,0.14377212446309603,0.1225431583004625,0.1597548458747236
Mature,Mature,True,0.1849947385028656,0.10907592297344655,0.0812826225615238,0.05540290407541945,0.5692438118867447
Day 0,Day 0,True,0.5903920064923834,0.05058817544477709,0.09179678582908768,0.1852019766163506,0.08202105561740122
Day 0,Day 0,True,0.43694557230500725,0.168456597322644,0.20327550374911899,0.1276678178780468,0.06365450874518305
Day 28,Day 28,True,0.04811142132736578,0.3630203822093001,0.1772225947048294,0.13604328351403297,0.27560231824447173
Day 28,Day 28,True,0.2676365313554942,0.38390332580900904,0.20188186928383717,0.08175661987352713,0.0648216536781325
Day 56,Day 56,True,0.20777049706823084,0.1269019472752373,0.42642393841226406,0.17547486007628396,0.06342875716798402
Mature,Mature,True,0.0395770145193072,0.10617692937334451,0.29981596317391185,0.07824173779418052,0.47618835513925595
Day 0,Day 0,True,0.5661318375115691,0.13088278957274066,0.1209159279437674,0.04801754496709942,0.13405190000482342
Day 0,Day 0,True,0.5142945307796689,0.0641685210764688,0.12721130730023933,0.2183671483320221,0.07595849251160088
Day 28,Day 28,True,0.09778490872775819,0.3384124231374252,0.06148382782491205,0.28404531491782403,0.21827352539208045
Day 84,Day 28,False,0.10086611778500688,0.3370855204766901,0.07110889120817612,0.3356728636726332,0.1552666068574936
Day 56,Day 0,False,0.4099386934087575,0.03726627598440876,0.2601214779646211,0.06227507376860803,0.2303984788736046
Day 28,Day 28,True,0.09464293914889754,0.5923885209396728,0.08733045225026449,0.1585034967034287,0.06713459095773647
Day 84,Day 84,True,0.13650300500734366,0.10043895261200837,0.1648029559663586,0.46733389883327087,0.13092118758101853
Mature,Mature,True,0.2338237930640699,0.08835207840772127,0.04704704329508862,0.09261145180649615,0.5381656334266242
Day 84,Day 84,True,0.1540547174170891,0.16775128176090764,0.05790255779052928,0.4886770006396534,0.13161444239182066
Day 56,Day 56,True,0.20534430423501868,0.23921783667369634,0.3512466470706374,0.03550061816797513,0.1686905938526724
Day 28,Day 28,True,0.04866874163185306,0.3410047388401503,0.15875672378062924,0.15007077294668164,0.3014990228006857
Day 56,Day 56,True,0.2656207683331441,0.19536351770845053,0.3269721378827641,0.06961678224775034,0.14242679382789103
Day 56,Mature,False,0.3058561000827673,0.03714053477372015,0.22291221740683378,0.08735579254194527,0.34673535519473353
Day 0,Day 0,True,0.26457873484558725,0.1570825696273959,0.16943482446081834,0.16874117312146358,0.24016269794473497
Day 0,Day 0,True,0.5438947500275259,0.1629859024030085,0.16041586101064803,0.04678421855771951,0.08591926800109803
Day 56,Day 56,True,0.048142848905261645,0.17283771011759663,0.6036752259256608,0.06517065833241278,0.11017355671906823
Day 28,Day 28,True,0.15769234167244928,0.46282580002592605,0.08918230568343342,0.1243704219181219,0.1659291307000693
Day 0,Day 0,True,0.4432271963835884,0.2771501616340248,0.12752730033737114,0.04772527430823794,0.10437006733677774
Mature,Mature,True,0.11681534041356029,0.19403462515891381,0.0949968387519028,0.14008773403867866,0.45406546163694433
Day 84,Day 56,False,0.14615664966646708,0.17468928450626928,0.2657260828603135,0.23618600626655384,0.17724197670039626
Day 84,Day 84,True,0.2825735353169549,0.05577484166433128,0.12996613736371754,0.30815277461651414,0.2235327110384821
Mature,Mature,True,0.10367483717966401,0.21909450557752427,0.18002923697308243,0.09295478507791687,0.40424663519181236
Day 84,Day 84,True,0.09520131116618394,0.17687346289936962,0.13591533091516267,0.3926650422141628,0.19934485280512096
Day 84,Day 84,True,0.10491365884261997,0.09519083647632255,0.3101638544253695,0.326616327771182,0.16311532248450616
Day 28,Day 28,True,0.14070080196599472,0.46070015335770054,0.061945304371855164,0.11229700042324145,0.22435673988120808
Day 0,Day 0,True,0.4008939340067022,0.23863862675737613,0.1408508493735645,0.07057985061572808,0.1490367392466291
Day 28,Day 28,True,0.1972238135462633,0.38474193429903025,0.16393901965577765,0.03609246866785731,0.21800276383107142
Day 84,Day 28,False,0.08269274885458258,0.40423910776537947,0.057742458930221764,0.3073343871064769,0.1479912973433393
Day 0,Mature,False,0.2732563995839458,0.1899667973656066,0.09525709595683253,0.10808528979645209,0.33343441729716294
Day 56,Day 56,True,0.2249052833863066,0.20283248724765696,0.3663748978627858,0.08785768427844749,0.11802964722480307
Day 28,Day 28,True,0.19855946217918527,0.4309652226325936,0.04276048219405135,0.06270140642685229,0.26501342656731763
Day 84,Mature,False,0.06728792039361707,0.2014185988806368,0.056737025202074326,0.264666546021509,0.4098899095021628
Day 28,Day 28,True,0.20283099018318063,0.27983896441152323,0.1425137419572672,0.18926474045371627,0.1855515629943124
Day 28,Day 28,True,0.07104553985736511,0.607459616221646,0.0786111500718407,0.11801866271727239,0.12486503113187579
Mature,Mature,True,0.3246908453330495,0.07517335115298407,0.14396107894765875,0.06057888285197216,0.39559584171433543
Day 56,Day 28,False,0.03907596799861826,0.44524398566177037,0.233613241233035,0.1310864461535356,0.15098035895304063
Mature,Mature,True,0.07472917115754263,0.1658041611247485,0.26046550021377907,0.18036305560970906,0.31863811189422075
Day 0,Day 84,False,0.3354164369796127,0.0701782638856037,0.12215361243390847,0.40817141102960636,0.06408027567126873
Day 56,Day 56,True,0.12158085867962366,0.18535379269313462,0.30765810503614965,0.13586528704494868,0.2495419565461433
Mature,Mature,True,0.0880845067275847,0.05546079941430554,0.22103184817257016,0.15703111956275037,0.4783917261227893
Day 0,Mature,False,0.34366431747161424,0.04530289742732327,0.15718980463528837,0.07406255260737839,0.37978042785839583
Mature,Day 28,False,0.08025763626633627,0.4250921716621259,0.11013242483296438,0.02757263025862436,0.35694513697994923
Day 28,Day 28,True,0.3020070172007786,0.37119920502148085,0.03529610628701435,0.188268747257227,0.10322892423349915
Day 56,Day 56,True,0.19687155034014636,0.26540702215302675,0.3692684187637065,0.13807294073594312,0.0303800680071773
Day 0,Day 0,True,0.317436437449663,0.2746120347031568,0.22005795110476664,0.10363950043124014,0.0842540763111734
Day 84,Day 28,False,0.14603608014607064,0.31388700553860843,0.11112425171990498,0.3028638499236386,0.1260888126717774
Mature,Mature,True,0.10384199361466047,0.13535121366932482,0.11544720403816124,0.1399913517270967,0.5053682369507568
Day 56,Day 56,True,0.08498815745430927,0.09669377998114907,0.5581981583227129,0.11883639789165171,0.14128350635017695
Mature,Mature,True,0.28260173158399776,0.06341162557612699,0.2110790756021454,0.02458401505008256,0.41832355218764733
Day 84,Day 0,False,0.4486474066890143,0.1686965467962429,0.07300076104485874,0.18319934393330964,0.12645594153657452
Day 28,Day 28,True,0.1126361028574549,0.4782148362290999,0.19390954231825677,0.05235225262721914,0.16288726596796924
Mature,Mature,True,0.08113994565078664,0.1403421574731106,0.3128370497978674,0.06816287955645159,0.3975179675217838
Day 0,Day 28,False,0.2804051226576579,0.42192769650149997,0.21152040974269534,0.04842347069316003,0.03772330040498678
Day 84,Day 84,True,0.2320644557669245,0.1519632030634918,0.03595471238171269,0.453008922211141,0.12700870657672997
Mature,Mature,True,0.28290986509262805,0.2548673936493958,0.07998142842098756,0.07011023906906047,0.31213107376792804
Mature,Mature,True,0.2059831277203058,0.07191020409027263,0.1701826537207418,0.10235896620818864,0.4495650482604911
Day 56,Mature,False,0.049679000462983076,0.14243251082204092,0.21232760252397828,0.08303968484189514,0.5125212013491026
Day 56,Mature,False,0.15803138994708488,0.1786117377414004,0.2461178419013283,0.04042213219914759,0.37681689821103886
Day 28,Day 28,True,0.1924085864980978,0.49248493970187707,0.047322469651823365,0.1112448266637059,0.15653917748449583
Day 0,Day 0,True,0.40580765816073255,0.07389326996625675,0.21788748190433502,0.07969124273936717,0.22272034722930853
Day 84,Day 84,True,0.12440828274170747,0.0511536476130636,0.13497738779969143,0.5714860640726156,0.1179746177729218
Day 84,Day 56,False,0.08342373108993237,0.1437215131803631,0.3459887538561346,0.2810828159480698,0.1457831859255001
Day 56,Day 56,True,0.06855149543669066,0.10781094827657238,0.5064203545275504,0.03400382641532768,0.2832133753438588
Day 28,Day 28,True,0.14695758883763002,0.4220497624892694,0.14647888134380402,0.1765556938160486,0.10795807351324802
Day 56,Day 56,True,0.10425174103123905,0.11533635219716591,0.40432495179895284,0.11380346130073225,0.26228349367190995
Day 28,Day 28,True,0.13387148443957106,0.5121645400019275,0.04248110564758649,0.1847298219372368,0.12675304797367826
Day 56,Day 56,True,0.17885229985747964,0.17507431402871226,0.4072379215337909,0.03838699502646462,0.20044846955355253
Day 0,Day 0,True,0.4525072818442853,0.07764850839063986,0.04662518552471444,0.24397901163349542,0.17924001260686498
Day 0,Day 0,True,0.33274142110620675,0.1301183159999529,0.05282483188014331,0.22432042009126887,0.25999501092242816
Day 56,Day 56,True,0.08560303344648186,0.05861521149648724,0.4032160225104963,0.2907518404251439,0.16181389212139072
Day 28,Day 28,True,0.12547853969929118,0.3920769530094306,0.2542016891030495,0.05357147086147174,0.1746713473267571
Mature,Mature,True,0.06341767006704177,0.111468457992346,0.1648938493963543,0.25316556870446144,0.4070544538397966
Day 0,Day 56,False,0.3286775265818909,0.10846021955914939,0.3782850741858033,0.1066482577875567,0.07792892188559966
Day 28,Day 28,True,0.15003958102446938,0.40554245689837487,0.14750983809699247,0.10703493619437167,0.18987318778579146
Mature,Mature,True,0.17124999085588058,0.1212985802309584,0.12524513983745703,0.10432908508602556,0.4778772039896784
Day 0,Day 0,True,0.45900350001329937,0.08007958167304526,0.06233485817795532,0.0789368373661937,0.3196452227695064
Day 84,Day 84,True,0.20718729447798512,0.0720803747578083,0.16153618797904487,0.43524366181418356,0.12395248097097823
Mature,Day 0,False,0.344766959689118,0.10728585634499548,0.0626605615517955,0.18928686726628488,0.29599975514780613
Day 28,Day 56,False,0.2314644456079792,0.25140492942727255,0.3340654777231733,0.11610794404309052,0.06695720319848457
Day 28,Day 28,True,0.09123745456567926,0.40393358155141346,0.16271808945396316,0.16993062081770038,0.17218025361124378
Day 84,Day 84,True,0.2888233166432274,0.19449670008824477,0.07250908433551119,0.3376886388259559,0.10648226010706074
Day 56,Day 56,True,0.12564188498373163,0.1611416065204992,0.37316543499669497,0.16277761462261148,0.1772734588764627
Day 28,Day 28,True,0.154070070205156,0.28256837921283356,0.2228645946325424,0.25409770800203174,0.0863992479474363
Day 0,Day 0,True,0.5073617792863235,0.0868697697698336,0.10404490254857518,0.10238902690249423,0.19933452149277356
Mature,Mature,True,0.27286809234150206,0.10749319824035701,0.06081762114365445,0.11259484782671293,0.4462262404477736
Day 28,Day 28,True,0.27374633375180946,0.3489715276755608,0.10753171547313417,0.15158814062246107,0.11816228247703454
Day 84,Day 56,False,0.11415076025353381,0.12457811415522743,0.36110996584830396,0.3397038277127844,0.06045733203015042
Mature,Mature,True,0.15952518134578333,0.08207224220110126,0.0651953103235945,0.32532021044831516,0.3678870556812058
Day 56,Day 0,False,0.46730666759200334,0.030137948997445572,0.26096143774291586,0.11782088533969709,0.12377306032793813
Day 84,Day 84,True,0.12331794817248014,0.14080719161475638,0.21811379279708817,0.4066415646220022,0.11111950279367314
Day 84,Day 84,True,0.058187363418334165,0.20534382628844455,0.14426255507783975,0.3954861778129839,0.1967200774023976
Day 0,Day 0,True,0.4156999273563393,0.08873791622931022,0.29998837449687166,0.10735221058596887,0.08822157133150994
Day 0,Day 0,True,0.5394078095423173,0.15653225344046914,0.0608322217621111,0.1254675171185581,0.1177601981365444
Day 56,Day 84,False,0.07812284484672993,0.22063197769254356,0.3120441545189684,0.31936568611244653,0.06983533682931163
Day 84,Day 0,False,0.3849683495190804,0.09765501895591323,0.12772609083747394,0.3262323168187781,0.0634182238687545
Day 0,Day 0,True,0.3905162020861794,0.13362323814304075,0.09250773579259615,0.2316171966630743,0.1517356273151093
Day 28,Mature,False,0.10014805888825525,0.29763785345744737,0.05502520731123803,0.14500551954979893,0.4021833607932603
Day 84,Day 84,True,0.10772321945822086,0.15473658685957586,0.17945251185852465,0.43287255245779555,0.1252151293658833
Mature,Mature,True,0.2320050784098808,0.14969849837431387,0.0380106055017277,0.19157924199173548,0.38870657572234224
Day 28,Day 28,True,0.06947725101144513,0.41669776457687396,0.15336258974164704,0.09549467840050248,0.2649677162695314
Day 28,Mature,False,0.09997211258323081,0.30387052738484693,0.15140959816930502,0.12892316155698363,0.31582460030563364
Mature,Day 84,False,0.1919960510762786,0.18554741126437974,0.1367884995373526,0.24455825694261918,0.24110978117936988
Day 0,Day 0,True,0.3523158241821888,0.07434813895649388,0.2258335854454468,0.23213395337527548,0.11536849804059503
Day 56,Day 56,True,0.12844487856189885,0.1452444763786414,0.41755728369636325,0.07805522290301305,0.23069813846008339
Day 84,Day 84,True,0.025849824792691017,0.1058725618024068,0.12276347569840236,0.4142728709135402,0.33124126679295957
Day 84,Day 84,True,0.06443745371341265,0.11443816375760327,0.10111532993556303,0.5056578964272768,0.21435115616614425
Day 28,Day 56,False,0.10273282958804043,0.25969209168545143,0.34461513615404854,0.2182765112183587,0.07468343135410087
Day 28,Day 28,True,0.10293030208595663,0.3907041210263175,0.11798736623915713,0.2978757335034266,0.09050247714514208
Day 56,Day 56,True,0.1024094370912431,0.19115429428819758,0.34394757469889137,0.1479959976567538,0.2144926962649141
Day 84,Mature,False,0.13063782634823778,0.1912460078135552,0.09341460511172987,0.25636944927148136,0.3283321114549957
Day 0,Day 84,False,0.2676467059640674,0.14142223877512974,0.07907222808485881,0.4205020083457693,0.09135681883017481
Day 0,Day 0,True,0.3593735001515938,0.048494656142052166,0.2012732021198279,0.2799150113664865,0.11094363022003952
Day 28,Day 28,True,0.2292584516488711,0.36727160002620046,0.1975274890992187,0.07574005903600298,0.13020240018970677
Day 56,Day 56,True,0.15202313570459625,0.06164591384474108,0.43205577363752234,0.1889321553218828,0.1653430214912575
Day 28,Day 28,True,0.18469382292589584,0.5049585335562229,0.07886578302170548,0.09339456646244823,0.13808729403372763
Day 56,Day 56,True,0.21803173678386947,0.07609113593090686,0.4887221912159828,0.07480663222473621,0.14234830384450473
Day 28,Day 28,True,0.13589428905706813,0.4111477922014714,0.039775309929902455,0.26287060266982654,0.15031200614173149
Mature,Mature,True,0.09628404316263597,0.14613222613600732,0.1460752559053604,0.13600334693263993,0.4755051278633564
Day 28,Day 28,True,0.0838023968173078,0.32308984889818254,0.15113734934971723,0.2824188964348404,0.15955150849995203
Day 0,Day 0,True,0.3819745561738636,0.12418902279339869,0.19577085920311602,0.10017237143259881,0.1978931903970229
Day 28,Day 28,True,0.07049001684560223,0.39152995269302737,0.11721524627887121,0.3794061614375196,0.04135862274497952
Day 56,Day 56,True,0.06177778799667624,0.1290211541656061,0.5902413681116787,0.11806062678207731,0.1008990629439616
Day 56,Day 56,True,0.10620251595544061,0.3484373674369288,0.366174425547156,0.11373591358517601,0.06544977747529851
Day 0,Day 0,True,0.5123819919856509,0.1599752576237093,0.12063729514799644,0.09397835263798947,0.11302710260465407
Day 28,Day 28,True,0.2526984249817726,0.38298789840969344,0.12635403564692402,0.09372157306605278,0.14423806789555724
Day 0,Day 0,True,0.3104847242412026,0.19586196315568247,0.23672743397165255,0.13824157400342657,0.11868430462803566
Day 56,Day 56,True,0.10759203932200363,0.06505232514070183,0.5197241279603663,0.2567506496948085,0.05088085788211978
Mature,Day 28,False,0.1374336258679261,0.3658053910277767,0.10110195695329587,0.11316839153079959,0.28249063462020163
Day 56,Day 0,False,0.3894384075364378,0.06712223786464358,0.3277659716970673,0.15922296824266924,0.05645041465918201
Day 56,Mature,False,0.17007259175710937,0.1258034115378053,0.1836930475535029,0.17348010152414248,0.3469508476274399
Day 28,Day 28,True,0.0746714100410565,0.4841687319251166,0.1527746971971258,0.10414467247985142,0.18424048835684953
Day 28,Day 28,True,0.2453166479973846,0.3706436510110209,0.2176201920583815,0.11662832919459226,0.04979117973862067
Day 56,Day 56,True,0.11046941727826821,0.11043616276726402,0.4898083579504431,0.08098279665950758,0.2083032653445171
Mature,Day 84,False,0.09139981814539778,0.07377938780993441,0.05807794934514942,0.5885514279243996,0.18819141677511877
Mature,Mature,True,0.042202379895850566,0.18440863252094988,0.28972335411227124,0.06429847092260685,0.4193671625483216
Day 28,Day 28,True,0.15212498809193156,0.4995283080139829,0.07319772734645334,0.1324434305038203,0.14270554604381191
Day 28,Day 28,True,0.24528154139056496,0.2768794680996968,0.1484595920835907,0.15913717800600632,0.17024222042014114
Day 84,Day 84,True,0.08211572026487833,0.0519347963629086,0.2120619673370157,0.3404198339616777,0.3134676820735196
Day 28,Day 56,False,0.15611813169092262,0.27423178465488246,0.3189468358081281,0.10786738114892422,0.1428358666971426
Mature,Day 84,False,0.2571681938373369,0.1896172132748323,0.04639327299285226,0.3020446135129089,0.20477670638206968
Day 56,Day 56,True,0.19572565003127274,0.285677011662704,0.3604481893026697,0.05059593626840298,0.10755321273495079
Day 0,Day 84,False,0.3591252500031116,0.07881453465601163,0.06704179313675684,0.4473232604074589,0.047695161796661036
Mature,Day 0,False,0.4640539322003931,0.10752363707546449,0.06937010597802026,0.12010373670512664,0.23894858804099559
Day 56,Day 56,True,0.2843803596206854,0.09269754947978673,0.35284772152622695,0.2003586868528598,0.06971568252044123
Mature,Mature,True,0.13355746712003977,0.2555888053157307,0.15807121662065937,0.015302417758651743,0.43748009318491854
Day 0,Day 0,True,0.38293822133928973,0.2513067948442778,0.08068428443874048,0.212364312706902,0.07270638667078995
Mature,Mature,True,0.18673650308096465,0.11433311731240373,0.09596672846216217,0.19891270665088354,0.4040509444935859
Day 84,Day 84,True,0.23935851110305426,0.1769764251612781,0.0879724361597713,0.26378282311651263,0.23190980445938367
Day 28,Day 84,False,0.11676292384817667,0.29833623623119304,0.20059747021864788,0.3492801306629884,0.0350232390389939
Mature,Mature,True,0.08132335206069746,0.18670493391537327,0.14588473222810386,0.11424629690421753,0.47184068489160785
Day 0,Day 0,True,0.3895418456555605,0.08861763081167193,0.15994944636148592,0.18887353434866636,0.17301754282261525
Day 56,Day 56,True,0.0706171224452112,0.1519420421956196,0.5445375339199031,0.08222628262913163,0.15067701881013434
Mature,Day 0,False,0.2999468387117721,0.16188313374133345,0.16133625132916118,0.10596774632964631,0.27086602988808683
Mature,Mature,True,0.14766009886553016,0.21505752572008358,0.043348693130463606,0.2584766192174209,0.33545706306650175
Day 0,Day 0,True,0.3395614882662212,0.211874918822868,0.26482270913485917,0.06806849684047517,0.11567238693557648
Mature,Mature,True,0.1728540585942362,0.22784860156539286,0.15423103267876226,0.12689329421067005,0.31817301295093864
Day 0,Day 0,True,0.4006562520808605,0.12784958844002225,0.20170630811810475,0.18138379916966552,0.08840405219134695
Day 56,Day 56,True,0.13965573906712475,0.08814256519988235,0.433490252793168,0.1581222084783117,0.18058923446151315
Day 28,Day 28,True,0.17995137569477376,0.4667060914050804,0.1249431791295538,0.062249494467543916,0.16614985930304813
Day 56,Day 56,True,0.14770446189094388,0.14257278735231702,0.35484365148763436,0.24120431814827153,0.1136747811208333
Day 56,Day 56,True,0.15519824762024093,0.12280450426341886,0.4020992796451388,0.18155678507918863,0.1383411833920128
Day 28,Day 28,True,0.08759926405467224,0.4655960348320365,0.1891623396500868,0.08392534379451211,0.1737170176686923
Day 0,Day 0,True,0.4183554040494323,0.2912974417619513,0.08374628382747998,0.0646304987439629,0.1419703716171736
Day 28,Day 28,True,0.1248386598931845,0.4304555562961822,0.16292170871136924,0.21367076168853721,0.06811331341072692
Day 84,Day 84,True,0.2966063093398331,0.047988286822470576,0.30167982688848133,0.31329307047664934,0.04043250647256562
Day 0,Day 0,True,0.3635271908525944,0.1769114734315049,0.0982650688008021,0.12999737191696867,0.23129889499812983
Mature,Day 0,False,0.3784554116878992,0.0653255623806102,0.18979111656653058,0.12860803637229387,0.23781987299266613
Day 0,Day 56,False,0.21686455225010243,0.15383551255794695,0.28196424483687954,0.10280105286820025,0.24453463748687082
Day 56,Day 28,False,0.0688361868173928,0.35229225327655334,0.2618832146706652,0.16616087174014713,0.15082747349524137
Day 28,Day 28,True,0.16057730582978488,0.48473819622705255,0.15264825201173038,0.13523991115724346,0.06679633477418878
Day 28,Day 28,True,0.09230091052876035,0.40964504923290124,0.09857866487544803,0.2587758796276223,0.14069949573526802
Mature,Mature,True,0.16479799283573918,0.12841273119891136,0.20234285404378186,0.17553402746096725,0.3289123944606004
Day 84,Day 0,False,0.5244694084897384,0.037712041776385596,0.08225170841463009,0.22420835442465145,0.13135848689459428
Day 0,Day 0,True,0.5104845049384015,0.11641835008500398,0.15061272157829012,0.15639837278904636,0.06608605060925803
Day 28,Day 28,True,0.15633742453585997,0.4129708834708338,0.12889343171262785,0.25812980607708197,0.04366845420359634
Day 0,Day 0,True,0.3042652284250991,0.1502638287027795,0.16265367571490297,0.09945095143735132,0.28336631571986715
Mature,Mature,True,0.0919652184110967,0.25180935593987125,0.10665048312419165,0.11391851621270695,0.4356564263121335
Day 56,Day 84,False,0.09340851025852906,0.2614506705058663,0.2435129730466546,0.33499451275014686,0.06663333343880318
Mature,Mature,True,0.19856816930821572,0.1446106768085071,0.11921260970960697,0.222632856063283,0.3149756881103873
Mature,Mature,True,0.14964805103610151,0.0665135024978577,0.27160744803520126,0.18258975077432557,0.329641247656514
Day 56,Day 56,True,0.0757038519175956,0.1698416546541551,0.3938240404617693,0.26192570489521383,0.09870474807126618
Day 0,Day 0,True,0.5204184015333474,0.16441607934825206,0.03339654399848022,0.0849753156498564,0.1967936594700639
Day 0,Day 0,True,0.36979334762276767,0.09985848014375757,0.14878696793513826,0.19834603333515266,0.183215170963184
Day 0,Day 0,True,0.3616607733174893,0.1155465421037658,0.3099685579335808,0.0814374026798139,0.1313867239653503
Day 0,Day 0,True,0.5603215274400448,0.13607982949689684,0.10812850037497453,0.05256801487856993,0.14290212780951383
Mature,Mature,True,0.22623348154914286,0.21689931158979667,0.048224098732997926,0.20253091154374975,0.3061121965843129
Day 56,Day 56,True,0.10655650939515882,0.128248610157765,0.49815824723284846,0.07483569746358636,0.19220093575064126
Day 56,Day 56,True,0.12394570031166449,0.17251501705228328,0.5032014192557958,0.049577171687249635,0.1507606916930068
Day 84,Day 56,False,0.03831523105374307,0.14948492556637272,0.35570797561903134,0.3139894827282651,0.14250238503258783
Day 56,Day 56,True,0.12159801342790402,0.14958543018792234,0.49731676985834705,0.1559638554050899,0.07553593112073662
Day 0,Day 84,False,0.3561737932817933,0.07322436659126995,0.05739676138198634,0.38801844661372387,0.1251866321312265
Day 28,Day 28,True,0.20207385273148498,0.28871993124605677,0.10926258910276306,0.27821912382058456,0.12172450309911072
Day 28,Day 28,True,0.14062258427615873,0.42221259462848604,0.26501858873601886,0.07014605474840778,0.10200017761092856
Day 56,Day 28,False,0.030287525037897493,0.49940923255059483,0.2662017536831196,0.08227929672747795,0.12182219200091005
Day 28,Day 28,True,0.06652560272052244,0.39681736317021354,0.2127501546303019,0.14608939826535092,0.17781748121361116
Mature,Mature,True,0.3265743676759892,0.08290404397851292,0.05547764411992349,0.18681605234695806,0.34822789187861625
Day 56,Day 28,False,0.18810573755216953,0.2850990798604118,0.27928817062737055,0.12447638829224925,0.12303062366779881
Day 28,Mature,False,0.20204530956784186,0.2686958647954079,0.15478882723354306,0.07073405971268501,0.30373593869052207
Mature,Mature,True,0.10643685568838879,0.03500989767792756,0.27463775661547585,0.1631861984917008,0.42072929152650707
Day 0,Day 0,True,0.37731955003008383,0.023914105328042116,0.16246275015225026,0.2399009784877501,0.19640261600187373
Day 84,Day 0,False,0.31327595764384825,0.21000167307021855,0.25226778862847304,0.12789521329727746,0.09655936736018285
Day 84,Day 84,True,0.07870612988573442,0.13783610253079245,0.2390023600250927,0.41824009635919684,0.12621531119918364
Mature,Mature,True,0.10366491320611884,0.11796443216548648,0.26195004481455725,0.1848645196530881,0.33155609016074933
Day 28,Day 28,True,0.17627660607050014,0.3736447815689914,0.18001365761004723,0.1274227603447817,0.1426421944056795
Day 0,Day 0,True,0.49734882722442314,0.07033955354431895,0.2648476503233542,0.08786960061658249,0.07959436829132141
Day 28,Day 84,False,0.08068233560076297,0.28334564686455616,0.12586307182694348,0.4617621264137064,0.04834681929403105
Day 56,Day 84,False,0.11127693549760387,0.08629092475990559,0.2409186451468891,0.4902012029397153,0.0713122916558861
Day 28,Day 28,True,0.1721062543229721,0.3863452153839505,0.1610225427445368,0.12297257201927987,0.15755341552926078
Mature,Mature,True,0.06946997290574793,0.12062525735218539,0.3670704145661234,0.07534561045712018,0.3674887447188232
Day 0,Day 0,True,0.4153334796054074,0.15672041240440907,0.1680081237546914,0.2253105578408197,0.03462742639467252
Day 84,Mature,False,0.09788533917845561,0.18488512860647596,0.18612346182074432,0.2615573092559888,0.2695487611383353
Day 0,Day 0,True,0.39747092536143847,0.12651423820910274,0.08535943714928002,0.15034063747892473,0.24031476180125408
Day 56,Day 56,True,0.09414293376714837,0.25432866148409183,0.3849926742471604,0.04434252493683907,0.22219320556476033
Day 28,Day 28,True,0.15644437619239188,0.4101046381697373,0.16159540643551618,0.123966083811481,0.14788949539087362
Day 28,Day 28,True,0.24395132004034922,0.40549866149390906,0.13785650157444032,0.07843390382378611,0.1342596130675153
Day 84,Day 84,True,0.23868055505676153,0.09817719718580636,0.10175554334259426,0.394612825605654,0.16677387880918387
Day 0,Day 0,True,0.4036734104388906,0.34755930861499884,0.0502202819277735,0.10783234540165204,0.0907146536166849
Day 56,Day 56,True,0.1626551259729865,0.10777607686341288,0.37050079828750543,0.07154354708236976,0.28752445179372554
Day 0,Day 0,True,0.3499020594873083,0.14758333399583765,0.1440290110340732,0.1209633867675787,0.23752220871520213
Day 0,Day 0,True,0.3978798889386379,0.11518279584421785,0.14923742470658205,0.24035555384868004,0.09734433666188226
Day 0,Day 0,True,0.4070486649163257,0.24557949436365148,0.13193401888798403,0.07782605417182535,0.1376117676602133
Day 56,Day 56,True,0.09858461060478162,0.2990865097523222,0.36144239388948673,0.036404554574147874,0.20448193117926158
Day 84,Day 84,True,0.13134218367810047,0.2718471829278622,0.0465740129342779,0.3762632431812914,0.17397337727846823
Day 56,Day 56,True,0.1717296738715741,0.029225742080057467,0.45458880708430505,0.23021525024343692,0.11424052672062632
Day 84,Day 84,True,0.16397598439422933,0.171644758764315,0.18230085304166432,0.33074494586902065,0.15133345793077058
Day 56,Day 56,True,0.05403596636751064,0.2965092626401296,0.5038869538923614,0.03848356649797384,0.10708425060202445
Day 56,Day 84,False,0.1634833538920466,0.20976102426007615,0.17965466992235873,0.26236911604971686,0.1847318358758017
Day 56,Day 56,True,0.06848376686229828,0.23647569099816018,0.4331950045509345,0.04024363735262278,0.22160190023598425
Mature,Mature,True,0.23585170215208137,0.06582683906802268,0.11487651207531313,0.17161433493160844,0.41183061177297436
Day 84,Day 84,True,0.20768615269641252,0.17349983350934733,0.030196205675914255,0.2946547323084734,0.2939630758098524
Mature,Mature,True,0.055174461430098715,0.2324257034944737,0.15231285405744344,0.10184438408982267,0.45824259692816144
Day 28,Day 28,True,0.1277663700764801,0.4734577734981381,0.09607109610636774,0.03891217698704494,0.2637925833319691
Day 0,Day 0,True,0.3068440700943435,0.03153516466422902,0.22625829514357992,0.24661660135895433,0.1887458687388932
Mature,Day 84,False,0.05793265183937286,0.06433324601419423,0.1451871912948564,0.5153482379601025,0.2171986728914739
Day 0,Day 56,False,0.23846169176723042,0.10398081851166895,0.4281581802272861,0.04472767520567384,0.18467163428814076
Day 28,Day 28,True,0.30289036116491325,0.3635465517172375,0.09311708886136129,0.09722270487005855,0.14322329338642953
Day 28,Day 28,True,0.19401329892995445,0.40688923534131605,0.12411856335276003,0.1316836638605291,0.14329523851544038
Mature,Mature,True,0.17634283647162716,0.2409930294915186,0.041635726676442004,0.1025418420263601,0.4384865653340522
Day 0,Day 84,False,0.18461252137300985,0.057446486705297985,0.023012332820577627,0.6900647914835027,0.044863867617611734
Day 56,Day 56,True,0.17506760631706392,0.09163437474259827,0.3129699466826268,0.15336505780169488,0.2669630144560162
Day 0,Mature,False,0.30502956681346866,0.10059464061562147,0.050025719625199486,0.1642057598249292,0.3801443131207812
Mature,Mature,True,0.22617373434498164,0.025518130067998333,0.23744488105639422,0.15917766572366204,0.3516855888069637
Day 0,Day 0,True,0.4152899645546253,0.1322827054493372,0.1312287426063689,0.15482024686960388,0.1663783405200647
Mature,Mature,True,0.08736855952541754,0.06231652781364913,0.1867176231172182,0.22685985445463183,0.43673743508908325
Mature,Mature,True,0.09303043236428665,0.15359822680241983,0.2553963943426683,0.235922419532597,0.2620525269580282
Day 28,Day 28,True,0.10718181312186986,0.42610215838699644,0.22359960544033605,0.09499633099470575,0.14812009205609192
Day 0,Day 0,True,0.4449215636192811,0.07551590596948185,0.24131367371433368,0.0799387262666562,0.1583101304302472
Mature,Day 0,False,0.3668729196746636,0.13061883464497845,0.19490952295841743,0.13376734907947846,0.17383137364246198
Day 0,Day 0,True,0.28792063518263394,0.2389448125313124,0.0822880920956525,0.21413437014834685,0.17671209004205435
Day 84,Day 84,True,0.14151707184640344,0.3083247253530434,0.07282960301172196,0.37462588029662325,0.10270271949220795
Day 0,Day 0,True,0.46610325037345685,0.09422656101086668,0.18739931205343144,0.1256765286935629,0.12659434786868218
Day 0,Day 84,False,0.2590879283113012,0.0735173718794,0.2402018045151637,0.3551950503655958,0.07199784492853925
Day 84,Day 0,False,0.3079404372130661,0.10213053207567035,0.1632917453470994,0.27279845293025123,0.15383883243391291
Day 84,Day 84,True,0.08562977900658593,0.2763481387419283,0.1360027349400103,0.34673800945141603,0.15528133786005932
Mature,Mature,True,0.09674976692481159,0.2197024590255453,0.2251775863997985,0.1506811528996526,0.3076890347501919
Day 28,Day 28,True,0.08886933725803166,0.48008701533739767,0.08116247959795013,0.21642093280721186,0.13346023499940873
Day 84,Day 84,True,0.2528625083692965,0.25903010894262374,0.14846135648234748,0.2890201473365648,0.050625878869167446
Mature,Day 28,False,0.05996570672664435,0.5035381638755766,0.0553598642012409,0.1228800958836369,0.2582561693129012
Day 56,Day 56,True,0.0589011055126721,0.134201593501102,0.40224482591838806,0.062237674258010085,0.3424148008098278
Day 28,Day 28,True,0.25685672609681487,0.38035504959286986,0.13572200677936744,0.06106938600728362,0.16599683152366426
Day 0,Mature,False,0.22547917741897477,0.0782368158626251,0.2106302927379507,0.08099590350178938,0.40465781047866023
Day 84,Day 0,False,0.39508359290878875,0.07343108306630926,0.07655616398158768,0.37981359162265427,0.07511556842065999
Day 56,Day 56,True,0.1037069241971222,0.08158116823118887,0.5484225202039298,0.2082140720344691,0.05807531533329013
Day 56,Day 0,False,0.3260193104321033,0.1639722680575391,0.28940379982344006,0.12174910613278161,0.09885551555413603
Mature,Mature,True,0.21765253467956192,0.09358774586714096,0.09902433619875983,0.18687623751146218,0.402859145743075
Mature,Mature,True,0.10473423695964165,0.22180742195085293,0.16898823116866785,0.08526917992338358,0.41920092999745406
Mature,Mature,True,0.11290762383072625,0.17447145524527494,0.08588478805281974,0.21521048245695215,0.41152565041422706
Mature,Mature,True,0.18311004822276108,0.11177439364416303,0.11807695754047423,0.16272744275307593,0.4243111578395257
Mature,Mature,True,0.22920533432373666,0.2856353459979206,0.07838983844219764,0.08726161315808273,0.3195078680780622
Day 84,Day 56,False,0.09003051209353281,0.03389213116929683,0.5164740876607087,0.22377751740695437,0.13582575166950736
Mature,Mature,True,0.08129178960223395,0.12271336433088148,0.11498238024836006,0.22624642859918082,0.4547660372193436
Day 56,Day 56,True,0.2465057318100364,0.21057380591720604,0.3007139387580272,0.2106914003140357,0.03151512320069479
Mature,Mature,True,0.169190254708176,0.211261366073845,0.03368175668160029,0.15986762459158568,0.42599899794479307
Day 84,Day 84,True,0.08418956817797886,0.18660541371246372,0.2702686856718944,0.3824018553314594,0.07653447710620379
Day 0,Day 0,True,0.3469140815699161,0.19826034586725236,0.11266501494157245,0.2438860252034717,0.0982745324177874
Day 84,Day 84,True,0.12429007386597267,0.2528315011788481,0.2106970285773795,0.34028058161479396,0.07190081476300575
Day 0,Day 0,True,0.456606320190141,0.15236051529382547,0.18059748626184363,0.08086299130824971,0.1295726869459403
Day 28,Day 28,True,0.10761416131518163,0.325443404167109,0.22612400002914373,0.2525782698026063,0.0882401646859595
Day 84,Day 84,True,0.1378779412429764,0.13451318781996646,0.14763501520667538,0.41288003977959625,0.16709381595078554
Day 0,Day 0,True,0.36248933088000346,0.19693386154412998,0.2827290174677492,0.0642736709581662,0.09357411914995109
Day 56,Day 56,True,0.1834469675438752,0.10093522178910315,0.5442109460664402,0.0706283781733804,0.10077848642720107
Mature,Mature,True,0.07335164796923306,0.19823451371263565,0.07166610852377607,0.276663315507934,0.3800844142864212
Mature,Mature,True,0.1303527125095725,0.10072361105520922,0.04814286277482096,0.3328300529804317,0.38795076067996564
Day 28,Day 28,True,0.2018772614904283,0.46742978239829547,0.16073497126896558,0.13610054969121668,0.033857435151093955
Day 56,Day 56,True,0.2021042421822547,0.15469701413343842,0.3543158231323004,0.22863253229360903,0.060250388258397417
Mature,Mature,True,0.09096378909809212,0.30305776806947754,0.058560840698898026,0.13505647381621144,0.41236112831732097
Day 28,Day 28,True,0.18160055870117925,0.4336091437332981,0.15435071227433833,0.06691293195117587,0.16352665334000835
Day 84,Day 84,True,0.3126606288720239,0.08956360408718267,0.0811811835833321,0.43136496957222387,0.08522961388523766
Day 56,Day 28,False,0.08499350472200465,0.5512533633752961,0.19088946877699256,0.031361526966372524,0.1415021361593342
Day 0,Day 0,True,0.4467510324222409,0.1481440520327838,0.11697081631946335,0.05161974271403157,0.23651435651148037
Day 0,Day 0,True,0.35309155092732186,0.1788985980181876,0.15350029813078933,0.04086638364051581,0.2736431692831855
Mature,Mature,True,0.06017444580565403,0.039260387621896695,0.10983256897098884,0.13772073572619278,0.6530118618752677
Day 28,Day 28,True,0.05462405480244937,0.4304637955014091,0.18059508878803635,0.23721190671758496,0.09710515419052024
Day 84,Day 28,False,0.06107411517761951,0.38642662796410976,0.06103114019280541,0.2870766969725954,0.20439141969286995
Day 56,Day 56,True,0.23808396543025595,0.16489861103408304,0.35942687235036636,0.17260859360166203,0.06498195758363255
Day 28,Day 28,True,0.1897361922043466,0.3369938134403878,0.22791552404546692,0.09998754172824947,0.1453669285815494
Mature,Mature,True,0.11945159496770984,0.12753460881528633,0.13133610052164138,0.23711968599417527,0.38455800970118714
Day 56,Day 84,False,0.08504396676118743,0.039297311480024306,0.30024055674217803,0.508348815257859,0.0670693497587512
Day 28,Day 28,True,0.16743685487834778,0.32631218138627804,0.19923174986898243,0.17982995987864095,0.12718925398775088
Day 84,Day 84,True,0.14583143767050175,0.13259261478504922,0.2141360652510871,0.42749732830420095,0.079942553989161
Mature,Mature,True,0.11531903126902203,0.17787934802758795,0.08882147861725154,0.1691299956958568,0.44885014639028165
Day 56,Day 56,True,0.19721323571487684,0.16269196361130808,0.34536495193921796,0.2054322489471344,0.08929759978746271
Mature,Mature,True,0.13342356528314794,0.17252815266459495,0.1638396344923034,0.11488390302760088,0.4153247445323527
Day 28,Day 28,True,0.03815430778447141,0.4467463839002236,0.20681093256043068,0.0919684674802526,0.21631990827462175
Day 56,Day 28,False,0.042550730942456504,0.3684115202632998,0.3581539349340136,0.19220233359392247,0.0386814802663077
Day 0,Day 28,False,0.32212138358401227,0.3440441119822096,0.10072746341335931,0.16632792062685514,0.0667791203935638
Day 0,Day 0,True,0.3027977124096109,0.12879706370937458,0.19928469147791597,0.2935774345333034,0.07554309786979505
Day 28,Day 28,True,0.2229789234565341,0.4845115247353713,0.052252268376572694,0.034106389526045965,0.20615089390547595
Day 0,Day 0,True,0.3920107492010587,0.03554065835075128,0.1762976054821946,0.3544793054159334,0.04167168155006203
Day 0,Day 0,True,0.6646083680307235,0.11176180734285678,0.05653365667914472,0.05673586348364606,0.11036030446362888
Mature,Mature,True,0.06515264367559882,0.2866543150916333,0.15966111595774918,0.1754145248127375,0.31311740046228115
Day 84,Day 84,True,0.2054729965068523,0.08655609470475106,0.11204309169397705,0.4245368694455071,0.1713909476489124
Mature,Mature,True,0.12675428734025332,0.08663118682421013,0.1726580799718286,0.14840655387352966,0.46554989199017827
Mature,Mature,True,0.2182052211134308,0.08404618726486054,0.11158721591690449,0.16283402559388618,0.4233273501109181
Day 84,Day 0,False,0.3031598865617612,0.1498742416354325,0.1741880698388844,0.2826895871864742,0.09008821477744774
Day 84,Day 84,True,0.20309763702854583,0.08566094775258684,0.07781923467427769,0.5984902615638494,0.034931918980740106
Day 56,Day 56,True,0.22561346551514633,0.19250481964123517,0.3419492219925945,0.11540671960748204,0.12452577324354204
Day 84,Day 84,True,0.18341393231860062,0.027104940823402767,0.19869430079425177,0.37141060862240144,0.21937621744134325
Day 28,Mature,False,0.08052371742629237,0.2909306533434736,0.048393138029044776,0.2131868876283608,0.36696560357282837
Day 0,Day 0,True,0.4149359997177589,0.10764959882912466,0.08844434369012015,0.14245345376783333,0.24651660399516295
Day 0,Day 28,False,0.3361435487011758,0.38175458932081086,0.07241887104537711,0.09335493072532672,0.11632806020730968
Day 28,Day 28,True,0.1567798113219027,0.3861042724801955,0.1359864610470102,0.08856552069262981,0.23256393445826187
Mature,Mature,True,0.1316790939263935,0.20051140360819122,0.1282730838879277,0.12446945124769755,0.41506696732979004
Day 56,Day 56,True,0.05337457821022359,0.23582084005025972,0.39470695580745124,0.2735934129772685,0.042504212954796915
Mature,Mature,True,0.12356301919578258,0.10223093671275095,0.08903296976729713,0.17109602011331929,0.51407705421085
Day 0,Day 0,True,0.337977783548849,0.187580534486197,0.12122464870458928,0.3072754537488129,0.04594157951155169
Day 84,Day 56,False,0.23429349629460194,0.0267486547835482,0.3180822274689821,0.30380990927364204,0.11706571217922582
Day 56,Day 56,True,0.18260384914093564,0.17687945623038656,0.43387549327548486,0.13830443453687585,0.06833676681631709
Day 28,Day 28,True,0.0842127336712452,0.6059483212720723,0.043218980933123756,0.09907738096247715,0.16754258316108153
Day 0,Day 56,False,0.34527500218742946,0.1559095714221824,0.3487110178946852,0.11776098322381798,0.032343425271884926
Day 0,Day 0,True,0.4356430083726655,0.17919035376371267,0.17640830820083214,0.16758027175239235,0.04117805791039744
Day 84,Day 84,True,0.09940065102527326,0.11189043091249283,0.26737982653691356,0.4399986966878326,0.0813303948374876
Day 84,Day 84,True,0.04654809141517349,0.21454732571341426,0.20643627659695005,0.41253461313185724,0.11993369314260496
Day 28,Day 28,True,0.1250785457347302,0.4790919912978863,0.24121971956651872,0.05741869875072633,0.09719104465013849
Day 56,Day 56,True,0.14916052557269074,0.19261634263172117,0.35249377470691856,0.1683490896550678,0.13738026743360188
Mature,Mature,True,0.1340989849272818,0.09079878703060497,0.1243806718764961,0.3089208281029841,0.341800728062633
Day 56,Mature,False,0.23960779176789548,0.2131160033060176,0.21657849126686304,0.07768606000257128,0.2530116536566527
Mature,Mature,True,0.09761175044504367,0.11495836923947204,0.325134645134467,0.09662631140755808,0.3656689237734592
Day 0,Day 0,True,0.5094229786467317,0.2311948730470068,0.07418418282447313,0.1185759267956278,0.06662203868616075
Day 84,Day 84,True,0.063488965731133,0.298559212681262,0.10582649626942599,0.461616520451692,0.07050880486648689
Day 56,Mature,False,0.16175204016454534,0.1433501784490985,0.19652368103453385,0.2289134631440366,0.2694606372077857
Day 56,Day 56,True,0.13854335890837727,0.07930215836736519,0.46188823708172005,0.20338456967444193,0.11688167596809548
Day 56,Day 56,True,0.05356816350559145,0.2569363269911423,0.4085501801018486,0.20330503770798866,0.07764029169342902
Day 28,Day 0,False,0.2916654204305616,0.22364720899003368,0.24719082089681205,0.09041842110672792,0.14707812857586477
Day 28,Day 28,True,0.14652683325447874,0.4357021620828025,0.14814139691715433,0.17146926140367294,0.09816034634189162
Day 84,Day 84,True,0.12342233422058624,0.14301606666227104,0.12819436622416072,0.48097082459568435,0.12439640829729763
Mature,Day 28,False,0.11330514650482978,0.3928253180532912,0.06547032366899351,0.11359564827166692,0.3148035635012186
Day 0,Day 0,True,0.39721008408431907,0.13047539644472345,0.11660539781107504,0.17122765026482803,0.18448147139505444
Day 84,Day 84,True,0.2645135085797809,0.07447235472297227,0.03606381480711398,0.4639453780689259,0.16100494382120684
Day 0,Day 0,True,0.3852887616180669,0.3111038218760636,0.050096156579935075,0.06609967794377875,0.1874115819821557
Day 84,Day 84,True,0.16302042336252912,0.2680900928428959,0.15100405953660037,0.33334980464833114,0.0845356196096434
Day 28,Day 28,True,0.16690479150626514,0.3147870394901293,0.15314017979418001,0.15372786363700155,0.211440125572424
Day 28,Day 28,True,0.20359244027690568,0.3968412759732842,0.0995340600245258,0.09351817643073271,0.20651404729455164
Day 56,Day 56,True,0.23433028344169726,0.09122112283660508,0.297202107908912,0.1310083295939739,0.2462381562188118
Day 84,Day 0,False,0.4345399087118812,0.046344800971822565,0.09097493903669984,0.27222312299733165,0.15591722828226462
Day 28,Day 56,False,0.04254889969300135,0.3125991573339511,0.33202356336702593,0.26091612197288394,0.05191225763313764
Day 28,Day 28,True,0.12350193664502447,0.42516000448060765,0.11173055309983164,0.08024023701306371,0.2593672687614724
Day 56,Day 84,False,0.13828211766664517,0.13078913653326857,0.26594267991872783,0.32754526511744364,0.13744080076391477
Day 84,Day 84,True,0.11750767931611333,0.13158349283923546,0.06549721253979757,0.5406664969928918,0.14474511831196188
Mature,Mature,True,0.1604584416657535,0.10936336795113467,0.1510129655720153,0.200703965875171,0.37846125893592547
Day 0,Day 0,True,0.33895669415483315,0.13161320925368195,0.25442382391127316,0.11283321105106225,0.16217306162914946
Day 28,Day 56,False,0.17627814026371327,0.2822738661982356,0.401266717584733,0.036470490297043454,0.10371078565627456
Day 84,Day 84,True,0.18013306155983522,0.17957863033704266,0.2026321000503038,0.3173063881071203,0.12034981994569796
Mature,Mature,True,0.14421724009761283,0.15458111476133546,0.27541564918599,0.0578617072945397,0.367924288660522
Day 28,Day 28,True,0.21198813263014435,0.31492265979175155,0.22820189664232074,0.07989727528736666,0.16499003564841666
Day 56,Day 56,True,0.11153521141333039,0.28825360004790673,0.29165707960771364,0.22480688249037842,0.08374722644067066
Day 84,Day 84,True,0.16194791147742488,0.0480345513941346,0.24330695309625208,0.3902365826036297,0.15647400142855886
Day 28,Day 28,True,0.20090371431891646,0.3677943647897078,0.17734863645279714,0.051021586259678786,0.2029316981788997
Day 56,Day 56,True,0.12003661614820531,0.2763467171005906,0.42534339137784394,0.042225594055354955,0.13604768131800526
Day 84,Day 84,True,0.0926903410272443,0.14496023834586708,0.21711482991679143,0.510972188971303,0.03426240173879415
Day 0,Day 0,True,0.5703493551102018,0.2251491100490974,0.08501122501889904,0.03899032142104186,0.08049998840075975
Day 84,Day 84,True,0.1814814223221331,0.021111983368022332,0.32204836736483095,0.3366997878641123,0.13865843908090128
Day 0,Day 0,True,0.5104800005568966,0.14664635573578075,0.09052070085173446,0.1603366253382735,0.09201631751731468
Mature,Mature,True,0.07547170324583148,0.24324533911598026,0.24092766842581448,0.10739790092572049,0.3329573882866534
Mature,Mature,True,0.18104370117350949,0.1498930308774343,0.24866484442817438,0.01287788267315989,0.40752054084772193
Mature,Day 28,False,0.027344858975733567,0.5799804838279652,0.016022668254184486,0.14408628580957542,0.23256570313254143
Day 28,Day 28,True,0.27804667287922463,0.4772988608147051,0.09729714417155812,0.05255355700522781,0.0948037651292842
Day 28,Day 28,True,0.09931275582806633,0.3891744911387999,0.2133651642419643,0.13030208139344449,0.16784550739772489
Day 56,Day 56,True,0.23048982354916595,0.23208674657223294,0.30745129327975096,0.04425079573528048,0.18572134086356967
Day 56,Day 0,False,0.4316835553893786,0.15470921019668724,0.29872063969366336,0.06498878294174812,0.049897811778522747
Day 28,Day 28,True,0.1295012558419596,0.299449478104468,0.129324896836244,0.23892883376006674,0.20279553545726164
Day 0,Day 28,False,0.34189504252000963,0.34471375133157806,0.1159319766577937,0.07175354255410114,0.12570568693651743
Day 84,Day 28,False,0.06307683202718642,0.49875061152455974,0.054465080217837386,0.3038644408155015,0.07984303541491494
Mature,Mature,True,0.09049982604334954,0.14805204476252554,0.14897661035408385,0.27727289342010997,0.33519862541993106
Day 0,Day 0,True,0.42182667592437506,0.05506436297614002,0.1934820169446044,0.12282790708275744,0.20679903707212316
Day 28,Day 0,False,0.40682435989873106,0.2558733807957599,0.1935282499434942,0.05658354168328491,0.08719046767873002
Day 56,Day 56,True,0.10305363599723347,0.25919938698295614,0.45993043002946526,0.133543205357881,0.04427334163246406
Day 28,Day 0,False,0.3232643532156032,0.2724047100285322,0.2590356621749729,0.047640376915598616,0.09765489766529296
Day 0,Day 56,False,0.20257219234158805,0.17824115762604759,0.40813824196217663,0.08399919952899407,0.12704920854119364
Day 28,Day 28,True,0.08787847940944507,0.5001236831119197,0.23887924630074533,0.09447453300156868,0.07864405817632125
Day 28,Day 0,False,0.4093590100220229,0.21977186571924232,0.14598977635191465,0.07375445310278601,0.1511248948040341
Day 56,Day 56,True,0.11243403317806434,0.29191879912148766,0.3817864472732466,0.0884765093862294,0.12538421104097208
Day 56,Day 56,True,0.11059720980444594,0.2090812004466803,0.4729290486260889,0.1057376687314279,0.10165487239135705
Day 0,Day 0,True,0.4837986201638985,0.11352713948377867,0.11270931755924386,0.21486299532484257,0.07510192746823643
Day 28,Day 28,True,0.08045655489088972,0.3617941614114781,0.20630680383562996,0.23791915553674667,0.11352332432525547
Day 28,Mature,False,0.07468061002161822,0.2688725889872169,0.16528544446751234,0.12691417540995373,0.3642471811136987
Day 0,Day 0,True,0.3460801293346378,0.2119993652852153,0.17858218134640869,0.14052020780293706,0.1228181162308013
Day 0,Day 0,True,0.42208316237469184,0.06908474542717326,0.06003010425800691,0.29993748609420495,0.14886450184592298
Day 56,Day 56,True,0.08342065464665208,0.17859836420590777,0.31899844987283854,0.10518646498612058,0.31379606628848095
Day 84,Day 84,True,0.14458611379508982,0.12830968808208534,0.1527517674326526,0.3792926380623708,0.19505979262780143
Day 56,Day 56,True,0.06808268409166995,0.2859203045715633,0.4591917438450437,0.11632294728143382,0.0704823202102893
Day 84,Day 28,False,0.13057705800636604,0.2735743495790232,0.07355065137097323,0.26225202211733967,0.26004591892629797
Day 56,Day 56,True,0.3545755615049728,0.06082937457982899,0.3611208277833195,0.10079568820980425,0.12267854792207451
Day 28,Day 28,True,0.17144833948502453,0.4620635587310904,0.08737299819873147,0.17246287778329383,0.10665222580185968
Mature,Mature,True,0.16445795830323562,0.18585780223474338,0.2038287516181668,0.08066102696122164,0.36519446088263263
Day 28,Day 28,True,0.09232121079255276,0.3281463925812973,0.13372440287748216,0.2677673451704697,0.178040648578198
Day 56,Day 56,True,0.11062000250853193,0.16217595571685972,0.2742861084653421,0.2578794149672123,0.19503851834205388
Day 0,Day 0,True,0.3448075599488251,0.1504964191322238,0.11638515466168163,0.3000918305069749,0.08821903575029467
Day 28,Day 84,False,0.13794618204221712,0.24483086721634914,0.18089921258835415,0.3448217324590589,0.09150200569402057
Day 56,Day 56,True,0.32454219328147743,0.12717649459729377,0.3344053164737469,0.12848988721858529,0.08538610842889673
Day 0,Day 0,True,0.5580246321858923,0.2604680086654124,0.0655123547826696,0.06351844921827333,0.05247655514775227
Day 56,Day 56,True,0.08477483902029266,0.1389363674968409,0.6326263125753188,0.10442483051191516,0.03923765039563246
Mature,Mature,True,0.11872686140474052,0.40455345963106093,0.028699765512522193,0.03103963945176567,0.4169802739999107
Day 0,Day 0,True,0.3903141673172961,0.08207906777923162,0.2552482602249814,0.1421074144355698,0.13025109024292097
Day 28,Day 28,True,0.1689719768172883,0.4660215422833566,0.15110120403335356,0.09656057145893035,0.11734470540707105
Mature,Day 28,False,0.28570735541916203,0.34937115953029413,0.09832881807723991,0.07149069458860746,0.19510197238469637
Day 0,Day 0,True,0.43772939282799783,0.21152297721912444,0.1627538182634208,0.10036562743371959,0.08762818425573736
Day 84,Day 84,True,0.09426117772878319,0.17872896451734552,0.11807929881790795,0.42157515863851264,0.18735540029745068
Mature,Mature,True,0.16251785955909498,0.0729214051286903,0.16999172907950258,0.20444739310396226,0.3901216131287499
Mature,Mature,True,0.11236778107153071,0.16773792952401914,0.17969880811564543,0.15043231667296103,0.3897631646158436
Day 84,Day 56,False,0.023594201843974674,0.07119619009147138,0.473730940890249,0.3760473034426584,0.05543136373164646
Day 28,Day 28,True,0.1363389712882802,0.39888711720778136,0.05380466955759633,0.24585694546925968,0.16511229647708256
Day 56,Day 56,True,0.28503551771259084,0.14067411675528646,0.3528471024527574,0.1311246150068901,0.09031864807247525
Day 84,Day 84,True,0.08566630328415394,0.06813721369666353,0.3069760403764609,0.36121009658547804,0.17801034605724345
Mature,Mature,True,0.241824393604215,0.03566212495865333,0.2823730573993071,0.058696094717915474,0.38144432931990907
Mature,Mature,True,0.05799197570281983,0.07912637695079743,0.299100554123803,0.17760386875629267,0.3861772244662871
Day 56,Day 56,True,0.2586587689866057,0.08885189011648356,0.38880948945233185,0.15466321961938456,0.10901663182519436
Day 28,Day 28,True,0.08536484717084804,0.3252922895292679,0.05483647409234793,0.3021590695163467,0.23234731969118955
Day 56,Day 0,False,0.3661597889951892,0.12534789190919593,0.3118257640580222,0.033295134210903216,0.16337142082668943
Day 56,Day 84,False,0.04427488182024638,0.2435429907232435,0.2277324949466263,0.27616687698932074,0.20828275552056302
Day 84,Day 84,True,0.22967887796203074,0.061070228780990034,0.15422913661561832,0.4394821388312439,0.11553961781011714
Day 56,Day 56,True,0.1362962620162657,0.1077072590412266,0.5049897810576529,0.10284549332861212,0.14816120455624268
Day 56,Day 56,True,0.12267755370870759,0.11697951094845675,0.5238975620134999,0.08070604379516279,0.15573932953417302
Day 28,Day 56,False,0.1665817782641256,0.2829519043683853,0.30035694669038127,0.12404961867566154,0.12605975200144642
Mature,Mature,True,0.09923584303943697,0.26227165191383806,0.15325087574857799,0.05709238702957234,0.42814924226857465
Day 56,Day 56,True,0.31469375453507914,0.047753797397931515,0.4451558445087391,0.1162742283422739,0.07612237521597626
Day 56,Day 56,True,0.12695512269571843,0.05894105364902924,0.5535972351952589,0.15140595521419895,0.10910063324579446
Mature,Mature,True,0.10365321373089184,0.13500728401248968,0.18859647903877358,0.2813785517115831,0.29136447150626177
Day 28,Day 28,True,0.17606593848768431,0.40904766893258926,0.09292718769802587,0.06488784166757283,0.25707136321412777
Day 56,Day 56,True,0.036071815075476604,0.2557436429090881,0.3495847955539215,0.13218970092091903,0.2264100455405948
Mature,Mature,True,0.18354631445182815,0.06918228274275429,0.16272867941536773,0.27095384973687114,0.31358887365317867
Mature,Mature,True,0.373732691271576,0.10518860885464089,0.07115422883155181,0.07318001575958419,0.3767444552826472
Day 56,Day 56,True,0.07202237211752324,0.2654444446152356,0.34577728920680934,0.279049986611099,0.0377059074493327
Mature,Mature,True,0.10196736212218382,0.06664561586817241,0.09316193716729476,0.24025879251927942,0.49796629232306955
Day 0,Day 0,True,0.40666529495909554,0.24229064745131132,0.18688155998484107,0.09956398495291184,0.06459851265184026
Day 28,Day 0,False,0.39674255175699197,0.2594334339234956,0.20353349046893054,0.0867887419269774,0.05350178192360445
Day 84,Day 84,True,0.07138722204025662,0.2697838655438694,0.2609823163232416,0.2722568436751398,0.12558975241749262
Day 28,Day 28,True,0.11612074903974243,0.3966615103482382,0.1985049545873658,0.24474997513881563,0.04396281088583782
Day 28,Day 28,True,0.10568324592660851,0.5238162202890527,0.06356603640340044,0.16431463926955628,0.14261985811138206
Day 0,Day 84,False,0.27739403200230744,0.0814132187934422,0.08438219581194767,0.3220587215935943,0.23475183179870843
Day 28,Mature,False,0.11154759007195546,0.23559851765731157,0.29357736870490575,0.04202289494449775,0.31725362862132933
Day 28,Day 28,True,0.2855457468901914,0.33280654040643265,0.10077373788981066,0.11094750041140865,0.16992647440215664
Day 84,Day 84,True,0.2622664763913767,0.07574394865726998,0.13856372134923092,0.26832913389538976,0.25509671970673276
Day 28,Day 28,True,0.11175493960252345,0.4614380518424031,0.09159444168814887,0.1989106782591882,0.13630188860773637
Day 28,Day 28,True,0.23901025758052583,0.47027937317213336,0.11883005135460417,0.04717886417701141,0.12470145371572537
Day 0,Day 0,True,0.4650443994047859,0.0820836875713438,0.06799322291557014,0.2359732901010846,0.14890540000721567
Day 28,Day 28,True,0.28018093758931084,0.2889765637240509,0.22715305374363484,0.08276047171782865,0.12092897322517471
Day 56,Day 56,True,0.08360846827492636,0.14251253482204984,0.37645824398254246,0.14828299399139072,0.24913775892909068
Day 0,Day 0,True,0.3265430703885909,0.21527617542755623,0.09187870428241121,0.2539785557908157,0.11232349411062593
Day 28,Day 28,True,0.0860525875441311,0.35739377088601715,0.2045153323727697,0.14876471667996907,0.20327359251711297
Day 56,Day 56,True,0.08526173840437454,0.24020822622958365,0.46565650733682307,0.03958602840972145,0.1692874996194971
Mature,Mature,True,0.0956746866856667,0.2661298949561929,0.027091281901321523,0.1500099316205409,0.46109420483627783
Day 84,Day 56,False,0.2048975059953817,0.07954603438006615,0.3246721451650252,0.29039539351823307,0.10048892094129386
Day 84,Day 0,False,0.3400443353399094,0.14907673788897802,0.11519322789138718,0.3131251535860713,0.08256054529365413
Day 28,Day 28,True,0.11075410321645711,0.5033439568686514,0.09292629763142661,0.18563283899837016,0.10734280328509463
Day 28,Day 28,True,0.07863729435390956,0.4260312584458957,0.11187333458519207,0.12143351238749983,0.26202460022750285
Day 28,Day 0,False,0.3826494155140004,0.34846550698461864,0.042456743897759525,0.10745338471520972,0.11897494888841176
Day 56,Day 0,False,0.34317985814775026,0.04664654571812222,0.21313757144932324,0.08013912781751294,0.31689689686729133
Day 0,Day 0,True,0.4319294391408045,0.1449042182637224,0.1767517768364961,0.18652660663437762,0.05988795912459941
Day 56,Day 56,True,0.10209828933005116,0.3222045400027245,0.39690593860929607,0.14866995992463836,0.030121272133289884
Day 28,Day 28,True,0.20571671610783926,0.3635632883143881,0.22913541051414274,0.05451326440951696,0.14707132065411305
Day 0,Day 0,True,0.34677925961485057,0.11627657331661034,0.10187118602093505,0.09336293867960489,0.34171004236799907
Day 0,Day 0,True,0.3635282136295443,0.11306523503971017,0.2798255516847906,0.08154155388100971,0.16203944576494514
Day 0,Day 0,True,0.3640065702324736,0.16517720081319895,0.25856453954772135,0.11590325845352424,0.09634843095308185
Mature,Mature,True,0.09011199131846383,0.22091373290946514,0.06799857737390683,0.2176464644653212,0.4033292339328429
Day 28,Day 56,False,0.126093690053476,0.24116072424111074,0.2888182260728257,0.2093984525941999,0.1345289070383878
Day 56,Day 56,True,0.09900437245020871,0.19654204122924648,0.39738013042585546,0.16970828485604086,0.13736517103864845
Day 28,Day 84,False,0.06085174268165867,0.2553474552065215,0.08324185431036529,0.5379653667532398,0.06259358104821469
Day 56,Day 56,True,0.13127513002334534,0.09935801196960833,0.3533368791736894,0.3348331781792234,0.08119680065413361
Day 56,Day 56,True,0.1179892721219298,0.26389089592318404,0.4562853092884656,0.07981807366441121,0.08201644900200925
Day 28,Mature,False,0.18269562024535926,0.3056300585847874,0.08926132870875284,0.09338050713739907,0.32903248532370155
Day 28,Day 28,True,0.07706577797041497,0.4631295136677523,0.12995041285989545,0.10458460350672152,0.22526969199521563
Day 84,Day 84,True,0.15601184346583213,0.18009503263857132,0.13829849607201775,0.35875768361984234,0.16683694420373654
Day 0,Day 0,True,0.4126137333615319,0.09466228430603524,0.13527274264722705,0.23589736068692382,0.12155387899828182
Mature,Mature,True,0.09887446510292713,0.0784467811612525,0.3166662148436684,0.15127639112765828,0.35473614776449364
Day 56,Day 56,True,0.1314088630637752,0.15025043513624703,0.3340416676992426,0.28979160105472085,0.0945074330460143
Day 84,Day 84,True,0.07447016990410457,0.2603215162459509,0.09568177048520105,0.49739504980440885,0.07213149356033459
Day 28,Day 56,False,0.16362495906748506,0.24593903039026796,0.24770910903179427,0.12857966834924822,0.2141472331612044
Mature,Mature,True,0.07269716771788702,0.14104387094677848,0.13625993829933292,0.21246718374644422,0.43753183928955747
Day 28,Day 28,True,0.14044643595283948,0.4493115429135437,0.14513849626726025,0.12980780741333348,0.13529571745302307
Mature,Day 56,False,0.14539943026902571,0.09188598730616993,0.46915542760840256,0.03637610646896727,0.25718304834743466
Day 56,Day 56,True,0.2850878469467378,0.16645220828238136,0.3466641881469,0.12597342665602912,0.0758223299679519
Day 28,Day 28,True,0.055757148942123747,0.3578052958244174,0.05813830428684056,0.33249295304629795,0.19580629790032036
Day 28,Day 28,True,0.2611679609159918,0.33251715020657374,0.13982784550903266,0.07179234372981066,0.19469469963859104
Day 0,Day 0,True,0.417211618635184,0.10190317068332766,0.1574114617677809,0.11738943289228877,0.20608431602141866
Day 56,Day 56,True,0.20889666558654946,0.12552109436625666,0.43091144628556227,0.14100277900796834,0.09366801475366333
Day 28,Day 28,True,0.09283695246345172,0.44023988482010734,0.14099392789544893,0.14666981157186584,0.1792594232491262
Day 84,Day 84,True,0.062479243861796235,0.23943735955909662,0.18009991919483784,0.3994035845832189,0.11857989280105044
Day 28,Day 0,False,0.3636631796392638,0.2093415248570368,0.13005944564513475,0.20379242441049084,0.09314342544807383
Day 28,Day 28,True,0.1745875806565872,0.3264384088467584,0.1713364708993637,0.08432149942816049,0.24331604016913014
Day 28,Day 28,True,0.2122063023869206,0.4410723179955532,0.12291953969845132,0.15892483833723062,0.06487700158184422
Day 84,Day 28,False,0.13964624569362602,0.3303975508976581,0.1548546746855888,0.31817060602327524,0.05693092269985167
Day 56,Day 56,True,0.09716288899497605,0.05831437179710923,0.43038785837161486,0.2216992568113778,0.19243562402492193
Day 56,Day 56,True,0.2604700689969048,0.10411426740103755,0.27170532611197584,0.12270652741106713,0.24100381007901459
Day 84,Day 84,True,0.13091088251486652,0.29343756676797883,0.07430518403344726,0.4000678477919648,0.10127851889174254
Mature,Mature,True,0.1782744617263065,0.1687305707318586,0.050058405769573204,0.23046238865278124,0.37247417311948056
Day 56,Day 0,False,0.4477091724914764,0.08943691687348115,0.2071791142690778,0.09521571116089818,0.16045908520506652
Day 28,Day 28,True,0.24282279202213083,0.3148120585404069,0.10410683004719734,0.14331991648431086,0.19493840290595407
Day 0,Day 56,False,0.27118559215497295,0.16457647039878007,0.38188592404595184,0.12993052714007072,0.05242148626022453
Mature,Mature,True,0.08759666774030088,0.2218508273064037,0.04869951309690765,0.11502932807142102,0.5268236637849668
Day 0,Day 56,False,0.32046177254693053,0.09098063827090185,0.37646229783271234,0.14284549087548765,0.06924980047396768
Day 0,Day 28,False,0.2833949255263499,0.317095882117313,0.1105572257398114,0.060610986299948724,0.22834098031657707
Day 0,Day 0,True,0.34091367874805045,0.11903098870271196,0.1040957297007311,0.33926232457633765,0.096697278272169
Mature,Day 56,False,0.062149191198031244,0.24668784203984775,0.30850402100742036,0.09258614335389762,0.29007280240080285
Day 0,Day 56,False,0.2806006822925521,0.13450175931658692,0.40193099411291455,0.14521541391931542,0.03775115035863089
Day 56,Day 56,True,0.08385455952284528,0.14665477761347415,0.4753454456672961,0.2103903896749398,0.08375482752144475
Day 84,Day 84,True,0.12393898276159895,0.09459511589108147,0.3133768230684996,0.36352546831623306,0.10456360996258705
Day 28,Day 0,False,0.25275727020156813,0.24257669680845417,0.12898897285772287,0.16561557419918613,0.21006148593306867
Day 56,Day 56,True,0.049264612295383606,0.19052607404228952,0.45312113377875407,0.18087405690710892,0.126214122976464
Mature,Mature,True,0.22690262363049205,0.11256867686978402,0.12237478065843363,0.15569721811060006,0.3824567007306904
Day 0,Day 0,True,0.5021646042431744,0.11526444182486341,0.08950438769877131,0.16705467890748393,0.12601188732570695
Mature,Mature,True,0.13299224030827744,0.2111362651568223,0.10117458643219691,0.05899055845328933,0.49570634964941407
Day 0,Day 0,True,0.439539581846002,0.1671336583675248,0.1638348601952757,0.0624280517963672,0.16706384779483036
Mature,Mature,True,0.1435490124135435,0.061405587608429894,0.07972501988796399,0.13138335229729173,0.5839370277927709
Day 56,Day 56,True,0.3407339404079321,0.042348150158836154,0.34265348645391175,0.11025014031026682,0.16401428266905313
Day 0,Day 0,True,0.3764498897464921,0.10781224505960174,0.05319901573471884,0.3193104091207277,0.1432284403384596
Day 0,Day 0,True,0.45632987634876415,0.2546258103868206,0.10493149411981782,0.10103963975600688,0.08307317938859042
Mature,Mature,True,0.048735180467473625,0.1107777222466459,0.18118307453888044,0.19793024819913013,0.46137377454786993
Day 0,Day 0,True,0.28158870695450067,0.20271092851967476,0.18542774966670986,0.23842376421630102,0.09184885064281365
Mature,Mature,True,0.07878032311057188,0.09291765660169334,0.08936668417675298,0.25860282339255136,0.4803325127184305
Day 0,Mature,False,0.2773173183995545,0.2668293480415228,0.07686196503642292,0.09913908456829965,0.27985228395420014
Day 56,Day 56,True,0.11327400452834341,0.09800423965062548,0.5340870940727878,0.10110141891188983,0.15353324283635358
Mature,Day 0,False,0.45909274175663994,0.1258421725274498,0.08437929060232956,0.12071651774469315,0.20996927736888757
Mature,Mature,True,0.2545055603579411,0.1413455159147818,0.14814355487029107,0.1272012174171824,0.3288041514398035
Day 28,Day 28,True,0.29464892692841615,0.42181215470682853,0.0866891702422634,0.05717553707360536,0.13967421104888644
Day 56,Day 56,True,0.07675092090546547,0.14670148953271908,0.4243876902697227,0.1414140026632113,0.2107458966288814
Mature,Mature,True,0.1375542450733617,0.20204037597966987,0.19214904947346564,0.11904211809990686,0.3492142113735958
Mature,Day 28,False,0.09299610025496367,0.5187331399815625,0.0590573884808025,0.12238331601227305,0.20683005527039833
Day 56,Day 56,True,0.18509150379193517,0.16747952000293226,0.3743679775950652,0.11527524474773401,0.15778575386233343
Day 84,Day 84,True,0.14444649220198352,0.13300173418970396,0.08419726250770744,0.5075747530547848,0.13077975804582007
Day 0,Day 0,True,0.41903007800421194,0.07814264549984298,0.06001149010157447,0.1057472166213683,0.3370685697730023
Day 0,Day 0,True,0.39100316423034676,0.1532654826760341,0.04193483131146092,0.30231709981648325,0.11147942196567502
Day 0,Day 84,False,0.35919508341119283,0.08872731596944004,0.07601538810809076,0.41494330564436527,0.061118906866911175
Day 0,Day 0,True,0.39368657425727255,0.12108999402044242,0.25166523871413576,0.11468175598293989,0.1188764370252093
Day 28,Day 28,True,0.0763332852392874,0.5356296041875744,0.25527139616318006,0.04634250027619632,0.0864232141337616
Day 28,Day 28,True,0.21311384085532736,0.4232170480218759,0.0832579309745851,0.09148112288320599,0.18893005726500556
Mature,Mature,True,0.09323569944305567,0.09767882791795555,0.17517621140072298,0.12445922768491223,0.5094500335533535
Day 0,Day 84,False,0.3269479373105514,0.1692299221608661,0.08548508322210512,0.35879561698682777,0.05954144031964956
Mature,Mature,True,0.1119256120173446,0.31186480253356597,0.1590638323507928,0.05665621556515224,0.3604895375331444
Day 84,Day 84,True,0.07131933789499295,0.06548023523453651,0.2738823267933579,0.4642367655545061,0.12508133452260653
Day 84,Day 84,True,0.15803913616307666,0.06512857278755091,0.19844616190199132,0.4467740503513579,0.13161207879602319
Day 0,Day 0,True,0.3034114774783107,0.25105719577514646,0.17897368120424464,0.10897330511527173,0.15758434042702626
Day 0,Mature,False,0.3510448341268448,0.07789881681869183,0.061568743175646166,0.06209018580500121,0.44739742007381583
Day 28,Mature,False,0.14790780335126183,0.3214251036361707,0.11148667672754319,0.06633285339947623,0.3528475628855481
Day 56,Day 56,True,0.07318019527001322,0.17330979595682808,0.4120080350155109,0.07679142519411164,0.2647105485635361
Day 28,Day 28,True,0.27213989943600997,0.3858617119641493,0.12341049060235654,0.0763252453420419,0.14226265265544244
Mature,Mature,True,0.11373258301908086,0.03248453901153143,0.22141719009187005,0.30728250873845936,0.3250831791390583
Day 28,Day 28,True,0.1037418363905999,0.480980440520687,0.18240869509922,0.12835569452566495,0.10451333346382821
Day 84,Mature,False,0.06969093506932725,0.1724343154364635,0.192713880730786,0.25571039003867846,0.30945047872474485
Day 0,Day 0,True,0.44012288798751914,0.1296989167356205,0.21214365469221103,0.1706687243882067,0.04736581619644256
Day 28,Day 28,True,0.3908005252819,0.4266804200182168,0.04304580591138547,0.07573971005771564,0.06373353873078205
Day 0,Day 0,True,0.3555928946804053,0.2902487846104788,0.18259431449995722,0.11284709053015252,0.058716915679006006
Day 28,Day 28,True,0.13768379794283556,0.34518420090729257,0.20591056207913663,0.12826975679149275,0.18295168227924233
Day 84,Day 28,False,0.18278159721154935,0.2896539736449735,0.1990047349956792,0.2884461326942364,0.04011356145356166
Day 84,Mature,False,0.1893096175866577,0.17213915696639,0.050813429661568425,0.28325950174311104,0.30447829404227283
Day 0,Day 56,False,0.2259503796589056,0.223553338692494,0.2836473233110901,0.129940251448827,0.1369087068886833
Day 28,Day 0,False,0.35968432302619563,0.25991223444823947,0.15962769995446216,0.1632688185522066,0.057506924018896115
Day 28,Day 28,True,0.12896665330284374,0.46686944547405285,0.14504172176426844,0.05110763414573864,0.20801454531309657
Day 0,Day 0,True,0.42315475041370054,0.17287111042983078,0.24446520823354445,0.0210881031785529,0.13842082774437137
Day 0,Day 0,True,0.35534809354513075,0.33462039536761606,0.1662058158763159,0.04260899651321635,0.10121669869772107
Day 0,Day 0,True,0.5620279346412299,0.11230213292910655,0.07619874308468043,0.13725923467845122,0.11221195466653199
Day 0,Day 0,True,0.39514454537614274,0.12662801109119415,0.13211551333516117,0.17252578429599397,0.1735861459015081
Day 84,Day 84,True,0.022184068015797902,0.041694532408692336,0.2873453201605034,0.43171263022027223,0.21706344919473422
Day 56,Day 56,True,0.04965012075355939,0.3159904187091053,0.3719736333842029,0.048597755904539394,0.21378807124859286
Mature,Day 84,False,0.17483212490705774,0.14418202289534957,0.12449649520040079,0.2797653064147439,0.27672405058244803
Day 0,Day 84,False,0.23318575634182703,0.24662711248328428,0.04181926318043725,0.27150148940317903,0.20686637859127247
Day 28,Day 28,True,0.09093968435546584,0.4482472672965481,0.23939076291485958,0.11802775687853936,0.10339452855458711
Day 84,Day 84,True,0.058497065737455736,0.14439457783237505,0.1429778719655091,0.33824606225503195,0.3158844222096281
Mature,Mature,True,0.23355876235829204,0.13778736813806022,0.15780133119891585,0.14212425688432057,0.32872828142041133
Day 28,Day 28,True,0.10908919698731366,0.3314634738691031,0.10328053635738128,0.3175305776815904,0.1386362151046114
Mature,Mature,True,0.2908535988881753,0.10389807374547673,0.10014746874997368,0.12326929947012757,0.3818315591462466
Mature,Mature,True,0.24951553842860485,0.22750076224391821,0.0560739105411362,0.10266847229652128,0.36424131648981956
Day 28,Day 56,False,0.18724942843801395,0.3026601479564528,0.3342289246895801,0.08782031240871284,0.08804118650724035
Day 28,Day 56,False,0.12781155610827213,0.38028178192906786,0.40475517190401344,0.036040772172625336,0.05111071788602118
Day 84,Day 0,False,0.3451692960145402,0.05539427958061153,0.23802273504183086,0.27272578596529795,0.0886879033977194
Day 28,Day 28,True,0.2839339851013783,0.32950644135925966,0.15303248966359478,0.20625792419549233,0.02726915968027505
Day 56,Day 56,True,0.1411076175336274,0.2447373906462368,0.4308877793113848,0.06208087887652812,0.12118633363222289
Mature,Mature,True,0.1661897216220087,0.12451147721331442,0.10017174823608413,0.12372296970522616,0.48540408322336653
Day 0,Day 0,True,0.40752145931328804,0.2281408127162098,0.11366413997818813,0.15724017117523958,0.09343341681707455
Day 0,Day 0,True,0.4412916921154153,0.14367924430527873,0.11204075939877639,0.045151729329379116,0.25783657485115047
Day 28,Day 28,True,0.12199609292860418,0.4927034385939529,0.12155297372468377,0.07124389703262528,0.19250359772013398
Mature,Mature,True,0.14564472165596115,0.120553310550595,0.16959792754644565,0.1622566232306794,0.4019474170163188
Mature,Mature,True,0.1328782554071525,0.05558071361720713,0.33827611300003047,0.12617327170527765,0.3470916462703322
Day 84,Day 84,True,0.09551484058667788,0.21822682589282247,0.07240774950975447,0.5069487539539161,0.10690183005682896
Mature,Day 56,False,0.13044393345546937,0.1422515306396468,0.33033802821340486,0.11889769782402208,0.2780688098674569
Day 84,Day 84,True,0.11608954607929314,0.10057127584050533,0.1420086746815186,0.33727862023908695,0.3040518831595961
Day 56,Day 56,True,0.24316507789422578,0.07195852878964418,0.36679406350771127,0.19408310052238825,0.1239992292860303
Day 0,Day 0,True,0.40854547190166285,0.33458045737833203,0.1078568253749385,0.11790297295370898,0.03111427239135762
Day 84,Mature,False,0.191665019592747,0.05315158180354848,0.1467920871232201,0.21400003692830966,0.39439127455217476
Day 0,Day 0,True,0.2917319483561223,0.2613875079507399,0.2566032124637776,0.1213444919990458,0.06893283923031425
Day 0,Day 0,True,0.4090681379290647,0.18382946388650637,0.1243059897832738,0.18593623108516744,0.09686017731598769
Day 84,Day 84,True,0.0985725327234249,0.1509490256105054,0.053196362785672864,0.3543697059579549,0.34291237292244203
Mature,Mature,True,0.07364642610632527,0.18441125907267122,0.21917782495834492,0.046028443074452495,0.4767360467882061
Day 84,Mature,False,0.08616643304561995,0.16342697670918632,0.07770767749283915,0.22861696281638486,0.4440819499359698
Day 84,Day 84,True,0.17896348309968665,0.2085888159857978,0.09595695732999622,0.383835295470865,0.13265544811365435
Day 56,Day 56,True,0.06858921226928923,0.18394021221530846,0.3890596675941861,0.2630762620623989,0.09533464585881722
Day 84,Day 84,True,0.10790784208331358,0.2293414221841947,0.16126357347894543,0.38770032726313625,0.11378683499041008
Day 84,Mature,False,0.2910379630178645,0.1379750074011233,0.07181910234008942,0.19088945113762887,0.3082784761032938
Mature,Mature,True,0.12556007592322213,0.24397944288472337,0.0815751379466256,0.06875706284635566,0.48012828039907324
Day 84,Day 84,True,0.18024920317696055,0.19673491599545012,0.22284401246263352,0.29159681497089984,0.108575053394056
Mature,Mature,True,0.05593740097535883,0.26598112375457267,0.2981766936876736,0.0450954049600728,0.3348093766223222
Day 28,Day 28,True,0.2394159034674605,0.4045323236186863,0.08556022732641652,0.19638550157020748,0.07410604401722928
Day 84,Day 84,True,0.11011581156033695,0.09300108114189412,0.12843258925192472,0.5187258072412152,0.149724710804629
Day 56,Day 28,False,0.13267263355555842,0.348374281839758,0.17594730919683796,0.25446399843825407,0.08854177696959165
Day 28,Day 28,True,0.24107577476962233,0.40766223239763855,0.04794427121506451,0.15442018438069055,0.1488975372369839
Mature,Mature,True,0.1300171585455916,0.06553403428822663,0.18102944989258224,0.10029135701538003,0.5231280002582196
Day 56,Day 56,True,0.05771810427426091,0.17737100168149475,0.34586918428217434,0.19787097087802435,0.22117073888404568
Day 0,Day 0,True,0.3437359418664255,0.12074440292604882,0.25063342177547643,0.2072632606436433,0.077622972788406
Day 84,Day 84,True,0.10416042261815026,0.08646789754025296,0.3701290125194476,0.39320975892426124,0.04603290839788789
Mature,Mature,True,0.03604807695054955,0.3152556461014671,0.18992177340485344,0.028956038197626724,0.42981846534550316
Day 56,Day 56,True,0.14822347950801282,0.11457461063112731,0.49104396321143207,0.16550066164491056,0.08065728500451717
Day 84,Day 84,True,0.24650874586183402,0.09644669422690945,0.15366523532829118,0.314282218939007,0.18909710564395826
Mature,Mature,True,0.2182326925449181,0.15484139642443906,0.2034498554900413,0.14815510696290418,0.27532094857769734
Day 84,Day 84,True,0.12838354164511617,0.07472521659682821,0.282589670883108,0.3404450453128738,0.17385652556207387
Day 84,Day 84,True,0.1496699330577703,0.09074576231261054,0.12420499433423708,0.4412372469853932,0.19414206330998884
Day 0,Day 0,True,0.4849491840559933,0.05213271534515211,0.1541969321147788,0.13798658623057256,0.17073458225350321
Day 0,Day 0,True,0.5142803338161205,0.14336602249272315,0.05718534644349062,0.21921207826699454,0.06595621898067114
Day 84,Day 84,True,0.08581029829871249,0.24538349578650748,0.17377364978165727,0.3188493908182499,0.17618316531487271
Day 0,Day 0,True,0.6206574014791756,0.12798800796600582,0.07341738788336338,0.054015655830604234,0.12392154684085112
Day 28,Day 84,False,0.200685530467501,0.26151266223736025,0.1859570036769941,0.28807285797462434,0.06377194564352037
Day 84,Day 28,False,0.14726416479654209,0.3579773794647431,0.054856370689566746,0.3498959601797172,0.09000612486943105
Mature,Mature,True,0.1020560357675691,0.07491503792580419,0.32027260128355184,0.08778546828147904,0.41497085674159584
Day 84,Day 84,True,0.09092376455637526,0.12420255727450129,0.16035905895312583,0.372964090306753,0.25155052890924473
Day 56,Day 56,True,0.21368092722861032,0.2353949674648001,0.3800069552630264,0.04026220313564027,0.1306549469079228
Day 84,Day 84,True,0.1484242771043775,0.1741921730921608,0.07173616296355453,0.4268347812007164,0.17881260563919077
Day 0,Day 56,False,0.28376485782970157,0.0746554733322123,0.45724747160688695,0.12823410235507182,0.0560980948761274
Day 0,Day 56,False,0.31916582949100125,0.11890248600970524,0.3484026300318702,0.12461471731188788,0.0889143371555355
Day 84,Day 84,True,0.06795344791104355,0.1019120806664761,0.3158992431307049,0.40293121484241956,0.11130401344935598
Day 84,Mature,False,0.20450354901382437,0.18777536576257592,0.13596030760141609,0.20811476434666396,0.2636460132755197
Day 0,Day 0,True,0.531242658220765,0.06324432931269794,0.117205860749161,0.13379493295670827,0.15451221876066779
Day 28,Day 28,True,0.1454320386807216,0.39590028840942865,0.28873107229482947,0.07165402407144694,0.09828257654357331
Day 56,Day 56,True,0.07664771670400347,0.1639690026922706,0.47495610183067,0.10083670880969489,0.1835904699633611
Mature,Mature,True,0.11235753046123803,0.11447678190088488,0.05964551868084022,0.35019717540964695,0.36332299354738995
Day 28,Day 0,False,0.4608110718041934,0.21006611248250467,0.21260989353931012,0.010925615524546699,0.1055873066494451
Day 0,Day 0,True,0.4801903935765993,0.14556305058197191,0.16843494684597857,0.12479656452290824,0.0810150444725418
Day 56,Day 56,True,0.07040877280033203,0.07598208781532113,0.47494113602529586,0.16793943616822674,0.2107285671908242
Day 0,Day 0,True,0.3381759208343797,0.14273418271985094,0.2254578433437165,0.2101790007530393,0.08345305234901353
Day 56,Day 56,True,0.25411803711743297,0.23205446964069554,0.33035705969840684,0.09326914820149432,0.09020128534197042
Day 84,Day 84,True,0.14411916615330875,0.08852139789299983,0.05429636388773545,0.3840019985252727,0.3290610735406832
Day 56,Day 56,True,0.13577325009433017,0.14452959466620405,0.350353931989934,0.2719524277994456,0.09739079545008623
Day 0,Day 0,True,0.3133853238051702,0.1457013240357916,0.2306523175267765,0.11342793158718549,0.19683310304507617
Day 0,Day 0,True,0.40906600468611454,0.08780841255235763,0.12321930631057822,0.2482892879441683,0.13161698850678136
Day 0,Day 0,True,0.40038944694452716,0.1431515538266438,0.057482608206896164,0.26399439790998497,0.13498199311194783
Mature,Mature,True,0.18691788051927433,0.09164491882618325,0.05331385905355421,0.26905096235430265,0.39907237924668554
Mature,Mature,True,0.17125850559882075,0.27791312064543083,0.06557941056708783,0.061286954011557135,0.4239620091771034
Day 84,Day 84,True,0.18016219835780076,0.13682315144392623,0.08191481076265653,0.5217695049144679,0.07933033452114849
Day 28,Day 28,True,0.29457836797460873,0.4065622326252878,0.09003796479122206,0.127867101700953,0.08095433290792842
Day 0,Day 0,True,0.3168675640614939,0.1916163330821075,0.10334465779050545,0.187727035683278,0.20044440938261526
Day 28,Day 28,True,0.07716881746905513,0.37641763891373925,0.0952089121135764,0.12668202809299509,0.3245226034106343
Day 56,Day 84,False,0.031842934548009606,0.21354773774243938,0.23659107980108676,0.4207406556580853,0.09727759225037891
Day 84,Day 28,False,0.147308445679656,0.4008458131092533,0.1217943742507081,0.2547125060593819,0.07533886090100075
Day 84,Day 84,True,0.24463649245045802,0.04529564985259352,0.25700292635725297,0.3605745639072901,0.09249036743240541
Day 28,Day 28,True,0.14012037848704748,0.5131948059743112,0.14943570750724733,0.05172303690772469,0.14552607112366925
Day 56,Day 56,True,0.16089112712812909,0.10904380608601373,0.3714659129010809,0.1106979358410401,0.24790121804373622
Day 56,Day 56,True,0.11368766993273494,0.19547678104352903,0.4112153342787878,0.19617396033422127,0.08344625441072707
Day 84,Day 84,True,0.2558290506255461,0.14470905817356194,0.06612421533377968,0.34269846445397206,0.19063921141314033
Day 56,Day 56,True,0.029005051872782107,0.17731938079184806,0.4026194775073429,0.2303488043993899,0.1607072854286371
Day 84,Day 84,True,0.2031637357218232,0.12514000048222704,0.16718961628930182,0.29294376382122206,0.21156288368542586
Day 0,Day 0,True,0.33457541090936066,0.09095486851703072,0.1225505730132311,0.28545683943044386,0.16646230812993354
Day 56,Day 56,True,0.062269418982492226,0.06908673967489712,0.41008107313199427,0.36999708406409393,0.08856568414652255
Day 28,Day 56,False,0.062405127016618954,0.25994695735611567,0.4007307820891706,0.1639076702009703,0.1130094633371245
Mature,Mature,True,0.0755445582490129,0.11860549941979391,0.1981081013948875,0.08633453327685466,0.5214073076594511
Day 28,Day 28,True,0.03877645926449202,0.45396821806570825,0.10923230874541827,0.3000029953235235,0.09802001860085797
Day 0,Day 0,True,0.39189133791702785,0.15611192199598883,0.13265788176558324,0.08109702841857037,0.23824182990282977
Day 0,Day 0,True,0.4330120335731828,0.1329562067268832,0.036904759443744155,0.11033173476559567,0.28679526549059425
Day 0,Day 56,False,0.26396904244428404,0.2076580867469493,0.35554084255378765,0.07536751795125919,0.0974645103037198
Mature,Mature,True,0.08198470322900656,0.23494944465357526,0.131012790934738,0.1743764233407802,0.3776766378419
Day 56,Day 56,True,0.13828230920109952,0.11354304238397228,0.3605255916619884,0.14837957768459645,0.23926947906834345
Day 0,Day 0,True,0.35327470285791307,0.2866167862165081,0.036997024301193476,0.1676656196260054,0.15544586699837995
Day 28,Day 28,True,0.18401993208090167,0.30481989093522355,0.1817342242410959,0.22790667565065448,0.10151927709212442
Day 28,Day 28,True,0.33376267105032553,0.41814762200151173,0.0835133346121673,0.06246002537322293,0.10211634696277257
Day 84,Day 56,False,0.04976127874403336,0.11682779024019346,0.4552749036545394,0.3150263437801503,0.06310968358108351
Mature,Mature,True,0.12199972031855065,0.08593605800610793,0.07416323376232811,0.3444951815522828,0.3734058063607305
Mature,Mature,True,0.19612780477926842,0.19739024507332964,0.11840274019602787,0.10278723301976107,0.385291976931613
Day 28,Day 28,True,0.05117235977035999,0.5477624026774557,0.18204871809119222,0.17758716437236374,0.04142935508862836
Mature,Mature,True,0.09949250253461342,0.3134953856999007,0.09115940126619848,0.13002562756166355,0.36582708293762384
Day 28,Day 28,True,0.11174761342768394,0.47410835505695637,0.08494704352930024,0.21647847746866725,0.11271851051739203
Day 84,Day 84,True,0.08136770395879081,0.19161037567192105,0.264748671854409,0.383373743582632,0.07889950493224725
Mature,Mature,True,0.10646612505304782,0.128089267398582,0.1178152768599077,0.2532227482694391,0.3944065824190233
Day 56,Day 56,True,0.09257171373752823,0.23335817410929155,0.3663701368035703,0.13578576293890451,0.17191421241070534
Day 84,Day 84,True,0.10423547761401607,0.055678969270554365,0.10023788318910773,0.4497184774953807,0.2901291924309412
Mature,Day 0,False,0.28905366649987985,0.11592249568885112,0.05826132657723799,0.2512577663951915,0.28550474483883964
Mature,Mature,True,0.2888334135602999,0.1405821710907144,0.08752490519841107,0.05808472392354736,0.4249747862270273
Day 0,Day 0,True,0.5551582424743284,0.11843005661114404,0.11949913125202868,0.1367909389801292,0.0701216306823697
Mature,Mature,True,0.09585190766942753,0.06549705615542785,0.3235369067820108,0.0407201005078119,0.474394028885322
Day 0,Mature,False,0.3608194513089406,0.04622866957966744,0.16403959471041873,0.050055203578673484,0.3788570808222997
Day 56,Mature,False,0.06883509305570794,0.09225193609142218,0.27461816513612985,0.24550675143037576,0.3187880542863642
Mature,Mature,True,0.12291054822257531,0.13901582142113536,0.1574722265702248,0.1142120797466498,0.46638932403941474
Day 0,Day 0,True,0.34780747246490223,0.1113853801975267,0.12624262782829127,0.3448832647459682,0.0696812547633117
Day 0,Day 0,True,0.4086709700502048,0.10572315510508086,0.07097477843817095,0.32846713308358405,0.08616396332295924
Day 28,Day 28,True,0.14660013850243844,0.40850167798703774,0.10324392320015786,0.03657725369809753,0.30507700661226844
Mature,Day 56,False,0.2372968431397307,0.02940749057597941,0.3460474545294896,0.14814244594037076,0.2391057658144294
Day 28,Day 28,True,0.05614108351369398,0.3523919537568973,0.12419033924696704,0.33481196357580956,0.1324646599066321
Mature,Day 28,False,0.05304223228413618,0.39272536250415696,0.12167455796366358,0.09858354320255669,0.3339743040454865
Mature,Mature,True,0.3202262844635664,0.137952017015914,0.0337866662373672,0.12234229382968434,0.3856927384534681
Day 0,Day 0,True,0.3144703300083034,0.11292789824728547,0.11416322158219457,0.24033551146395088,0.2181030386982659
Day 0,Day 28,False,0.2615223540088973,0.3858120908792762,0.2710547297756358,0.034433400923548345,0.04717742441264232
Day 56,Day 56,True,0.23491874092800083,0.1699244015293957,0.3714730049543534,0.10333821050103,0.12034564208722008
Day 56,Day 56,True,0.24836861355033488,0.1558368429286745,0.3521617051321752,0.11413373667542095,0.1294991017133945
Day 28,Day 28,True,0.08194202876806111,0.628744317760079,0.08571362936973645,0.1563438418392431,0.04725618226288036
Day 28,Day 28,True,0.06940569025182679,0.34772380147496934,0.15998448240417204,0.2202012878910343,0.20268473797799752
Day 28,Day 84,False,0.24528630858960943,0.2434724275773586,0.18030898967236855,0.26829171054049133,0.06264056362017205
Day 0,Day 0,True,0.5312879870547745,0.11190373577428266,0.20352401120459787,0.06834086431704595,0.08494340164929899
Day 0,Day 0,True,0.36038286119002055,0.032275652430703156,0.15936488966583087,0.18532707079156693,0.2626495259218785
Day 28,Day 28,True,0.268938033101491,0.31703237738717893,0.07265611716008458,0.1085130638161649,0.2328604085350805
Day 0,Day 0,True,0.30786674801565156,0.1766209782915713,0.09639093680837238,0.27520458308268403,0.1439167538017209
Day 28,Day 28,True,0.1239937474099726,0.5261422482983953,0.07098463001187562,0.16264734653385743,0.11623202774589902
Day 28,Day 28,True,0.04758540625148427,0.5705478268355062,0.1956799499199052,0.040946141430386725,0.1452406755627176
Mature,Mature,True,0.23679282540143654,0.11082281826721828,0.0963352460730244,0.16562941451594954,0.39041969574237123
Day 28,Day 28,True,0.07799176981797817,0.40948823243140114,0.07435605406171762,0.2629627494352325,0.17520119425367045
Day 0,Day 28,False,0.33928536880195526,0.3743431412447185,0.1567078523020876,0.03437164204402872,0.09529199560720987
Day 56,Day 0,False,0.3732396683653088,0.14853753961158117,0.33225925330228134,0.037402446620266615,0.10856109210056199
Mature,Mature,True,0.20657897287249133,0.18468287605256217,0.18326601070331835,0.12882611407697694,0.2966460262946512
Day 56,Day 56,True,0.14363959296174994,0.05121362691214282,0.43424839821556077,0.0687389465950199,0.3021594353155267
Day 56,Day 56,True,0.15180176564366962,0.05278759288502791,0.5509280253436055,0.03078749093924369,0.21369512518845318
Day 0,Day 0,True,0.36016609055835896,0.3398368868421512,0.07731839301849341,0.14523269381122678,0.07744593576976987
Day 28,Day 28,True,0.11959540316245237,0.38723481948645916,0.2201028499769892,0.16715324056494896,0.10591368680915028
Day 28,Day 28,True,0.20542858827327642,0.3888555308156108,0.10299921234309825,0.08727979876053561,0.21543686980747892
Day 84,Day 28,False,0.12506775218948982,0.3553674606720704,0.1003074426250474,0.2721805745434044,0.14707676996998797
Day 84,Day 84,True,0.1257595256815071,0.16905416033360718,0.10249070096101805,0.34329709762997024,0.25939851539389747
Day 56,Day 56,True,0.18483359291785334,0.23510784583919137,0.4387469549253131,0.015498652122247629,0.12581295419539448
Day 56,Mature,False,0.06014568060241399,0.0780555206163898,0.2808655451971926,0.05192114891230074,0.5290121046717028
Mature,Mature,True,0.05799820992048126,0.23679547680577864,0.12239690317991016,0.12751515132300673,0.4552942587708233
Day 28,Day 28,True,0.178587730302815,0.2847716465784516,0.2665268212084615,0.03595684135760849,0.2341569605526634
Day 0,Day 0,True,0.32618295907775213,0.11524450825742018,0.17225630159082883,0.27758570398818766,0.1087305270858113
Day 0,Day 84,False,0.232911182665354,0.11962273730429608,0.042480436847279646,0.5230162468835013,0.0819693962995689
Day 0,Day 0,True,0.3809047920571739,0.1417773632009166,0.22979750812442934,0.04628801149322104,0.20123232512425895
Day 56,Day 0,False,0.3407712283338146,0.17850070124925047,0.3328546511529392,0.08699398525628704,0.0608794340077087
Mature,Mature,True,0.13529362184568314,0.0656742952283612,0.08374451412241418,0.23545602343541358,0.4798315453681279
Day 84,Day 84,True,0.09811808762668728,0.06999236421696411,0.3496928987839519,0.3869949645091794,0.09520168486321724
Day 56,Day 28,False,0.21695578511516705,0.27721214713203024,0.2746313602022115,0.057463746222827794,0.17373696132776337
Day 56,Day 56,True,0.25912245722085464,0.21316144962825223,0.2684158276677515,0.016523128003638386,0.24277713747950327
Mature,Mature,True,0.2501808538158354,0.10522079527810725,0.11423862339013545,0.17120234084223504,0.359157386673687
Day 28,Day 28,True,0.18232514262914423,0.4584397889926371,0.07357364438866308,0.17451488627315218,0.11114653771640341
Day 84,Day 84,True,0.19693501244874198,0.15141179627880494,0.074601761420795,0.4132830699664735,0.16376835988518454
Day 28,Day 0,False,0.5174795946700581,0.16052748885640342,0.09328190409349106,0.13090631031909183,0.09780470206095558
Day 0,Day 0,True,0.33903675721857474,0.28928158747340865,0.26823434763009046,0.0607805675186241,0.04266674015930212
Mature,Day 56,False,0.16379203458897115,0.19046720663009098,0.23848448897816354,0.1860366312948721,0.22121963850790224
Day 0,Day 0,True,0.37752251628971306,0.09856457535223595,0.28673356290157076,0.11009874759430453,0.12708059786217576
Mature,Mature,True,0.20228266378935203,0.053701888317574796,0.1565122028731067,0.11247892637484547,0.47502431864512107
Day 0,Day 0,True,0.5383371366986232,0.06333771863402463,0.23099099584527857,0.13628996223705533,0.031044186585018358
Day 56,Day 56,True,0.1462640253565302,0.2984258476747634,0.3785760014266804,0.058073019893130635,0.11866110564889548
Day 56,Day 56,True,0.2556943788149338,0.10157298719779967,0.35354957201140247,0.14435788875389674,0.14482517322196736
Day 0,Day 0,True,0.3909074937926233,0.06741343706261027,0.10616421346819153,0.24783590847138673,0.18767894720518827
Day 28,Day 28,True,0.16400501634547962,0.6063443005348814,0.07546445832469106,0.06597468062817928,0.08821154416676885
Day 84,Day 0,False,0.39552107428888195,0.10441170364903564,0.10995133129920229,0.2683877083204308,0.12172818244244923
Day 56,Day 56,True,0.17188910350419612,0.06897052402150522,0.4050043469464874,0.19390128024113956,0.1602347452866716
Day 28,Day 28,True,0.2718452031476705,0.36629981430352443,0.08581789689471096,0.11986639558866401,0.15617069006543013
Mature,Mature,True,0.15622223641050448,0.07787634565966017,0.09769862266127426,0.14892208484037783,0.5192807104281832
Mature,Day 0,False,0.26822147383729195,0.26787051946932133,0.025036280462199044,0.17870542123716668,0.26016630499402105
Day 0,Day 0,True,0.3588440872537628,0.11143128786445043,0.1985223985936394,0.11725307959974839,0.2139491466883989
Day 28,Day 28,True,0.16267940277905654,0.35957589741036106,0.18901099384535902,0.04535126937677742,0.24338243658844605
Day 56,Day 56,True,0.21883425365695464,0.09075194305314814,0.3105778010295711,0.0857876195727592,0.2940483826875669
Day 28,Day 28,True,0.1112383021677519,0.44912153602966937,0.0737400982083777,0.14349045171091865,0.22240961188328226
Day 0,Day 84,False,0.29217545563132025,0.04767211573535795,0.17503088681580917,0.32745466546867474,0.1576668763488379
Day 0,Day 0,True,0.45698786913469475,0.21201018060548146,0.12120435186427779,0.13937632106698847,0.0704212773285576
Day 84,Day 84,True,0.0937199961664396,0.15353689212626703,0.10977939706550992,0.49875813909443334,0.14420557554735006
Day 28,Day 28,True,0.2733499949682245,0.469857017682806,0.05973492300535726,0.06545193121425161,0.13160613312936065
Day 28,Day 28,True,0.2520292760313429,0.32386055429385197,0.1951866563017303,0.0557974504814249,0.17312606289165
Day 28,Day 28,True,0.115193450937116,0.49584273487398806,0.056269353551787804,0.18131058111202228,0.15138387952508586
Mature,Mature,True,0.37500361634579227,0.07731192583719587,0.03132754894690883,0.10221723760671436,0.4141396712633887
Day 56,Mature,False,0.21035832701736845,0.09637439668490913,0.2673399933075276,0.1242943646098762,0.30163291838031847
Day 0,Day 0,True,0.3661133992913915,0.058482618281685786,0.1330298264018158,0.1251238830964393,0.31725027292866764
Day 28,Day 28,True,0.10999857633759465,0.41942640381280133,0.14835952385914478,0.21043823491071614,0.11177726107974303
Day 84,Day 84,True,0.3019678397046895,0.11898831725197677,0.15698720771998878,0.36710029473719824,0.05495634058614678
Mature,Mature,True,0.2419314770506392,0.05882898876381054,0.1080298142338663,0.05167969592550527,0.5395300240261787
Mature,Day 84,False,0.028635155793750044,0.07579521309800923,0.07436752949608522,0.47899367416676764,0.3422084274453878
Mature,Mature,True,0.24713090842289331,0.19170531552148595,0.11961549832009688,0.08308116572015717,0.35846711201536663
Day 56,Day 0,False,0.3396602756898763,0.2523224085867208,0.2676415082655082,0.0597021409845688,0.08067366647332588
Mature,Mature,True,0.11112258813375757,0.21685157211470912,0.16803366964474908,0.0663145215476654,0.43767764855911884
Day 28,Day 28,True,0.09760763655622187,0.4543385249910823,0.23056840743359722,0.0858212814364056,0.1316641495826929
Day 56,Day 0,False,0.29321292464279525,0.2593385372135006,0.26381199344290635,0.05446360762739032,0.12917293707340735
Day 0,Day 0,True,0.30821973355231613,0.1083243439546103,0.11202672126790893,0.23142716396039462,0.24000203726477007
Mature,Mature,True,0.1414474410128127,0.14678317578896488,0.24545621481118524,0.14347178988177464,0.32284137850526257
Day 84,Day 84,True,0.07305985786142404,0.09907208373663345,0.10780182621656671,0.36089972610305326,0.3591665060823224
Day 84,Day 84,True,0.1574878573211197,0.13508140298049287,0.09020960860354023,0.40726779095653787,0.2099533401383093
Day 84,Day 84,True,0.18040107915119208,0.28851230991573085,0.127749182816027,0.2912490921958357,0.11208833592121428
Day 28,Day 28,True,0.15416002186874467,0.40746420631051894,0.10056910599081786,0.07018540293714953,0.2676212628927691
Mature,Mature,True,0.18629850749171847,0.07620189668952905,0.19438378410093068,0.12447916975591884,0.418636641961903
Day 28,Day 28,True,0.23272275982785726,0.2920228727310968,0.13696311131751263,0.09407830129553818,0.24421295482799504
Day 56,Day 56,True,0.0858379200415845,0.2155738370641035,0.4571265028996986,0.1315371391023499,0.10992460089226365
Mature,Mature,True,0.29743581472912484,0.09473869652671284,0.11512807875590092,0.14578015656421747,0.34691725342404406
Mature,Day 28,False,0.22169490774964876,0.2693996689044947,0.15438600304209152,0.09433912359674823,0.2601802967070168
Day 0,Day 0,True,0.3619162758338338,0.06285820270604582,0.1409014776769447,0.0778446578302332,0.35647938595294243
Day 84,Day 84,True,0.09540428892604377,0.0716835286866008,0.32084338334471724,0.3753083819989048,0.13676041704373348
Mature,Mature,True,0.11595790554762352,0.10666090723901263,0.21977038294554999,0.1497629260791177,0.40784787818869617
Day 84,Day 84,True,0.08372337744115738,0.12247637100604672,0.04379275607482647,0.3826544188814915,0.367353076596478
Day 56,Day 56,True,0.17956438888720377,0.08635612055079422,0.4573786485611981,0.22598285782928235,0.050717984171521575
Mature,Mature,True,0.19821393872862078,0.1875839664968672,0.10033653136374453,0.08453037028255829,0.4293351931282092
Day 28,Day 28,True,0.11330114846802514,0.39130446322139134,0.1217297296335943,0.11689324997054479,0.2567714087064444
Mature,Mature,True,0.08724428267086626,0.2580561581085508,0.1243320458571223,0.11209042001106437,0.41827709335239627
Day 56,Mature,False,0.24978317162215305,0.05126873635907411,0.2529351796289124,0.1520492582245272,0.29396365416533327
Mature,Mature,True,0.2191887161282252,0.1629474121847049,0.043685015800018774,0.1969775722728866,0.37720128361416466
Day 28,Day 28,True,0.0737306475214565,0.3818629225003301,0.22077527294116736,0.19133181743147118,0.132299339605575
Day 56,Day 56,True,0.20549260434197572,0.0914474995163385,0.4210930095638121,0.1915625921901875,0.090404294387686
Day 28,Day 28,True,0.0894876149007619,0.3082227117027807,0.07828085911001972,0.2834451397724936,0.2405636745139441
Day 56,Day 56,True,0.1586003217448224,0.071164375309044,0.349245892845106,0.24336070820706845,0.17762870189395916
Day 0,Day 0,True,0.37039571023663176,0.13960842406902385,0.3017375339646145,0.11514549998154851,0.07311283174818134
Day 56,Day 56,True,0.03906861704790015,0.19787207095705917,0.3614962124237149,0.1821393460036719,0.21942375356765395
Day 84,Day 84,True,0.13016500567854045,0.20963353251786057,0.053857938706046396,0.4933930043691139,0.11295051872843867
Day 84,Day 84,True,0.09168548322822416,0.08000105158733341,0.3052878371927897,0.4082010729656015,0.11482455502605117
Day 28,Day 28,True,0.15453738219796653,0.35551206256656764,0.17469211559952602,0.11196404493860854,0.20329439469733118
Day 84,Day 84,True,0.28410374327179094,0.05368587160798815,0.2117104388182971,0.30804872973154124,0.14245121657038257
Day 56,Day 56,True,0.17365850017491505,0.03027091856419419,0.43948203713412626,0.1522194176691996,0.204369126457565
Day 28,Day 28,True,0.12725024713215385,0.5279082951619506,0.15626882507608542,0.07742411549733816,0.11114851713247184
Day 84,Day 84,True,0.18263406103782368,0.03451422048347937,0.332291706254278,0.35237292335937953,0.09818708886503937
Day 28,Day 28,True,0.1480490987554638,0.4152000354918056,0.2702395429425293,0.08207662150835349,0.08443470130184787
Day 56,Day 56,True,0.22426146267530087,0.062606558247567,0.4185263542221788,0.1861806202975246,0.10842500455742866
Day 84,Day 84,True,0.11845158692253108,0.2524764105901299,0.07585617802914676,0.29188125539622156,0.2613345690619707
Day 0,Mature,False,0.2916181551173697,0.06105827831309254,0.1251232331411515,0.12280876798633696,0.39939156544204907
Day 84,Day 0,False,0.4811230532148784,0.04405858459046468,0.06967008556930702,0.3051041568100003,0.10004411981534958
Day 28,Day 28,True,0.05045279670622287,0.4964671221369664,0.1519637576099534,0.1865511298495131,0.11456519369734428
Day 0,Day 0,True,0.2995268745195664,0.1295904582126432,0.2711863298918482,0.16707248011629258,0.13262385725964954
Day 28,Day 28,True,0.06772531759348122,0.6291704728041414,0.12121032436580534,0.045513914242610184,0.13637997099396185
Day 28,Day 28,True,0.19197661473024338,0.48284256365539124,0.105487180125387,0.1060040195178232,0.11368962197115513
Day 28,Day 28,True,0.10638903419124894,0.6409450539025005,0.08340941790568954,0.0971246219892736,0.07213187201128742
Day 56,Day 56,True,0.1926976663709039,0.11096985776352764,0.28953988046128876,0.17303566515201493,0.23375693025226488
Mature,Mature,True,0.15148418903593486,0.18628204089992934,0.12858182159416287,0.04399424421675166,0.4896577042532212
Day 56,Day 56,True,0.1697733194405176,0.0993297822151945,0.3965456853159067,0.0392609020206382,0.29509031100774286
Day 0,Day 0,True,0.5237350906381156,0.10081431440563826,0.15440432149959304,0.05625627481098979,0.16478999864566318
Day 56,Day 56,True,0.05970918128011084,0.09361103976872323,0.47082580369854105,0.13580498489278195,0.24004899035984284
Day 0,Day 28,False,0.2807030711810673,0.29993268347125684,0.06577120240943325,0.09336428471146473,0.26022875822677793
Day 84,Day 84,True,0.31286157455772734,0.059556003543612825,0.08687312550372307,0.37986024761771525,0.16084904877722148
Mature,Day 56,False,0.16584402150642252,0.1326281848085356,0.3468142071042553,0.05284612860487995,0.3018674579759066
Day 0,Day 0,True,0.35270201863182404,0.12195690528298635,0.1196739576343771,0.06672236897674984,0.33894474947406267
Day 84,Day 84,True,0.14405573840652075,0.18493251671414074,0.10559736005954112,0.466883079546872,0.09853130527292538
Day 0,Mature,False,0.2971076476841312,0.11050097181415904,0.12723513284383853,0.09136319508212866,0.3737930525757425
Mature,Mature,True,0.06323701688866366,0.06000428228137878,0.04546687150706618,0.3485363898716537,0.4827554394512378
Day 56,Day 56,True,0.18542496797168195,0.14320203971995105,0.3265775941533539,0.18719226719913812,0.15760313095587508
Day 56,Day 56,True,0.058632837611438164,0.03845097479596007,0.4519898404212441,0.36198521327622896,0.08894113389512864
Day 0,Day 0,True,0.4224558633074158,0.17719257476586,0.17628644371205437,0.07030510150049175,0.15376001671417802
Mature,Mature,True,0.09811188792900272,0.07855538231591255,0.08390243415830494,0.09212371241923535,0.6473065831775444
Day 0,Day 0,True,0.43927500892898314,0.2362868191001875,0.16300755492199076,0.03116211537348787,0.1302685016753508
Day 0,Day 0,True,0.42795339663856796,0.035665958374276545,0.05006717478137462,0.2490626702826951,0.23725079992308565
Day 56,Day 56,True,0.19335404908390955,0.05764205123229251,0.3747042431890297,0.2464424471256515,0.12785720936911682
Mature,Mature,True,0.284204174593483,0.0676353047032785,0.08960365488777754,0.0613985589027128,0.4971583069127481
Mature,Mature,True,0.1361185438632964,0.12112440945901568,0.24870845734493016,0.14174064988361423,0.3523079394491436
Day 56,Day 56,True,0.2756367318158508,0.17494113491419605,0.4126961820648368,0.050300482386657505,0.0864254688184588
Day 56,Day 56,True,0.11468131004290671,0.06548202427527244,0.37909343389459466,0.09379885623179779,0.34694437555542845
Day 84,Day 84,True,0.10226075913590116,0.2430508046413879,0.16290298362173392,0.3840013133624593,0.10778413923851773
Day 84,Day 28,False,0.16672623267196163,0.29534922039561623,0.19383585338792855,0.2810712798735711,0.06301741367092237
Day 56,Day 56,True,0.11904220016642567,0.14125892413980312,0.41931033911813387,0.14482832021796832,0.17556021635766902
Day 84,Day 84,True,0.19684399023192944,0.13825343442636967,0.22562442547500655,0.3047704150146595,0.13450773485203488
Day 56,Day 56,True,0.05030790255562455,0.07810658279115665,0.6346559977782946,0.15373886610119067,0.08319065077373343
Day 28,Day 28,True,0.14276112281819978,0.3731653712408375,0.2202736926226722,0.16028264471226217,0.10351716860602848
Day 0,Day 56,False,0.22738871980880238,0.10587687535708733,0.32125097026662547,0.23498742827562713,0.11049600629185764
Day 56,Day 56,True,0.06684571076657833,0.25517231734147605,0.4144271601625249,0.05989655135547526,0.20365826037394544
Day 56,Day 56,True,0.12651530987439702,0.10819943811077178,0.5229504947663274,0.06822350087991513,0.17411125636858876
Day 28,Day 28,True,0.21617255485106138,0.38653585527621065,0.02940928540228084,0.24121404964900336,0.12666825482144387
Mature,Mature,True,0.2974815036853909,0.18264328881635486,0.17145703395218795,0.02149125294687985,0.3269269205991865
Day 28,Day 28,True,0.14701854194475852,0.5381528500771339,0.09077803630002083,0.09575151266662182,0.12829905901146496
Day 28,Day 28,True,0.09537548583349466,0.4068572465966863,0.0872051430314448,0.1523009692364771,0.25826115530189725
Day 84,Day 84,True,0.12823806075603444,0.1014347429854614,0.19193274460738494,0.4358815791588345,0.14251287249228475
Day 56,Day 0,False,0.39371531098948487,0.044458271466381774,0.3154140777249845,0.1824400818182387,0.06397225800091025
Day 0,Day 0,True,0.41239893404108524,0.20768619801854038,0.08399498023319327,0.11067614243751354,0.18524374526966758
Day 28,Day 28,True,0.1621673720845512,0.47617288851076667,0.1350698151581715,0.14202996836235182,0.08455995588415872
Day 84,Day 84,True,0.06288069348377141,0.1487559433186374,0.2808053181633329,0.3523556290286986,0.15520241600555978
Day 0,Day 0,True,0.3657978849299135,0.10664881770834622,0.224969630397049,0.11096466961851938,0.19161899734617183
Day 56,Day 56,True,0.15160523041126753,0.21338443600766008,0.42645899032701046,0.15840810912949174,0.05014323412457017
Day 84,Day 84,True,0.1444944785693611,0.10467642608745037,0.3272486808219572,0.3514443243946894,0.07213609012654196
Day 28,Day 84,False,0.1370342850471268,0.26819286325387154,0.09799415637886628,0.2768505593232722,0.21992813599686323
Day 84,Day 84,True,0.17235068608645757,0.12545563572799615,0.13567888024569238,0.4728704744799523,0.09364432345990167
Day 28,Day 28,True,0.29915926524672715,0.41620498748307944,0.10397513135411902,0.12206426659858922,0.058596349317485155
Day 84,Day 56,False,0.09205344679786315,0.17978821608586,0.34727429342034344,0.30443660621004043,0.07644743748589297
Day 28,Day 28,True,0.16909877596684425,0.3969053437559229,0.19058831623470934,0.1629448629238682,0.08046270111865535
Day 56,Day 56,True,0.08885920542772283,0.1397165129693947,0.4897091117215572,0.16994494227363613,0.11177022760768916
Day 84,Mature,False,0.11808253603066046,0.08434177968808956,0.1488529302247952,0.3166934466635593,0.33202930739289555
Day 28,Day 28,True,0.09390740604907798,0.37823250259081015,0.22223402755176946,0.20248982818539785,0.1031362356229446
Mature,Day 56,False,0.22521233801270638,0.0354684676090843,0.476632641343217,0.09018829213152303,0.17249826090346937
Day 56,Day 56,True,0.26776476042842845,0.08639294821501066,0.38188560193199916,0.17632915016609552,0.08762753925846634
Day 56,Day 56,True,0.10396381983150454,0.07372814064177395,0.5235043406674019,0.22579891656207432,0.07300478229724533
Day 28,Day 28,True,0.2374847333761081,0.3633202137932372,0.08196201940572974,0.08447336210970968,0.23275967131521524
Day 56,Day 56,True,0.1500535990883409,0.2620835779186067,0.42755245872782,0.038794723662683585,0.12151564060254877
Mature,Day 84,False,0.13862915083364447,0.04514489481434171,0.0706914366409624,0.416620909057728,0.3289136086533236
Day 28,Day 56,False,0.1635358271605731,0.31486473396361747,0.36167255852084784,0.11213897831208063,0.04778790204288112
Mature,Mature,True,0.03756250323338272,0.13178099296121332,0.049347445458349445,0.3076395775894845,0.47366948075757015
Mature,Mature,True,0.059682429956617294,0.30050960476455196,0.1001545762391707,0.10339241702668647,0.4362609720129736
Day 56,Mature,False,0.05728088655640675,0.15466205923193352,0.3056867776503263,0.13049318590405687,0.3518770906572767
Mature,Day 84,False,0.07597841461576063,0.13235351891082137,0.08981084323208817,0.4518705302812205,0.2499866929601093
Day 28,Mature,False,0.06805036207084735,0.3514147259092892,0.16280412638927771,0.04846138893522015,0.3692693966953657
Day 56,Day 84,False,0.20715240720117084,0.1595334628604167,0.2489647966056099,0.30479111105130163,0.07955822228150106
Day 84,Day 56,False,0.06682765417613763,0.19517592360157965,0.3022323332308729,0.2985309949521448,0.1372330940392649
Day 0,Day 0,True,0.47460144301936136,0.18171054888267238,0.12478182836678557,0.14078888910428172,0.07811729062689902
Day 28,Day 28,True,0.153326365654104,0.4487569827230524,0.06932563931994805,0.18058740989973232,0.1480036024031632
Mature,Day 28,False,0.1118731592694141,0.4076002776562387,0.11441335972214567,0.06154177756924836,0.30457142578295315
Mature,Day 28,False,0.04125926791810614,0.3738368522406318,0.16420894358218108,0.13698828578988492,0.2837066504691961
Mature,Mature,True,0.15554366066341482,0.1531152354399185,0.1392179022287409,0.07133326028125406,0.48078994138667164
Day 56,Day 56,True,0.09878165557420081,0.16058992709797365,0.3066076403170748,0.17257175880357697,0.26144901820717376
Mature,Day 0,False,0.2988362838713839,0.1555108926679689,0.205032400109148,0.10840094529265622,0.23221947805884294
Day 56,Day 56,True,0.0753864843781528,0.07201767962993799,0.5268787833720866,0.06198706546858193,0.2637299871512407
Mature,Mature,True,0.2308316045121591,0.07413589312325213,0.06984555682549995,0.08412992888763614,0.5410570166514528
Day 0,Day 0,True,0.5257207791600901,0.09076774962874118,0.12477404564405786,0.143179737762777,0.11555768780433391
Day 84,Day 84,True,0.16178156432386107,0.1452355812996459,0.21837311703877604,0.30841697391941086,0.16619276341830627
Day 0,Day 0,True,0.5216295504233559,0.042924626412637494,0.1595636141294009,0.11640223188182879,0.15947997715277692
Day 56,Day 28,False,0.056693077838063405,0.34981493419388,0.30954311933525297,0.07790516317436402,0.20604370545843967
Day 0,Mature,False,0.25897958264566145,0.10834995024780089,0.15199494429784205,0.18435457325266516,0.2963209495560305
Day 28,Day 28,True,0.17904503457534882,0.4382737759039949,0.0869793196221373,0.18163599647617956,0.1140658734223394
Day 56,Mature,False,0.1501989789314295,0.05151277415729006,0.2374965384659216,0.04941388059883907,0.5113778278465196
Mature,Mature,True,0.07156888571803968,0.07143575032403851,0.13158506184229096,0.2605450385786994,0.4648652635369315
Day 84,Mature,False,0.04118667255163138,0.03437284659283273,0.21250265664244436,0.30859641787068687,0.4033414063424046
Mature,Mature,True,0.1475568355492724,0.08127126968252436,0.1804209460696491,0.2024461608246863,0.3883047878738678
Day 28,Day 28,True,0.24456639241466346,0.4046826556931316,0.06130641195066097,0.19214583869739224,0.09729870124415185
Day 56,Day 56,True,0.09234576574684475,0.1053224515592485,0.48742776134335475,0.12642678696212703,0.18847723438842504
Day 28,Day 28,True,0.20429096906783803,0.3295318758633181,0.08948217293097922,0.16047381617951403,0.2162211659583506
Day 84,Day 84,True,0.16410676214982345,0.10137627364307199,0.26365904024321496,0.35498640136750687,0.11587152259638273
Mature,Day 28,False,0.25024594822175034,0.3644343772613784,0.06434189541921288,0.08136600161802929,0.23961177747962906
Day 84,Day 84,True,0.12835513376576368,0.3165987011811345,0.09951012793458514,0.38105431289036035,0.07448172422815633
Mature,Mature,True,0.11877985104092849,0.2691487036578712,0.06501868947980513,0.2590115122449688,0.28804124357642624
Day 0,Day 0,True,0.3284506109613877,0.07704776823066768,0.2367697887877765,0.2774502057377447,0.08028162628242339
Day 56,Day 56,True,0.13534141381166767,0.32282790580912124,0.35889168956411077,0.09141512718760494,0.09152386362749548
Day 0,Day 0,True,0.6101880176784359,0.06461336196214885,0.17585869782998012,0.07553321946013546,0.07380670306929972
Day 84,Day 84,True,0.16796537367838082,0.09142890192682762,0.17604049560858004,0.4921182380958739,0.07244699069033768
Day 84,Day 84,True,0.2250666108661326,0.11265366645744115,0.12390498884257677,0.30549678232781946,0.2328779515060301
Day 56,Day 56,True,0.17537181036348293,0.09053541763968172,0.41665169380188294,0.1536869098692515,0.16375416832570097
Day 28,Day 28,True,0.12552224464679246,0.3861364200888417,0.0966228902276727,0.18205902275899602,0.20965942227769704
Day 28,Day 0,False,0.30144312648696625,0.25242547692402223,0.038533512429080305,0.2963977175109918,0.11120016664893953
Mature,Mature,True,0.11838682022261499,0.2001742482953606,0.12343513623491058,0.19216240463014225,0.3658413906169717
Day 56,Day 56,True,0.05824850407211468,0.2045919617299282,0.5103106946512459,0.10517063637017567,0.12167820317653562
Day 84,Day 56,False,0.20762160980588176,0.10509697044342138,0.3042903670004433,0.28490597725571604,0.09808507549453768
Day 56,Day 56,True,0.08549342439483344,0.0873730747163937,0.378454408874076,0.17485144878093137,0.2738276432337656
Mature,Mature,True,0.133790660258829,0.22383449731316096,0.10389734086320362,0.12946043038623906,0.4090170711785674
Day 28,Day 28,True,0.06714730962341671,0.39738485974508386,0.1914680116319147,0.10719917706756724,0.2368006419320176
Day 0,Mature,False,0.26844655895469305,0.23064459006763943,0.14028815323951396,0.09141572081908522,0.2692049769190685
Day 28,Day 28,True,0.1707465093652321,0.507263449289636,0.14421229759248885,0.10670809507968683,0.0710696486729562
Day 84,Day 84,True,0.04683210874947789,0.15938352434687472,0.31311687451857284,0.3663316730088013,0.11433581937627313
Day 56,Day 0,False,0.3047800956315276,0.11748129777571878,0.2606059794794536,0.21287470549635495,0.10425792161694523
Day 56,Day 56,True,0.1729207057302784,0.14445152854552157,0.38111162833467843,0.16179136485240478,0.13972477253711685
Day 28,Day 28,True,0.061615755914310066,0.4042799608136413,0.13184682187635502,0.2638913886545118,0.1383660727411819
Day 56,Day 56,True,0.08286166283783078,0.0483159990900442,0.3885482134879595,0.16497604766362373,0.3152980769205419
Day 0,Day 0,True,0.44834283835279876,0.05294439510900731,0.1423692158863378,0.21914818905862385,0.1371953615932323
Day 84,Day 56,False,0.1276241145924118,0.10251575467687889,0.3929215280680417,0.24938560236181964,0.12755300030084799
Day 56,Day 56,True,0.08366876991190716,0.14272932893667356,0.4675879808998785,0.1230888945898519,0.18292502566168892
Day 0,Day 0,True,0.32528231706971433,0.09218372620021253,0.13982805058884226,0.12013065835186626,0.3225752477893645
Day 28,Day 28,True,0.11657625745516778,0.46294071736375897,0.1239020303514702,0.07449944016380468,0.22208155466579832
Day 56,Day 56,True,0.11901025212980319,0.1554491987985407,0.4487214022307531,0.1733740851988009,0.10344506164210215
Day 56,Day 56,True,0.2393673834691309,0.12860331573898873,0.3508718617867063,0.10108778346498642,0.1800696555401876
Day 0,Day 56,False,0.2622864624125349,0.17970261502508125,0.3918286039742157,0.060141000548336446,0.10604131803983162
Day 56,Day 56,True,0.2196136350946273,0.02793139274755041,0.5379732672133564,0.13249178315898796,0.08198992178547786
Day 56,Day 56,True,0.20196169725702778,0.2513131995104701,0.37260605049163514,0.05762831649573614,0.11649073624513079
Day 28,Day 28,True,0.18264115921821192,0.36339308527815706,0.12267176943517508,0.23429446498560963,0.09699952108284632
Day 0,Day 0,True,0.35198714774565915,0.1366827449536955,0.27407178429710033,0.14055826651745948,0.0967000564860855
Day 0,Day 0,True,0.4260600628564333,0.07933237923055718,0.12388118671820854,0.16301038102616733,0.20771599016863362
Day 56,Day 56,True,0.1013624573118296,0.17614236203255645,0.4341683255768846,0.06847994849118401,0.21984690658754533
Mature,Day 56,False,0.05959238799908327,0.09132954326406217,0.3863456942969862,0.14970113662341009,0.31303123781645836
Day 0,Day 56,False,0.2812711847915816,0.15297276888376599,0.36516624175771806,0.10461796580711043,0.095971838759824
Day 56,Day 84,False,0.08998536540002657,0.12070662145102865,0.2624436531863112,0.2660027370596332,0.26086162290300047
Day 0,Mature,False,0.3036080693939233,0.04460199678125663,0.22698345657559935,0.0973472452845061,0.32745923196471466
Day 0,Day 0,True,0.47744079820084634,0.13433524826778254,0.23239370419070202,0.10702750919788521,0.048802740142783914
Day 0,Day 0,True,0.31299121784927375,0.1606818079318746,0.3106791006591686,0.09957577450464775,0.11607209905503543
Day 0,Mature,False,0.29406861450964883,0.14072124701330244,0.0789399074366851,0.15910710654665244,0.32716312449371127
Day 84,Day 84,True,0.1124745467037198,0.11723926950544508,0.17247168916501765,0.5316521992857611,0.06616229534005622
Mature,Mature,True,0.07288048935983497,0.12376639619465327,0.26303816388990037,0.19729332580190445,0.3430216247537068
Day 28,Day 28,True,0.12190657940559163,0.5468124377162792,0.09128571038329873,0.06983645501096969,0.17015881748386083
Day 56,Day 56,True,0.09817945394465225,0.12987974591222684,0.5478256836921219,0.05898717365953019,0.16512794279146875
Day 84,Day 84,True,0.25362748852309863,0.17407286786857212,0.1217380916469273,0.3525325284835973,0.09802902347780468
Day 84,Day 0,False,0.47340509496799915,0.04178070246752501,0.11986505635042054,0.2680595619017331,0.09688958431232225
Day 28,Day 28,True,0.10217271167190702,0.4069933399557692,0.21177044536904086,0.055462380842713925,0.22360112216056907
Mature,Mature,True,0.11326662014278877,0.24215938970369688,0.14984737865752656,0.20519587415919033,0.28953073733679746
Day 28,Mature,False,0.2410997658683413,0.2303002089486403,0.0701201365305692,0.054666680509735305,0.4038132081427139
Day 0,Day 84,False,0.29389491288866987,0.10155256142038936,0.13299222459000742,0.3964615327050304,0.07509876839590289
Day 28,Day 28,True,0.25063349355624726,0.31382028591441674,0.23925774589409768,0.07653136917479952,0.11975710546043884
Day 84,Day 84,True,0.3187465649907628,0.052937308877611916,0.04093618731067541,0.3282372075149085,0.25914273130604143
Day 28,Day 84,False,0.11454957370492228,0.1893649475921995,0.19668409645179674,0.2673691250142026,0.23203225723687879
Day 56,Day 56,True,0.054859183278448194,0.07891589313435085,0.35945285996370024,0.30510538029496165,0.2016666833285391
Day 84,Day 84,True,0.20353701193885837,0.12751087080578533,0.14277919915813647,0.4017107007784728,0.12446221731874713
Day 28,Day 28,True,0.12917849363377984,0.39449188444011696,0.2649401484530095,0.15043212378196047,0.060957349691133124
Day 0,Day 0,True,0.5299311330534795,0.1464266104530509,0.12420499281728276,0.16282298458984173,0.03661427908634497
Day 0,Mature,False,0.2523970943675015,0.16622341213387773,0.22345507229429962,0.10364993545656188,0.25427448574775924
Day 56,Day 56,True,0.1706651717333013,0.09607721188364722,0.4583488274461562,0.24257246157728377,0.03233632735961148
Day 0,Day 0,True,0.38874420653227104,0.08622606659681019,0.15948832200769145,0.13943444156351564,0.22610696329971156
Day 0,Day 0,True,0.604744466524799,0.1586363015019988,0.08882771657389092,0.10587534004737449,0.0419161753519368
Day 56,Day 84,False,0.09693614954108719,0.16274584612917622,0.27255435896822816,0.28898299185300474,0.17878065350850375
Day 0,Day 0,True,0.40378246153989406,0.08084855303103106,0.06758322638128553,0.16977323014595358,0.27801252890183586
Day 0,Day 0,True,0.41051801367933166,0.12610994983899715,0.16202238031706293,0.11160553391773881,0.18974412224686935
Day 28,Day 28,True,0.05401800726984637,0.4203574196567372,0.21835224210753137,0.1872282687694728,0.12004406219641234
Day 28,Day 28,True,0.17258200558676198,0.5059970972284044,0.08425048872122803,0.1902697469365513,0.046900661527054334
Day 84,Day 84,True,0.14441052266037044,0.10975165097098197,0.13078897994721625,0.48270227594604276,0.13234657047538848
Day 0,Day 0,True,0.5031341728188469,0.15376406096216158,0.11630651636225345,0.03812123437122313,0.188674015485515
Day 28,Day 84,False,0.15098481054845936,0.25990368615271553,0.1392113367998685,0.3368921477179861,0.11300801878097054
Day 84,Day 84,True,0.129549112160393,0.06618536061365062,0.24995124222707132,0.4164872450914503,0.13782703990743486
Day 0,Mature,False,0.29235055716889957,0.16134962492034013,0.17995789539673437,0.05293121874205662,0.3134107037719693
Day 84,Day 84,True,0.1819867834054424,0.15874636860720992,0.060001117540025635,0.35638928797948916,0.242876442467833
Day 28,Day 28,True,0.1979586484413908,0.2966531158648548,0.19636248989222094,0.19392551720485618,0.1151002285966772
Mature,Mature,True,0.18847805524862601,0.1717310064551181,0.1387186192096402,0.12728454028713487,0.37378777879948066
Day 84,Day 84,True,0.1583926490477706,0.066837136238709,0.19676251430754133,0.34802259389879525,0.2299851065071839
Day 84,Day 84,True,0.23714321571923683,0.13807513770247373,0.13200292290472665,0.32957622896286376,0.16320249471069903
Day 84,Day 84,True,0.22936096591003835,0.25730098906108173,0.01856416501322177,0.3520894357891991,0.14268444422645918
Day 28,Day 0,False,0.2360157652850038,0.2297013452638984,0.23061239826227853,0.1376120990339148,0.1660583921549044
Day 28,Day 28,True,0.24479207032157368,0.38546919183631845,0.2670385896571173,0.0538444629611479,0.048855685223842614
Mature,Mature,True,0.2434054242913323,0.08239878929609326,0.11576157601159233,0.23635802136010892,0.3220761890408733
Mature,Mature,True,0.1290178204523449,0.18589963849687482,0.19097710180984528,0.1340461058272988,0.36005933341363616
Day 84,Day 84,True,0.10518867554210419,0.11943627092768785,0.2500452902313279,0.37807095114039835,0.14725881215848183
Day 84,Day 84,True,0.17319590031005824,0.06239440334911514,0.05672293602273038,0.6007313514315326,0.10695540888656373
Mature,Day 84,False,0.10150447339836892,0.06479111365912679,0.2283350169115625,0.3105131335098446,0.29485626252109726
Day 56,Day 56,True,0.10251770249271534,0.20698001170975214,0.3908516437648039,0.22133597268562027,0.07831466934710832
Mature,Mature,True,0.15093610989763614,0.31462321041453706,0.026822177690134716,0.15668917641393498,0.35092932558375706
Day 56,Day 28,False,0.11285343887372683,0.3273459067978622,0.30643055299816235,0.09252919237033826,0.16084090895991046
Day 56,Day 56,True,0.0939627195127598,0.18310981055156286,0.3789147862483424,0.0954828839043929,0.248529799782942
Day 56,Day 56,True,0.06561363705559102,0.19828330782527237,0.36924076913166515,0.13539716574927319,0.23146512023819832
Day 28,Day 28,True,0.19662607314601344,0.47798487149286173,0.03181329738076616,0.20690967168438698,0.08666608629597176
Day 84,Day 56,False,0.1258468564305931,0.17616183266450997,0.3678021320353922,0.21846920370262723,0.11171997516687754
Day 28,Mature,False,0.0514217838051641,0.26400288745055317,0.2483771231262268,0.11460521372839103,0.321592991889665
Mature,Mature,True,0.10152592236549006,0.15474479339955555,0.30477290561097126,0.04832895165961947,0.39062742696436353
Day 84,Day 84,True,0.29961455979978563,0.10716813873959166,0.03648839102006146,0.3733035861129832,0.18342532432757794
Day 84,Day 84,True,0.10084346776829278,0.3111620220720545,0.11630542781809307,0.37487266424119864,0.09681641810036107
Day 0,Day 84,False,0.3453833449803678,0.1292650311202734,0.01677823674103416,0.43108726366282196,0.07748612349550277
Day 84,Day 56,False,0.0938961931762957,0.11334291949700523,0.32911414886297574,0.30537986674764966,0.15826687171607373
Day 28,Day 28,True,0.1078381454206928,0.3982156493702632,0.17036543073320015,0.17635244290578767,0.14722833157005613
Day 0,Day 0,True,0.5223921971623326,0.10922566747670014,0.07209472114210458,0.13433472775299451,0.16195268646586813
Day 56,Day 56,True,0.16664437921929184,0.11180111876515816,0.43732955463776113,0.11677210391513163,0.16745284346265724
Mature,Mature,True,0.08379394247801647,0.18041721472702937,0.09315531141862715,0.06281337318646328,0.5798201581898637
Day 28,Mature,False,0.10986464095886024,0.2527170158409986,0.12027006477490998,0.08835857741248025,0.42878970101275093
Mature,Mature,True,0.043229435859818595,0.32766752468570787,0.07337909049591172,0.11690701739222509,0.4388169315663368
Day 0,Day 28,False,0.3864041716525193,0.43583843519323584,0.026175308594806383,0.03421152334405701,0.11737056121538152
Day 0,Day 0,True,0.34111936713939195,0.3346360936337634,0.13006928234364476,0.08330120593928562,0.1108740509439143
Mature,Mature,True,0.05817119764513813,0.11253143704178872,0.0581139817164,0.22911268943834512,0.5420706941583281
Day 56,Day 56,True,0.1515837386798039,0.14687035552552402,0.38726825995932546,0.12334070860000947,0.19093693723533717
Day 56,Day 56,True,0.09646418589344143,0.07044347825364643,0.4376363736576351,0.1592853151431063,0.23617064705217078
Day 0,Day 0,True,0.3862053608324411,0.21934864286923053,0.11475638633919363,0.09669368381300776,0.182995926146127
Day 0,Day 0,True,0.45923058408494427,0.09228163735166009,0.16034527376511828,0.23277977009443793,0.0553627347038394
Day 56,Day 28,False,0.1117431491547558,0.42743137843756884,0.26039569420429726,0.053540605960065595,0.14688917224331263
Day 28,Day 28,True,0.208597478525042,0.3503507660602998,0.25518485004637675,0.14114103010990708,0.044725875258374334
Mature,Mature,True,0.05773806804142386,0.12471758383817586,0.16683655826047733,0.1942398138359459,0.45646797602397704
Day 56,Day 56,True,0.17422142463109802,0.114290450733912,0.3537309514323813,0.14565286586105614,0.2121043073415525
Mature,Mature,True,0.1531870158608811,0.07464554019194963,0.06576677749897722,0.23224292506194197,0.47415774138625016
Day 84,Day 84,True,0.07501878037361558,0.2212200407093118,0.1306683800840916,0.33119911965128757,0.24189367918169338
Day 56,Day 56,True,0.19497343961944455,0.1535859356722422,0.4509610032100725,0.08878019688670746,0.11169942461153344
Day 0,Day 0,True,0.38583197324874474,0.0342880631845265,0.053575838897950485,0.18026481354588697,0.3460393111228913
Day 28,Day 28,True,0.28435906578889314,0.44627081563970217,0.14039071779679282,0.0790440727937363,0.04993532798087565
Mature,Day 28,False,0.15287534112128456,0.32171373618284854,0.13001168185366402,0.1225694549602744,0.2728297858819283
Day 84,Mature,False,0.057802824551907384,0.2181755609267845,0.08499664800586597,0.2778258506517499,0.3611991158636922
Mature,Mature,True,0.1134792244985426,0.23450552129925692,0.11594883747696028,0.09453239402608428,0.4415340226991559
Day 84,Day 56,False,0.07059285767012684,0.28103622791138966,0.2889742008470382,0.2865072006802267,0.07288951289121864
Day 56,Day 56,True,0.08357685728263727,0.15961505948448684,0.48310014881214247,0.1142291992233951,0.15947873519733843
Day 56,Day 56,True,0.2428766101208586,0.21943680790302325,0.32966063533632217,0.17374062028345932,0.03428532635633665
Day 28,Day 28,True,0.07828995081895695,0.334913336386371,0.1728748416106858,0.1333869416142092,0.28053492956977705
Day 28,Day 28,True,0.09616807274450621,0.5551511637896199,0.14325449042180396,0.0655778836167106,0.1398483894273592
Day 28,Day 28,True,0.12159191118341228,0.40070497874338745,0.2052433462323018,0.24101647317160613,0.03144329066929232
Day 28,Day 28,True,0.10496893642285712,0.3393783861203016,0.058901153617885185,0.28642284281621,0.2103286810227461
Day 28,Day 28,True,0.08844858437847089,0.339904658685205,0.1719910359552694,0.28991086288712836,0.10974485809392633
Day 28,Day 28,True,0.18472945983714148,0.33978936882299016,0.264256268058297,0.14041416688718794,0.07081073639438346
Day 84,Day 84,True,0.1857144887472614,0.18085313152440224,0.12648498505604494,0.3543573001180938,0.1525900945541975
Day 84,Day 84,True,0.15550105971819547,0.18251516266988912,0.15072966836239082,0.3939914507849799,0.1172626584645448
Day 84,Day 84,True,0.14617529603514173,0.2187831392503282,0.06897901438898488,0.3455847671444852,0.22047778318106
Day 0,Day 0,True,0.4935396002860876,0.10874309241226872,0.04336831989981659,0.3054562935780427,0.04889269382378433
Day 56,Day 56,True,0.2503723907892758,0.08802027353190275,0.41283053928064717,0.1888432226620003,0.05993357373617407
Day 0,Day 0,True,0.4902211266861304,0.09001782400252425,0.12083088954844336,0.15944947898560533,0.13948068077729664
Day 0,Day 0,True,0.35066783373425087,0.1757648716531338,0.07028058698722689,0.20624492545790674,0.19704178216748164
Day 0,Day 0,True,0.3883155655568849,0.2955556761189218,0.11357771375303818,0.10891688363260424,0.09363416093855087
Day 0,Day 0,True,0.45311415755553913,0.05894154993377743,0.22172512630361657,0.14574689340346908,0.12047227280359793
Day 0,Day 0,True,0.4116136983585517,0.13595839849470376,0.02892024609509055,0.08221866011620153,0.34128899693545245
Day 0,Day 0,True,0.5611513080745889,0.06110635126044566,0.20236907373748697,0.04443961565049726,0.1309336512769811
Day 0,Day 56,False,0.19096522491468632,0.0627285886314275,0.484198614155573,0.15552407276780333,0.10658349953050988
Day 84,Day 84,True,0.13570283478607162,0.09138934574449627,0.06937800109605424,0.3666475338684194,0.33688228450495844
Mature,Mature,True,0.15343021390450787,0.046890065479885674,0.17655094625277384,0.24293531344328484,0.38019346091954764
Day 28,Day 28,True,0.14262399481739038,0.515201552287698,0.12157081493616527,0.0601486315154609,0.16045500644328525
Mature,Mature,True,0.18414005128149977,0.13974238848856319,0.22994217773579365,0.07794497841607252,0.36823040407807095
Day 0,Day 0,True,0.39903900579065676,0.14755502018322417,0.2203250665675079,0.13517760263634676,0.09790330482226457
Day 56,Day 56,True,0.04971680653888737,0.3736181806251876,0.3753525773426013,0.12774952399655398,0.0735629114967698
Day 28,Day 28,True,0.10701154341122741,0.5119189775872843,0.12041907543647665,0.0267814402808178,0.23386896328419382
Day 28,Day 28,True,0.20881305661354765,0.40202419222373775,0.18879083627013474,0.09792632236920958,0.10244559252337018
Day 0,Day 0,True,0.5407567830904475,0.06999709653714169,0.11416875711995686,0.1928287038980167,0.08224865935443718
Day 0,Day 0,True,0.358955744438019,0.17644411929385476,0.06249997387218514,0.27200282035548157,0.13009734204045967
Day 0,Day 84,False,0.2123120376098346,0.20189926987152915,0.10056647303009103,0.40426523246691015,0.0809569870216351
Day 56,Day 84,False,0.23474602118660445,0.22620429097661693,0.17717552218962915,0.325320448065004,0.03655371758214554
Day 28,Day 28,True,0.28057514387544663,0.3749521286693293,0.07939448292632033,0.06830560002757008,0.1967726445013336
Day 56,Day 56,True,0.10412203618286216,0.12426922432781579,0.45661862362109595,0.20814806347361947,0.1068420523946067
Day 56,Day 56,True,0.17042135430356295,0.15486672497490586,0.3840436235970647,0.10674213868300524,0.18392615844146146
Day 28,Mature,False,0.1291385665848347,0.2855954826719301,0.08658932328929408,0.16488542432486517,0.33379120312907606
Day 84,Day 28,False,0.14994587976651005,0.3012241110370593,0.1106679181564822,0.2823516170145835,0.15581047402536496
Day 56,Day 0,False,0.2996177441317077,0.18615912104812465,0.16474331651282423,0.2887471446640144,0.06073267364332907
Day 56,Day 56,True,0.21223512731587696,0.184123765265771,0.3279516893173974,0.1395732767314053,0.13611614136954933
Day 56,Day 56,True,0.1197730226220707,0.21652236640890643,0.42391495435209253,0.05182761994472172,0.1879620366722088
Day 28,Mature,False,0.09979756745645402,0.33896330632039784,0.09230651492447439,0.08223160588651283,0.3867010054121609
Day 56,Day 56,True,0.08602734356532975,0.16975788180715098,0.48958775552974915,0.19298006585892577,0.06164695323884447
Mature,Mature,True,0.12213695046199442,0.07771489569845899,0.2431315272028157,0.27528707254296125,0.2817295540937697
Mature,Mature,True,0.18466405059343738,0.24808564271806527,0.11703290354969344,0.1543168366537637,0.29590056648504015
Day 0,Day 0,True,0.3218857088492278,0.09355675202274008,0.1302381791023767,0.277237422363642,0.17708193766201338
Day 56,Day 28,False,0.1251443694732708,0.5081295793574016,0.24163701110318989,0.05403020557724907,0.07105883448888882
Day 84,Day 84,True,0.09142772926071364,0.08877237758774174,0.1934957712963439,0.4393241317036626,0.18697999015153802
Day 28,Day 28,True,0.20899918161470446,0.44561372905865504,0.037056901130363085,0.11421704836963036,0.194113139826647
Day 84,Day 84,True,0.13417608979901405,0.14512942474757715,0.04297625750576048,0.38700877627751235,0.29070945167013584
Mature,Day 84,False,0.13987938362977578,0.09325269981846727,0.1505229899366627,0.33341653649299746,0.28292839012209675
Day 0,Day 0,True,0.33678701361293817,0.10716674460776258,0.23691047934300194,0.08616775303464824,0.23296800940164897
Day 28,Day 28,True,0.18169291117287997,0.3638500666982042,0.0737872797045275,0.17633090404179633,0.20433883838259195
Day 84,Day 84,True,0.2105921500593316,0.14616176204852613,0.049344662840990414,0.3667862553629715,0.2271151696881804
Day 84,Day 84,True,0.17926866972260114,0.07589607592594914,0.11942299786352742,0.42862995219690697,0.19678230429101515
Day 0,Day 0,True,0.37074147081515363,0.08747567086599474,0.30366857354398985,0.1422710706431254,0.09584321413173637
Mature,Day 0,False,0.33744374717354203,0.17010033079624837,0.07404333575746526,0.12151787476843667,0.2968947115043076
Day 0,Day 0,True,0.3862086233350512,0.24497854620603696,0.09249952254503598,0.16687698968723266,0.10943631822664314
Day 0,Day 0,True,0.38902479311017085,0.1266701078120611,0.17473720560564268,0.08687404957201883,0.22269384390010663
Day 0,Mature,False,0.28721145681674726,0.04869195047914764,0.10917614699878649,0.1422396923504428,0.41268075335487575
Day 56,Day 84,False,0.1588010338546214,0.12208866295098433,0.2951815135570823,0.3272383135140492,0.09669047612326283
Day 0,Day 56,False,0.24955654874638478,0.07520426056935656,0.29443525898635675,0.22115070183136218,0.15965322986653985
Day 56,Day 56,True,0.14992353793750135,0.14045777068798254,0.4212716202886684,0.12569364007705866,0.16265343100878912
Day 0,Day 0,True,0.4061408854247652,0.093896016010973,0.1069945048665576,0.252297618476282,0.1406709752214222
Day 28,Day 28,True,0.1799286333426471,0.5339624540848374,0.06452789887367397,0.08738954752700172,0.13419146617183977
Day 56,Mature,False,0.13695351358941535,0.07491742460281059,0.3034327445193484,0.08387821187253262,0.400818105415893
Day 56,Day 56,True,0.06245952247468346,0.12942063954049243,0.5606611194331761,0.18976246691736587,0.05769625163428206
Day 84,Day 84,True,0.12742316812112384,0.15336287945507276,0.21871348646369607,0.3560642608325383,0.144436205127569
Day 0,Day 0,True,0.4406105614211039,0.18958339336191155,0.11077623670036149,0.18520413348109913,0.07382567503552392
Day 56,Day 56,True,0.25984954222401874,0.14187365371545987,0.3411720365239214,0.11346062526377669,0.14364414227282318
Mature,Mature,True,0.0690180438331973,0.2742024771781882,0.17242903870173162,0.12959524957479435,0.35475519071208866
Day 0,Day 0,True,0.38474893137231964,0.06890613970671837,0.32278282699023253,0.09871514842844199,0.12484695350228729
Day 56,Day 0,False,0.3742635677536062,0.09012853117306546,0.2935424658047092,0.20388004313946842,0.03818539212915066
Day 0,Day 0,True,0.35948320739405076,0.13603795835396623,0.2902669709005101,0.15587719257323143,0.05833467077824143
Day 28,Day 28,True,0.1169427826498562,0.33488318752936724,0.14386703101783185,0.3290441331669699,0.07526286563597463
Day 56,Day 28,False,0.09109522312860828,0.34845934599508205,0.25987462040258136,0.2791533353889616,0.02141747508476662
Day 84,Day 84,True,0.11061904123124922,0.22729619042850902,0.05833207296484221,0.3065476739421243,0.29720502143327515
Day 0,Day 0,True,0.30738967433164055,0.08444739245513927,0.08503519116210517,0.27084252857913693,0.2522852134719779
Day 56,Day 56,True,0.1348682071161027,0.07411039036869582,0.3593304977549459,0.28011021463596264,0.15158069012429287
Day 84,Day 84,True,0.2934105626005022,0.1806784040637623,0.13518769965847757,0.3567132905425254,0.03401004313473266
Day 84,Day 84,True,0.14703283418070293,0.14486606577820038,0.20575153007848446,0.37884663031251425,0.12350293965009805
Day 56,Day 56,True,0.13855830103085331,0.125366240586464,0.46351785603213586,0.16466283949517976,0.10789476285536714
Day 0,Day 0,True,0.42801839749154175,0.08845170221421238,0.23858386867799067,0.1749910659914982,0.06995496562475693
Day 0,Day 0,True,0.3796888130303268,0.15775624442839253,0.1718435925009886,0.25225290821901,0.03845844182128218
Day 56,Day 56,True,0.03710394128622155,0.16576568097678576,0.445587212296914,0.24616161618821503,0.10538154925186374
Day 56,Day 28,False,0.052164406002383715,0.37255434357452016,0.2526128931130417,0.18764916435799528,0.1350191929520593
Day 0,Day 0,True,0.49125408445425595,0.053543984913572804,0.17744747550624262,0.04819223220562784,0.22956222292030076
Day 0,Day 0,True,0.3578786588865698,0.07199369855401742,0.2625940073865274,0.09059244881461918,0.21694118635826623
Day 28,Day 28,True,0.09419840868886263,0.451010539593753,0.12941120736134606,0.22513687124268678,0.10024297311335158
Day 84,Day 84,True,0.1610948849101755,0.09022345808402783,0.22322127507892264,0.5040219726242041,0.021438409302670002
Day 0,Day 84,False,0.29521316331292646,0.13729539832806736,0.14409088956314334,0.30785758599468394,0.11554296280117883
Day 0,Day 28,False,0.31820567721823245,0.3192150594664292,0.08976103170699225,0.19587448238166916,0.07694374922667697
Day 28,Day 28,True,0.07325339185367745,0.3826402252175324,0.12349983148622933,0.14614512360547732,0.27446142783708355
Day 56,Day 56,True,0.14077490792853195,0.24163471471881642,0.3689097232509304,0.08396277765984644,0.16471787644187488
Day 0,Day 0,True,0.44728893180912593,0.16353179879647922,0.15252642682297465,0.12520854448149168,0.11144429808992844
Day 84,Day 84,True,0.19791264514334655,0.07791332868111932,0.1320843782254363,0.44679370092516196,0.14529594702493587
Day 28,Day 28,True,0.11234063441806637,0.570101799452973,0.06996156841538816,0.09080468452127717,0.1567913131922954
Day 84,Day 84,True,0.11625780945479867,0.17371961909201603,0.18725108923224934,0.4255183806283169,0.0972531015926191
Day 56,Day 56,True,0.10803483542549931,0.08264536173969414,0.5431933621484252,0.1553684404099042,0.11075800027647711
Day 28,Day 28,True,0.05360053461989927,0.4101887626975699,0.08492206887662183,0.28398959081850245,0.16729904298740672
Mature,Mature,True,0.21234588235325774,0.16214790154855913,0.1260303299568656,0.07297774454465142,0.42649814159666605
Day 84,Day 0,False,0.31600200469123024,0.20299426104417764,0.08589991684252488,0.3138984464030956,0.08120537101897175
Mature,Mature,True,0.12663953988949805,0.18802264742917926,0.12764266841656569,0.20877031609418065,0.3489248281705763
Day 56,Day 56,True,0.0727891850410183,0.13079529029265372,0.40548218587581486,0.34816524891729633,0.042768089873216675
Day 0,Day 0,True,0.4057516583007887,0.05945601567946463,0.17367392565804288,0.18862190539591275,0.17249649496579103
Day 56,Day 84,False,0.04276161381291478,0.23351083750979895,0.2932128427364773,0.358269882964165,0.0722448229766439
Day 0,Day 56,False,0.2546681984129316,0.1151896663563811,0.40792761299956104,0.07206361572838116,0.15015090650274518
Day 84,Day 84,True,0.07541941799139806,0.199948060991706,0.15859762544783135,0.4297336061876842,0.1363012893813804
Day 84,Day 84,True,0.07385768549309882,0.044462402876222336,0.33862867554382253,0.42439901659618906,0.1186522194906672
Mature,Mature,True,0.08278465151103827,0.26681403389781455,0.12750836386175035,0.08964289432582098,0.4332500564035758
Mature,Mature,True,0.10388322595152857,0.1877170400392121,0.1294611010392348,0.16549653918248386,0.41344209378754077
Day 56,Day 56,True,0.28531156569480143,0.1286009454504354,0.35203002308352893,0.16559868518262555,0.06845878058860873
Day 56,Day 56,True,0.10027146414201615,0.08440332408867604,0.43454892549155966,0.2021714787309107,0.17860480754683744
Day 0,Day 0,True,0.5608886027301954,0.0876560924049408,0.12697405246415405,0.09930148740954582,0.12517976499116404
Day 0,Day 0,True,0.43702007754718103,0.10554450312664171,0.08027463713414329,0.21044557506562941,0.16671520712640467
Day 0,Day 0,True,0.4815917797803051,0.1636417653085938,0.1274103237973133,0.1370035576151782,0.0903525734986094
Mature,Mature,True,0.05437439167296726,0.13481971972797288,0.1397979356042997,0.2261026076390065,0.44490534535575377
Day 56,Day 56,True,0.10133605670728302,0.11089910940420425,0.3664839900440931,0.23978344276459504,0.18149740107982462
Day 0,Day 0,True,0.28389120439235865,0.23189523851216512,0.11269205726739286,0.19212302210905668,0.17939847771902667
Day 0,Day 0,True,0.5158968188111498,0.14885302561637376,0.07559902951112865,0.0720264906224108,0.18762463543893684
Day 56,Day 28,False,0.20211396081572358,0.2839690353974482,0.2588239624696125,0.09000408228721833,0.16508895902999732
Day 0,Day 0,True,0.4286714330039768,0.11879683437668391,0.16019370654795664,0.12266268444235474,0.1696753416290278
Day 0,Day 0,True,0.42745950697013124,0.26713353600172945,0.1387424727933184,0.1111184931511469,0.05554599108367406
Day 0,Day 0,True,0.3692855422685823,0.09121868087792813,0.24897201200112665,0.12638201111354813,0.16414175373881484
Day 56,Day 84,False,0.09736814609823082,0.03373074138350938,0.20995466333787102,0.5155726984236376,0.14337375075675113
Day 28,Day 28,True,0.18177969645814818,0.4900712650326264,0.04698075909060725,0.09156932792452459,0.18959895149409364
Day 56,Day 56,True,0.09103403315106356,0.11880974569327352,0.4808243326152827,0.20771746671838653,0.10161442182199355
Day 56,Day 84,False,0.10761475510945219,0.10933899688075072,0.30743660628762925,0.3268485989680738,0.14876104275409407
Mature,Mature,True,0.1504457219044793,0.08608898595497545,0.05381723998427545,0.28554083601808583,0.42410721613818403
Mature,Day 84,False,0.2138752489284194,0.06121236208095397,0.16636884684618677,0.2831291888983579,0.2754143532460818
Mature,Mature,True,0.21056687424486326,0.18212429074658248,0.09728513595584955,0.20547531450901627,0.3045483845436885
Day 0,Day 0,True,0.4521276270272057,0.03020078027241364,0.08063136448472256,0.3091692542395593,0.12787097397609878
Day 28,Day 28,True,0.13540647556954188,0.5010229020868717,0.12398605164535165,0.13213160511027286,0.10745296558796193
Day 0,Day 0,True,0.30616159726378533,0.24429001936655098,0.11220478469633645,0.0720680534972593,0.265275545176068
Day 84,Day 28,False,0.03352796104881156,0.34451337773463836,0.08796855475077271,0.2837375807703583,0.25025252569541895
Mature,Mature,True,0.0879020228574433,0.15757140768966138,0.19910226120263105,0.16741274424042532,0.388011564009839
Day 56,Day 28,False,0.17390337239325357,0.4328259772370742,0.3253610089297595,0.03489937348680227,0.03301026795311047
Day 56,Day 28,False,0.0691931176418481,0.36088818931107675,0.31393982526636166,0.16455972048133832,0.09141914729937536
Mature,Mature,True,0.062098329704493936,0.0927588846897092,0.34023951570782873,0.07061660048287516,0.43428666941509303
Day 28,Day 84,False,0.058361028049127246,0.21096922948058483,0.04143095305295271,0.5332690863682792,0.155969703049056
Day 0,Day 84,False,0.27411808991736797,0.17262448529852853,0.07141601323229368,0.38914731577349004,0.09269409577831986
Day 84,Day 84,True,0.2960722805402132,0.0612755522913104,0.13320370613008553,0.40222717913203826,0.10722128190635266
Day 84,Day 56,False,0.06117081225434411,0.20472290097430607,0.31990386565009094,0.27323229872854454,0.14097012239271434
Day 28,Day 28,True,0.09314090298269068,0.3614945023884573,0.1555223428840185,0.0982641409092939,0.29157811083553964
Day 84,Day 84,True,0.10162126213868702,0.20873488449213398,0.12133650892703393,0.49884551128138965,0.06946183316075534
Day 56,Day 84,False,0.15048072912551974,0.08773471073384503,0.31778697547661633,0.35323515598459715,0.09076242867942168
Day 28,Day 0,False,0.4621827260337542,0.3226636788523483,0.04551543987315483,0.10353813955841164,0.06610001568233102
Day 84,Day 0,False,0.30547219345593773,0.23830930766038722,0.08338598186793254,0.27648267763080187,0.09634983938494063
Day 56,Day 56,True,0.08698627148275573,0.028255563953293768,0.3968056059425512,0.29454623016920706,0.19340632845219227
Day 0,Day 56,False,0.26784308058317846,0.055935891950719296,0.3228956517996523,0.2708550413104887,0.08247033435596114
Day 0,Day 28,False,0.24453420169621493,0.34315862121583485,0.14982345106756975,0.16705315359319856,0.09543057242718184
Mature,Day 0,False,0.4362566234649029,0.13149517350613188,0.09121525663497665,0.12382298481572329,0.21720996157826528
Day 0,Day 0,True,0.33695023779838557,0.12671781842646998,0.07780894569023303,0.16757456214211575,0.2909484359427957
Day 0,Day 0,True,0.4656745355958619,0.07949333513910016,0.305648113520947,0.1072773709825211,0.04190664476156977
Mature,Mature,True,0.31895279530883236,0.08328564832352128,0.15088783147323634,0.05170473476244967,0.3951689901319603
Day 56,Day 56,True,0.18126921518471184,0.1953287755109994,0.3482220896573783,0.23878037546914818,0.03639954417776219
Day 28,Day 28,True,0.26670077063156505,0.3985627080946254,0.10636432165966689,0.17934715284646766,0.04902504676767505
Mature,Mature,True,0.023960119890058418,0.10245529723105758,0.1874268242003168,0.13349731636672663,0.5526604423118405
Day 0,Day 0,True,0.48220927651521384,0.06679773686480811,0.14180505604550428,0.21355708042302673,0.09563085015144718
Day 84,Day 84,True,0.13183893891486353,0.14350024442527243,0.21405971698502008,0.4100111868195842,0.10058991285525985
Day 84,Day 84,True,0.10315063804849385,0.22350764221166522,0.2361707285921319,0.2984939760543105,0.13867701509339853
Day 28,Day 28,True,0.2807677721804419,0.3605913497968616,0.09323111890127171,0.07837776462766217,0.18703199449376268
Day 0,Day 0,True,0.36603677304081383,0.28167045049031386,0.10677959140834856,0.11111168842277434,0.13440149663774936
Day 28,Day 28,True,0.2738147723473141,0.4187516032931444,0.10156789611726745,0.10956536402329849,0.09630036421897548
Mature,Day 84,False,0.04552734695327407,0.12992697444325574,0.09060960749481811,0.43333038096315735,0.3006056901454946
Mature,Day 28,False,0.05823528790343343,0.44846109574675097,0.0609947766720416,0.14282070131479008,0.2894881383629839
Day 28,Day 28,True,0.15828081038445282,0.5157730503420462,0.09489049779326944,0.16164101875257775,0.06941462272765374
Day 0,Day 0,True,0.33924066967642297,0.10839932667026045,0.05622178186776939,0.2846040277863562,0.21153419399919096
Day 56,Day 84,False,0.07444137590236384,0.17896185104321335,0.2250393398851145,0.3965912024334033,0.12496623073590504
Day 0,Day 0,True,0.34133326531921576,0.12939503850822826,0.1235861253610739,0.300500539924965,0.10518503088651698
Day 56,Mature,False,0.09880985425865685,0.10696231901990222,0.2816551368532448,0.06673208078219767,0.44584060908599843
Mature,Mature,True,0.07227342767983196,0.08482634420489363,0.06169090574557167,0.1115463463563479,0.6696629760133549
Mature,Mature,True,0.12565577791024277,0.19357105793357876,0.03288734111137408,0.28848663294256816,0.3593991901022361
Mature,Day 56,False,0.10593918924252704,0.040176691236577626,0.4410485473577756,0.13293183418664464,0.27990373797647505
Mature,Mature,True,0.18529063688478953,0.05423419128743827,0.1788184603598999,0.13690590476703424,0.444750806700838
Day 84,Day 84,True,0.13811241365951366,0.15269401202814709,0.1464063245322654,0.480583036084715,0.08220421369535892
Day 0,Day 28,False,0.24256266752797107,0.2600371122446189,0.2324751128010112,0.17246678356086867,0.09245832386553023
Day 84,Day 84,True,0.2470428041118353,0.0893392205933317,0.07032802166609667,0.4081990345069074,0.18509091912182907
Day 56,Day 56,True,0.14885656833029354,0.15281204064530435,0.44665205304588323,0.0795551425671815,0.17212419541133736
Day 56,Day 56,True,0.12739266485161768,0.1739750850786475,0.4867230603669172,0.07901561908340998,0.1328935706194077
Day 0,Day 0,True,0.37808961394551605,0.19240921444354928,0.09888583553908609,0.2572925390588855,0.07332279701296317
Day 0,Day 0,True,0.29758410182348083,0.1651552013836327,0.1950386738398359,0.26630398508870184,0.07591803786434882
Day 84,Day 84,True,0.145006422084373,0.22825491797634428,0.10718151139673508,0.33639531941149514,0.18316182913105244
Day 28,Day 56,False,0.19842514491285596,0.29530862888607906,0.31622826944624705,0.029596944692023962,0.16044101206279407
Day 0,Day 56,False,0.30318266381828934,0.025585287472593452,0.3427868682295817,0.17133250820081242,0.15711267227872303
Day 28,Day 28,True,0.07508763816730171,0.38870335320378274,0.2433861071698391,0.26529249949711065,0.027530401961965902
Day 84,Day 84,True,0.06420124583012503,0.3952595423921626,0.06060678686496002,0.3970647197837376,0.08286770512901478
Day 28,Day 28,True,0.18378141871604206,0.43059716344323645,0.26943888315345293,0.07393229146493088,0.04225024322233771
Mature,Mature,True,0.06354570455612975,0.15740997548998442,0.2411822016701165,0.09669292175974704,0.44116919652402237
Day 84,Day 84,True,0.17633791809220467,0.18608308703444418,0.05563365900943913,0.3992368172960683,0.18270851856784381
Day 84,Day 84,True,0.247294091216517,0.06173118981013081,0.14250485396524729,0.4150496785025912,0.1334201865055138
Day 56,Mature,False,0.16934290339696714,0.07225323438880758,0.28676282991206414,0.1626251015459297,0.3090159307562314
Day 84,Day 84,True,0.1902656846020127,0.20017699980574927,0.13603968156979396,0.30111774028844457,0.17239989373399947
Day 28,Day 28,True,0.06559417407092126,0.4110187474520328,0.19067870892006925,0.1351942113069871,0.1975141582499897
Day 84,Day 84,True,0.207326326307633,0.13958068349508623,0.12010887645830497,0.40291410981227854,0.13007000392669726
Day 56,Mature,False,0.16373879829953056,0.05788839931853013,0.2834664089244596,0.10949851754242541,0.3854078759150544
Day 0,Day 0,True,0.4710200869681557,0.15577411734532087,0.15475562319400193,0.11139259138558952,0.10705758110693202
Day 0,Day 56,False,0.2877743573054014,0.1650984496765457,0.31079579264711416,0.1389723970810389,0.09735900328989973
Day 28,Day 28,True,0.2963873043774601,0.3926655105468265,0.11048822608136903,0.06943020024683164,0.13102875874751269
Day 84,Day 84,True,0.11428141531926164,0.16892445990145652,0.09259171394727679,0.3427795502218125,0.2814228606101926
Day 0,Day 0,True,0.3718342265451701,0.11024682901078246,0.22959928085870832,0.22374196530278312,0.06457769828255606
Day 84,Day 84,True,0.10065476456037545,0.22745587435054296,0.2735023057749701,0.3498086600436492,0.048578395270462225
Mature,Day 84,False,0.04895095282136487,0.06921019768489112,0.08565033755003297,0.45661802302840715,0.3395704889153038
Day 84,Day 84,True,0.0697289130554731,0.08588570273386173,0.21983486657546183,0.5304243984799386,0.09412611915526468
Day 28,Day 28,True,0.07587322441334315,0.5879150446675361,0.15337298803238064,0.09859750292931221,0.08424123995742776
Day 28,Mature,False,0.11347926594990745,0.16584162005037997,0.1296923715649999,0.23742725458847463,0.35355948784623803
Day 28,Mature,False,0.053267104262243986,0.3218759105400303,0.05866615723764688,0.09830059333601467,0.46789023462406437
Day 0,Day 0,True,0.374811144252599,0.2147304861041024,0.22517848436720722,0.07034308851263829,0.11493679676345328
Day 0,Day 0,True,0.3560955244574475,0.10490270562932938,0.14253479691692794,0.32536993239802614,0.07109704059826892
Day 0,Day 0,True,0.43655021550892287,0.2222690692260478,0.16932890264865705,0.05944176256986264,0.1124100500465097
Day 28,Day 28,True,0.08045602821544878,0.38136524023832535,0.10516527920294132,0.3522077045254253,0.08080574781785907
Day 84,Day 84,True,0.23688039520385837,0.19618206885400172,0.1563240389245768,0.34013666061551506,0.07047683640204805
Day 84,Day 84,True,0.11623089553493145,0.25360665799348436,0.0688704100075727,0.49203745861029763,0.06925457785371378
Day 28,Day 28,True,0.28458546410863444,0.34082772426694036,0.08613109338490987,0.20561464927120401,0.08284106896831127
Day 28,Day 84,False,0.14125611050063522,0.25055746047436567,0.11890000239203419,0.2820647107660919,0.2072217158668731
Day 0,Mature,False,0.34615519516239507,0.08940994893090991,0.09485541660583974,0.10759130238733579,0.3619881369135195
Mature,Mature,True,0.13652008801534335,0.059061143643122725,0.3190653188393328,0.12108387138468898,0.36426957811751215
Day 28,Mature,False,0.0968392138893193,0.2928527671894982,0.20432895229794165,0.0957329392156219,0.3102461274076189
Mature,Day 28,False,0.07931691115076135,0.2822455911761819,0.2331251177108964,0.12972161834360735,0.2755907616185529
Day 28,Day 28,True,0.16848045170488396,0.35688381517996376,0.06060278529368473,0.15527869528630248,0.25875425253516504
Day 28,Day 28,True,0.06576343825948959,0.5287715111447386,0.1920174936422239,0.1548670175824294,0.058580539371118505
Day 56,Day 56,True,0.2561733670567686,0.03432748483980766,0.37851735247786983,0.09196640740266114,0.23901538822289284
Day 28,Day 28,True,0.13913004737804927,0.32348906396534893,0.05665183215140442,0.2769683443753727,0.2037607121298246
Mature,Mature,True,0.2768279163925617,0.21513502392529904,0.09792355768169167,0.09126634197143461,0.318847160029013
Day 28,Day 28,True,0.06597213504019078,0.3555360143450894,0.15231500125389136,0.2688869966549823,0.15728985270584606
Day 28,Day 28,True,0.15283571307725963,0.3526854681096298,0.13405201391500793,0.20456433596095022,0.1558624689371525
Day 28,Day 28,True,0.0531642599693687,0.29154472413128996,0.20730962133748332,0.25594253252145216,0.19203886204040585
Mature,Day 0,False,0.3255907739271774,0.18277409710857062,0.10730857339955523,0.06930942628284882,0.31501712928184783
Mature,Day 84,False,0.07245326045959577,0.05056014385455077,0.1255063769582499,0.48275069827834144,0.2687295204492621
Day 84,Day 84,True,0.0856692447215851,0.28330790269286915,0.17035349677541933,0.3622356550528428,0.09843370075728378
Day 0,Day 0,True,0.35747895599100604,0.05956930610679988,0.2393115607889184,0.25267773994214526,0.09096243717113028
Day 28,Day 0,False,0.29764916882425835,0.2610603926363569,0.02748638407618996,0.2713615669292755,0.14244248753391925
Day 28,Day 28,True,0.21792991293973635,0.4624858671610366,0.09653383924360104,0.09598274827336117,0.12706763238226484
Day 56,Day 56,True,0.2960196796474132,0.14969840435989115,0.4046359453102129,0.08746581145784042,0.06218015922464246
Day 56,Day 56,True,0.15777268381036183,0.11755109067128029,0.50843090778542,0.14768516496526074,0.06856015276767714
Day 84,Day 84,True,0.12674273107909614,0.21280388381362764,0.2670251075646629,0.2860629946626181,0.10736528287999522
Mature,Day 28,False,0.11598699997979828,0.5678400468162567,0.05350725125209925,0.05653707902501419,0.20612862292683154
Day 56,Day 84,False,0.12403336547721298,0.05812289221140121,0.21964922800747866,0.3728569263502857,0.22533758795362138
Day 0,Day 0,True,0.44365674085514195,0.15424401229544923,0.15525362783953747,0.11504258185851778,0.1318030371513536
Day 28,Day 28,True,0.1619021036561024,0.4334870545991849,0.1490904021646382,0.09957105748853888,0.1559493820915357
Day 28,Day 28,True,0.17699169539415732,0.43280275995285833,0.0763125049096832,0.13646759322257143,0.17742544652072967
Day 28,Day 28,True,0.1354771995534571,0.419697791922397,0.13559325951329063,0.15639114661529702,0.1528406023955582
Day 28,Day 28,True,0.1842155506597115,0.39713056618088155,0.16651258028731963,0.15320520582636646,0.09893609704572102
Day 28,Day 28,True,0.16496469297951294,0.40858579229906167,0.09389105819228252,0.2572739206393397,0.07528453588980318
Day 28,Day 28,True,0.26455396811729603,0.43464635904240506,0.07753269692526224,0.031698325253919676,0.19156865066111706
Day 0,Day 0,True,0.46335313850560883,0.06813570668019649,0.16573566209485288,0.08578463973997219,0.21699085297936951
Mature,Mature,True,0.16739073449739067,0.06665844266627584,0.22203844163274347,0.22870621353939524,0.31520616766419474
Day 56,Day 56,True,0.2441556983101132,0.1441000487623696,0.36239374624356036,0.07545635387293075,0.17389415281102602
Day 56,Day 56,True,0.2079768655999949,0.10135344237042343,0.43738006730081525,0.13451661081517452,0.11877301391359185
Day 56,Day 56,True,0.08713000823833855,0.24853273693918576,0.34925189065330997,0.23805236658931023,0.07703299757985553
Day 56,Day 56,True,0.1517137702243807,0.1239369955646279,0.30323326233002124,0.2164848797313143,0.20463109214965575
Day 28,Day 84,False,0.13172471179325007,0.23420715451274135,0.23076465065485566,0.3424692709956901,0.06083421204346276
Day 28,Day 56,False,0.07162776323029804,0.19391202528954088,0.5233640777197827,0.11590862429340068,0.09518750946697783
Day 28,Day 28,True,0.17288058986238017,0.4104609120446334,0.2284948986930886,0.08992246000549492,0.09824113939440303
Mature,Day 28,False,0.24339441860271377,0.3605704934080211,0.0844808382163457,0.05165195145466222,0.2599022983182572
Day 84,Day 28,False,0.05434728748872057,0.36696567010046477,0.12819258286894575,0.15638808190499273,0.29410637763687614
Day 28,Day 28,True,0.21401949803552117,0.5255423259030617,0.08739189882885243,0.1182432780074523,0.05480299922511233
Mature,Mature,True,0.07428706675002315,0.27027038513454055,0.16665258164130875,0.06957654403536521,0.41921342243876236
Mature,Mature,True,0.10230994603317171,0.05981173062046707,0.2471242013225969,0.2106752570776572,0.38007886494610715
Mature,Mature,True,0.11243412094542908,0.1599101121856636,0.13324765051424453,0.13946800928444045,0.4549401070702223
Day 0,Day 0,True,0.5124337127381425,0.09052685332371213,0.10557430951453058,0.24673672040300523,0.04472840402060968
Day 0,Day 0,True,0.5951634358083672,0.11758258039111427,0.06562768279602628,0.11680150563403674,0.10482479537045561
Day 0,Day 0,True,0.4043622549387543,0.11659523817784377,0.15481580524106264,0.0888899934807195,0.2353367081616199
Mature,Mature,True,0.055165704901239836,0.11793937968138304,0.1666029138915462,0.29404043867605656,0.3662515628497744
Day 0,Day 84,False,0.2679997235755984,0.20346365214304468,0.10813295170827023,0.33146285523179375,0.08894081734129294
Day 0,Day 0,True,0.43807834760719977,0.10973654659357618,0.045015562920377394,0.07288796719897704,0.3342815756798695
Mature,Mature,True,0.12542974814948046,0.3356654243570896,0.07540287783845678,0.05622147841422607,0.407280471240747
Day 28,Day 28,True,0.26476692404173563,0.3853678842989019,0.11474496667467549,0.05543457977232671,0.1796856452123603
Day 84,Day 84,True,0.08176470052879825,0.12070277462315934,0.12256994112677805,0.5301429961411873,0.14481958758007688
Mature,Mature,True,0.12397613537122755,0.28328645371051114,0.09394402510492879,0.14493698796412316,0.35385639784920936
Mature,Mature,True,0.09916697787136616,0.13547689617154748,0.1455117189072135,0.2117705967269321,0.40807381032294066
Day 56,Mature,False,0.09758872030144476,0.14380936836810568,0.3290153049367248,0.07951917539802489,0.3500674309956999
Day 28,Day 28,True,0.19192857244187525,0.46966020594643815,0.1375188667632643,0.10446504432795467,0.09642731052046752
Day 28,Day 28,True,0.05503686294193891,0.5865403339021665,0.01889079374241543,0.22994673953260739,0.10958526988087171
Day 0,Day 0,True,0.37256628343491793,0.17049710403192095,0.19403095129171558,0.1300105767864846,0.13289508445496082
Day 0,Day 0,True,0.3868315735478306,0.1746304296352308,0.12413168210684092,0.17137933832315574,0.14302697638694195
Day 28,Day 28,True,0.12306153911766358,0.3896550611207461,0.2723406407133243,0.07754498621721179,0.13739777283105417
Day 0,Day 84,False,0.2783500337488709,0.20749878514959688,0.11933096443033653,0.3083050436594787,0.08651517301171704
Mature,Mature,True,0.10006206299218784,0.07874909350508254,0.08830781221897528,0.16263163369861125,0.5702493975851429
Day 56,Day 56,True,0.27289146559611616,0.1083818142316069,0.46807665599429626,0.08060558839103585,0.07004447578694498
Day 28,Day 84,False,0.07404692916804834,0.22004377432752287,0.17137694357732955,0.33611808264980736,0.19841427027729183
Day 28,Day 28,True,0.19957475602345742,0.40051450770308383,0.17883686597904713,0.08786266845394601,0.1332112018404656
Day 56,Day 28,False,0.07729446682417118,0.43680116554978016,0.2896134401194509,0.07780808578022227,0.11848284172637547
Mature,Mature,True,0.06443242492471045,0.1157140848679363,0.24480210881543055,0.09099735097644297,0.48405403041547984
Day 56,Day 0,False,0.3282782777400555,0.1718939012255577,0.26867656285236863,0.14698999682267103,0.08416126135934708
Day 28,Day 28,True,0.16567491856450164,0.35134803787898006,0.32364331821479747,0.06062255516399888,0.09871117017772205
Day 28,Mature,False,0.17061184379491137,0.2291331089247922,0.16424848275842616,0.07151065277090272,0.3644959117509676
Day 84,Day 84,True,0.17486439744941723,0.10881346879072552,0.08360580968754017,0.44620154006712653,0.18651478400519061
Mature,Mature,True,0.23054719395204237,0.0794065847490537,0.1064472947182893,0.2095867924591162,0.3740121341214984
Day 84,Day 84,True,0.12201121927037031,0.11563140045758363,0.1671593675462082,0.4329912721244693,0.16220674060136867
Day 28,Day 28,True,0.0923079515052928,0.41084370930173225,0.1902192252631949,0.11987194803577578,0.1867571658940042
Day 56,Day 56,True,0.11581338696337112,0.173594931687215,0.3236995050628231,0.2458911461069364,0.14100103017965435
Mature,Mature,True,0.07078978401547152,0.15965610127554034,0.18871368064012664,0.15013528397792886,0.4307051500909327
Day 28,Day 28,True,0.21888631904980094,0.3877521478216346,0.1359708415844181,0.14889700577405962,0.1084936857700866
Day 28,Day 28,True,0.35028343660729716,0.433301812642963,0.05510410840620411,0.0603268020685915,0.1009838402749442
Day 28,Day 28,True,0.1568634719397004,0.4645541165827472,0.1040542171441093,0.17103300597939372,0.10349518835404936
Day 84,Day 84,True,0.0873232604433081,0.15239258309376713,0.1735554483163046,0.4729835943718602,0.11374511377476003
Day 84,Day 84,True,0.24838642468650146,0.18834945807971748,0.06986771308938143,0.41831739962734854,0.07507900451705117
Day 28,Day 28,True,0.1977316327756285,0.5030946905430023,0.11709642164662895,0.09326897469349985,0.08880828034124036
Day 84,Mature,False,0.21300126555329837,0.06950812666161568,0.09339563966560724,0.31154284572726526,0.3125521223922134
Day 84,Day 84,True,0.07503404202506787,0.09916638053479922,0.3170631332634085,0.4283303425023017,0.08040610167442276
Day 0,Day 0,True,0.33579159443515755,0.05403317015180701,0.16250658144269167,0.22007738008800912,0.22759127388233458
Day 84,Day 84,True,0.09271203361689037,0.2493976943576172,0.09350551043016286,0.3608662175423081,0.20351854405302158
Day 0,Day 0,True,0.506741104227094,0.18145736088613793,0.09244013993693939,0.12294849600809866,0.09641289894172994
Day 0,Day 0,True,0.31469780030383454,0.1448244003688507,0.2943787564481421,0.1044154131434443,0.14168362973572854
Mature,Mature,True,0.10207036379883291,0.1946065959221201,0.18046486185992497,0.08954434236005444,0.43331383605906754
Day 28,Day 28,True,0.11133769741852201,0.4483728705985676,0.2761916744558225,0.10475880434347766,0.059338953183610245
Mature,Mature,True,0.0817394411831798,0.15244317536406068,0.1560439918719948,0.1438174479136969,0.46595594366706766
Day 56,Day 56,True,0.163887313992261,0.08869151482286583,0.39019675266202586,0.22737891905515523,0.12984549946769205
Day 84,Day 84,True,0.11006429049905268,0.27121500582980995,0.09322126247359487,0.4611974396814924,0.06430200151605008
Day 28,Day 28,True,0.34388198489085964,0.38655109955494543,0.13279093668571187,0.0909273107131047,0.04584866815537817
Day 28,Day 28,True,0.10307396167791524,0.4413836565635803,0.30169515321775375,0.08435273147594675,0.06949449706480393
Day 56,Day 0,False,0.434458769574125,0.04711677378454583,0.3015872353961557,0.14062838815104642,0.0762088330941272
Day 28,Day 28,True,0.20999938589959416,0.48737628411712697,0.0871946665001138,0.0740662471971853,0.1413634162859797
Day 84,Day 84,True,0.2772499712837612,0.14974642733616012,0.11609172198519252,0.3496200909796815,0.1072917884152045
Day 28,Day 28,True,0.1408008827242133,0.5143122835089569,0.0785047831115373,0.2439501970978623,0.02243185355743032
Day 28,Day 28,True,0.17618160345325004,0.4104762624395459,0.20971821647646616,0.09273431102859735,0.11088960660214053
Day 84,Day 0,False,0.3639689932032644,0.22615638613354813,0.08940066638214547,0.18600088601329687,0.13447306826774505
Day 84,Day 84,True,0.17288858436106153,0.20666225532156254,0.037389389031429625,0.3902522452381584,0.19280752604778797
Day 84,Day 0,False,0.29152555617025877,0.10521410543264041,0.11142256457930651,0.2825711870107174,0.20926658680707694
Mature,Mature,True,0.13616528240162865,0.22328420968276133,0.046613530035653,0.1339227697869361,0.46001420809302107
Day 28,Day 28,True,0.14234748172018044,0.3567480194619089,0.15046465422350455,0.14027296784867352,0.21016687674573262
Day 0,Day 84,False,0.20245623498513332,0.1864689975136955,0.14868895637298193,0.3572225940836914,0.10516321704449799
Mature,Mature,True,0.1562835026447826,0.07106317111319418,0.20278989480107498,0.11208418084548437,0.45777925059546376
Day 28,Day 0,False,0.47565502296206313,0.28187071176056394,0.09323664225640826,0.08755825291041369,0.06167937011055091
Day 84,Day 28,False,0.1476974240344152,0.37025285968518484,0.0370232097596287,0.32449604773294116,0.12053045878783011
Day 0,Day 0,True,0.4210617055811998,0.10924146717378308,0.12685593412151888,0.2320478895345877,0.11079300358891041
Mature,Day 56,False,0.07308873109669083,0.10999370368826349,0.4543924796182962,0.0494111408501277,0.3131139447466218
Day 84,Day 28,False,0.03153169373298993,0.34459647237244034,0.11132588833225371,0.3196611939260731,0.19288475163624277
Day 0,Day 0,True,0.35324214504874873,0.0573228780637295,0.23473372098748854,0.2280934831059518,0.1266077727940812
Day 0,Day 0,True,0.49240251220067144,0.16337104225421728,0.09734022635505629,0.15050794647409318,0.09637827271596183
Day 84,Day 84,True,0.08785802272895281,0.2440975194979197,0.3160873359318728,0.3170188316719275,0.03493829016932712
Day 0,Day 0,True,0.39720295454411064,0.10888906618773486,0.2698503546668682,0.166613332112222,0.05744429248906426
Mature,Day 0,False,0.35345331811411485,0.1415314156709951,0.07537700877793017,0.14686281481078248,0.2827754426261774
Day 56,Day 56,True,0.16229938580633402,0.12403151783253612,0.41604386012323014,0.07914822775576486,0.21847700848213494
Day 84,Day 84,True,0.09586272779873949,0.12902787234082755,0.17438918943426382,0.4344912457850997,0.16622896464106945
Mature,Day 56,False,0.14332042471948128,0.1282981119223575,0.2972623595927207,0.14672431538202782,0.2843947883834128
Day 0,Day 0,True,0.3508149716427348,0.09743508379507686,0.20460200975059234,0.22928806832656254,0.11785986648503347
Day 28,Day 28,True,0.04265738327719066,0.6384963577022712,0.046553141683067054,0.06878363005333202,0.20350948728413898
Mature,Mature,True,0.0478178366231315,0.1512147762228998,0.16327662056951422,0.05131739102154227,0.5863733755629122
Day 56,Day 56,True,0.24215189853539099,0.1612278971754538,0.323918808706523,0.146234727254364,0.12646666832826803
Day 0,Day 0,True,0.3890689442733044,0.21837333380098184,0.1462072952755182,0.09272430185490514,0.15362612479529042
Day 56,Day 56,True,0.045561340474761014,0.08768331746274664,0.38272204756250117,0.14821201351687913,0.3358212809831121
Day 28,Day 28,True,0.13719583438818347,0.4803225687264615,0.22593360994133282,0.06746586999413859,0.08908211694988362
Day 56,Day 56,True,0.1940598100590974,0.15076406358401803,0.5549382552637584,0.051996408349500804,0.04824146274362551
Day 28,Day 28,True,0.19327700094117614,0.3156630635563558,0.27721526858821294,0.0989909910442656,0.11485367586998935
Mature,Day 84,False,0.12185248155738812,0.1673476213842049,0.105000930160881,0.35056631133674876,0.25523265556077734
Mature,Day 84,False,0.06320114340063385,0.07448095715902829,0.1576925100808599,0.3612471154900357,0.3433782738694423
Day 56,Day 56,True,0.2025527869326211,0.09497457225116973,0.4036164197887569,0.1307496977824999,0.16810652324495248
Day 28,Day 28,True,0.2769734066055605,0.31840782580190224,0.2690183397210994,0.04845540195525791,0.08714502591617986
Day 0,Day 0,True,0.30471820924489146,0.09837184316239338,0.2627828162939817,0.2272403105898424,0.10688682070889109
Day 84,Day 84,True,0.13042501557224043,0.08105157930316535,0.17452967734322453,0.5106919310666038,0.1033017967147659
Mature,Mature,True,0.07626816060671675,0.14401700228711167,0.20229074139661918,0.21493357548176242,0.36249052022778994
Day 56,Day 56,True,0.23120234742027396,0.049080884868729184,0.5180556923939866,0.10004681079414998,0.10161426452286028
Mature,Mature,True,0.24371074097052842,0.12634045293688906,0.19350482488304613,0.04523954781423293,0.3912044333953035
Day 28,Day 28,True,0.12493565668627853,0.4879341529043181,0.16270561141562595,0.08757096212495682,0.1368536168688207
Day 28,Day 28,True,0.062364802014925814,0.3472638935833639,0.24176632200586556,0.16343878173423912,0.18516620066160547
Day 28,Day 28,True,0.13450190111018182,0.4585034654395152,0.10315949697640467,0.13746453971225134,0.16637059676164695
Day 84,Day 84,True,0.10111258670955317,0.3170010946313867,0.05509653905122383,0.4124911705939459,0.11429860901389041
Day 56,Day 56,True,0.20635156400233584,0.14297666148871585,0.330170904079589,0.23395667711663148,0.08654419331272793
Day 84,Day 84,True,0.17202321024134296,0.19136229716628186,0.060714428989129224,0.4539463346045134,0.12195372899873258
Day 84,Day 84,True,0.18747317568944882,0.0771146011251525,0.23125584617156944,0.3154863047928828,0.18867007222094648
Day 56,Day 56,True,0.06174364957746476,0.11051528509451913,0.3995343144424624,0.34944037132676165,0.07876637955879208
Day 0,Day 0,True,0.4517420345754299,0.1015498486551284,0.06985958753234632,0.16746070225378876,0.20938782698330663
Day 84,Day 56,False,0.09243337790691022,0.17368852403495633,0.4302498646801969,0.20604446132705825,0.09758377205087836
Day 84,Day 84,True,0.20051382583287256,0.12288986937336817,0.12260033148005076,0.40232436564165325,0.15167160767205534
Day 0,Day 0,True,0.47088367168015305,0.13039314843700314,0.1503042685799287,0.07669691896072685,0.17172199234218827
Day 0,Day 0,True,0.41805145430200447,0.13097878964363263,0.08180165867139452,0.2530783103739935,0.11608978700897477
Mature,Day 84,False,0.05250902429437324,0.06306180216319293,0.05629664513771215,0.43383146645272636,0.3943010619519954
Day 28,Day 0,False,0.28718960828162676,0.25844387550812703,0.17109412006891453,0.08233295804415226,0.20093943809717937
Day 28,Day 28,True,0.28423605851492745,0.4809345348272549,0.0921339503142381,0.04195938001538968,0.10073607632818998
Day 28,Day 56,False,0.09884499595428275,0.30216705400768334,0.4835980254933237,0.07314894663915254,0.04224097790555752
Day 0,Day 0,True,0.5420509865950555,0.061794526088642034,0.038394515026983746,0.22747393675618816,0.1302860355331305
Day 0,Day 84,False,0.2813974253170568,0.1371019242169011,0.06269218288917859,0.3808487735204169,0.13795969405644665
Day 0,Mature,False,0.31978506335959606,0.14935875339079846,0.0719066328861152,0.06037701675092926,0.3985725336125611
Day 84,Day 84,True,0.207961284540436,0.13276227189476114,0.0950819415745003,0.29851925138593055,0.2656752506043721
Day 28,Day 28,True,0.038721881071501325,0.37144066985228436,0.2887552482928601,0.0988630058088875,0.20221919497446664
Day 84,Day 28,False,0.12384321543834038,0.36106613177351327,0.17754563798251619,0.20033657872685656,0.13720843607877364
Day 84,Day 56,False,0.05447000980926268,0.13639625817823364,0.3990731983647055,0.27046575709474496,0.1395947765530531
Mature,Mature,True,0.07110776635817949,0.2677388413840368,0.15852537857379637,0.08989582170863453,0.4127321919753528
Day 0,Day 0,True,0.3323407228376104,0.27923674582189356,0.04652363030235875,0.1027625030670445,0.23913639797109282
Day 84,Day 56,False,0.037215647620422496,0.14288499475225455,0.42828930593462144,0.1461920497588888,0.24541800193381266
Mature,Mature,True,0.1356367707090216,0.31646884779486806,0.04928853024881695,0.1325230276894189,0.36608282355787447
Day 56,Day 84,False,0.15636244162380536,0.10129184086144453,0.282592330826781,0.2853945557192261,0.174358830968743
Day 0,Day 0,True,0.43649264793617143,0.10615976358208523,0.1688087317480845,0.12491207032126364,0.1636267864123952
Day 84,Day 84,True,0.18249816910928052,0.13879012801097762,0.07116127961559635,0.40003469440911676,0.2075157288550287
Day 28,Day 28,True,0.1421254576171572,0.4692869154605674,0.1250342716857735,0.11304907892817737,0.1505042763083246
Day 0,Mature,False,0.2604321232486706,0.0807292975433636,0.1187808874419602,0.15941766209206426,0.3806400296739414
Day 56,Day 56,True,0.07001167475484711,0.3147827151223956,0.38332564053929585,0.11904708855408783,0.11283288102937347
Day 0,Day 0,True,0.31670237626047976,0.16709664894009693,0.09389610512929858,0.3082662560327381,0.11403861363738645
Day 28,Day 84,False,0.0893981288423512,0.30498449933628874,0.046290454768284764,0.33376271045071026,0.22556420660236506
Day 28,Day 28,True,0.15367438190435934,0.3839173701516148,0.27061605437993563,0.061494400700375186,0.13029779286371504
Day 28,Day 28,True,0.1065536285989394,0.5276078593947807,0.09555859806716303,0.13209505833867743,0.1381848556004395
Mature,Day 0,False,0.42720361335989476,0.05391876734857831,0.12331744542524917,0.13971768832886042,0.25584248553741745
Mature,Mature,True,0.18343996085005307,0.25158966704849917,0.11779838259348063,0.10167281547789456,0.34549917403007263
Day 84,Day 84,True,0.03390373034975592,0.3250639644835209,0.10731902759462887,0.3516510078424599,0.18206226972963444
Mature,Day 56,False,0.10593467543627211,0.1106938502692326,0.31742956844178144,0.17399186744558276,0.29195003840713113
Day 28,Day 0,False,0.39122449928731345,0.274910892193459,0.21841072181547458,0.04816039746592972,0.06729348923782304
Day 56,Day 56,True,0.1432365304529513,0.05258562167586025,0.4492662939195355,0.21634534332142505,0.13856621063022784
Day 84,Day 84,True,0.09833726489151538,0.0966809560971569,0.15645042889798275,0.5043929576205731,0.14413839249277202
Mature,Mature,True,0.10760797976141541,0.14490473324335074,0.13587255764015602,0.17004265991249537,0.4415720694425824
Day 28,Day 28,True,0.09381429322544793,0.6142912735483886,0.06201180455143242,0.08999331948269235,0.13988930919203849
Day 28,Day 28,True,0.1014821326347459,0.39075441007772177,0.11998692787020691,0.28055304639406065,0.10722348302326495
Day 56,Day 28,False,0.0773791313758914,0.34516080027493584,0.26832471478576553,0.24844694187505995,0.06068841168834724
Day 28,Day 28,True,0.07556796961807466,0.4124773734793699,0.07268188304194463,0.16833777450555829,0.27093499935505266
Day 0,Day 56,False,0.21259870538103423,0.13887591898571217,0.28921951495104825,0.0892284100351838,0.2700774506470217
Day 56,Day 56,True,0.20450725461282723,0.09014720998271596,0.39267880049440995,0.16338310885987753,0.1492836260501694
Day 56,Day 84,False,0.11963465445908526,0.14193005269319858,0.23479421024104777,0.2555789499739655,0.24806213263270285
Day 0,Day 56,False,0.2860867964819158,0.04154805610436216,0.40011422447977796,0.07618123510491666,0.1960696878290274
Day 84,Day 56,False,0.0859863362113625,0.12304951055374375,0.36791005292284845,0.3493184269930629,0.07373567331898234
Day 84,Day 84,True,0.25746190136675934,0.06088879636692968,0.047639979157959506,0.5594269606710618,0.07458236243728968
Day 0,Day 0,True,0.3689093964644024,0.2468484427399064,0.07683418824309683,0.10671324360739722,0.20069472894519702
Day 28,Day 0,False,0.41625382188558113,0.3061253265994857,0.06499833538336802,0.06942774337126074,0.14319477276030446
Day 28,Day 28,True,0.2421152415628834,0.5078731106319848,0.0393508341385996,0.10171625803340795,0.10894455563312407
Day 84,Day 84,True,0.18726310824589248,0.20783084627674187,0.06320487876641534,0.44866467931673065,0.09303648739421962
Mature,Mature,True,0.11692235204204196,0.09815877641582706,0.24189418824085301,0.1815396118519652,0.3614850714493127
Mature,Day 84,False,0.21537690739977286,0.022826811531683203,0.1228343909231241,0.3602475413487375,0.27871434879668244
Day 84,Mature,False,0.09090087239447149,0.0949597586539574,0.11057916890903328,0.2859105198244547,0.4176496802180832
Mature,Mature,True,0.05923667936879659,0.2294289792905516,0.03752882852902651,0.13609864242799508,0.5377068703836302
Mature,Mature,True,0.15797800424479522,0.2689660699368466,0.04723808145017308,0.21330121275375766,0.31251663161442755
Day 56,Day 0,False,0.3744831889556813,0.08376768402149502,0.31400446669613663,0.10765481098708517,0.12008984933960186
Day 84,Day 56,False,0.1879948295779824,0.2473758378219416,0.28515346106755285,0.26470150279325144,0.014774368739271704
Day 56,Day 56,True,0.04480969091425114,0.28631956113679835,0.3870236646955502,0.15419314687206595,0.1276539363813342
Day 56,Day 56,True,0.1459210229834131,0.11163213660884264,0.48620219521330094,0.15237928933608696,0.1038653558583565
Day 0,Day 0,True,0.400176011296233,0.16211316191573164,0.10451841850190172,0.20636716333220845,0.12682524495392508
Mature,Day 28,False,0.0635571766912614,0.4175018620698939,0.08293869831415568,0.0974459813858519,0.33855628153883705
Day 28,Day 56,False,0.07365374648060019,0.28045895553723904,0.3184859034546554,0.15114769137744768,0.1762537031500577
Day 28,Day 28,True,0.24360658568795793,0.30720980158528993,0.09119475656850792,0.14962400945344081,0.20836484670480349
Day 0,Day 84,False,0.34272907481779463,0.03693752931896956,0.12541840587285769,0.4178465026473529,0.07706848734302521
Day 56,Day 56,True,0.2083481033587175,0.16728097310621684,0.3594823250521165,0.14551009533551493,0.11937850314743423
Day 84,Day 84,True,0.1525230176398603,0.10875718371400654,0.30405624952954136,0.31749820963912,0.11716533947747185
Day 84,Day 84,True,0.13755342997596703,0.13338471951899797,0.15600298541306762,0.44355164508873635,0.12950722000323098
Day 56,Day 56,True,0.16578236566295806,0.10044491849490635,0.3751059716361189,0.19745328124810935,0.16121346295790728
Day 84,Day 84,True,0.07063414232517731,0.10831063035569656,0.16633004365244836,0.44564248048317134,0.20908270318350636
Day 28,Day 28,True,0.10937396018131383,0.3099626725819359,0.27978507451667206,0.22801613388847283,0.07286215883160553
Mature,Day 84,False,0.2015833311058218,0.1308708645701022,0.056404152095617666,0.36212535088749936,0.2490163013409589
Day 84,Day 84,True,0.25340589094559457,0.14692879833481454,0.060914563844678186,0.4116413279421955,0.12710941893271718
Day 28,Day 28,True,0.10449983424476157,0.36221111158640984,0.1295154511210735,0.18792790001421955,0.21584570303353567
Day 56,Day 56,True,0.174746259756171,0.20894901849250289,0.2618131798908767,0.19556950211650148,0.15892203974394797
Day 56,Day 56,True,0.1934794065465633,0.16644907933213846,0.4267303784396238,0.08947288951698619,0.12386824616468824
Day 28,Day 28,True,0.047629696511098274,0.3868900135545211,0.3340929590176211,0.1735851360139716,0.057802194902788075
Mature,Mature,True,0.09649322337603548,0.12453354538381001,0.12654490563875787,0.29669355425335053,0.35573477134804615
Day 28,Day 28,True,0.06045999764583859,0.5726987329889867,0.1097591234088611,0.11327371606483103,0.14380842989148274
Mature,Day 56,False,0.08496643325393181,0.24640688897267243,0.32171530685867733,0.11697025713339501,0.22994111378132337
Day 84,Day 84,True,0.16725975649357686,0.15885923809218774,0.24281540551623013,0.2964174553518708,0.1346481445461344
Mature,Mature,True,0.10126377029425825,0.09463258816185566,0.07713565065115816,0.19828640434630943,0.5286815865464186
Day 28,Day 28,True,0.08178643187191252,0.3021949856175791,0.22406740509416312,0.2519113327918298,0.14003984462451538
Day 28,Day 28,True,0.09632816377947781,0.26608479918493705,0.20339053985339284,0.24940549392991415,0.18479100325227824
Day 0,Day 0,True,0.43328907262681154,0.13913509744775412,0.06510787840450427,0.22105246329132466,0.14141548822960542
Mature,Mature,True,0.21222072675322307,0.08080529578733546,0.15999977008739458,0.17636416317065434,0.3706100442013926
Mature,Mature,True,0.155028242140232,0.11430938150963603,0.1806031490613764,0.11441273551805735,0.4356464917706983
Day 84,Day 84,True,0.13757792402928024,0.07107894507663837,0.11568633993755512,0.3796893039286284,0.29596748702789805
Day 84,Day 84,True,0.21191016372083213,0.027706442549578533,0.09580746277839017,0.36456242975898273,0.3000135011922165
Day 0,Day 0,True,0.350551767531235,0.14364144581655158,0.15381659340997378,0.3079180964391088,0.04407209680313091
Day 28,Day 0,False,0.4297621017500355,0.22509427502343732,0.06771409341936527,0.22401122958979616,0.05341830021736571
Day 0,Day 0,True,0.4658652601189708,0.06319464770928461,0.23013542935695988,0.10980041322806992,0.13100424958671486
Day 28,Day 28,True,0.11209799174357976,0.4903529626581563,0.16666627750499474,0.12638758212699885,0.10449518596627037
Day 28,Day 56,False,0.15538595069807665,0.313527397715754,0.38054265137804966,0.05232706068559564,0.09821693952252392
Day 0,Day 0,True,0.42251093691085007,0.0869311292799173,0.11613663315165888,0.23949376715926934,0.13492753349830447
Day 0,Day 0,True,0.37459147273340077,0.0973339759729845,0.06542791726841313,0.3242838155194415,0.1383628185057599
Day 28,Day 84,False,0.26943503743805625,0.24496031442319618,0.08077431008193385,0.36267716123634547,0.04215317682046815
Day 28,Day 28,True,0.21909646432094926,0.36538673659871657,0.21445403925170636,0.08406535413483698,0.11699740569379094
Day 84,Day 56,False,0.05599721897971575,0.26867042880853403,0.2993687301748138,0.2316780281109745,0.1442855939259618
Day 0,Day 84,False,0.19859480310489153,0.11453774967388596,0.06537670761388245,0.572103398839843,0.04938734076749701
Day 0,Day 56,False,0.17863702476503918,0.20999817795396822,0.5211540702014136,0.06833518324711237,0.02187554383246668
Mature,Day 28,False,0.021670543484700995,0.44902335312678904,0.0432697182043998,0.11955395554020332,0.3664824296439068
Day 28,Day 28,True,0.2633449107772765,0.30511439976705684,0.2407397945788525,0.13660731053698877,0.05419358433982547
Day 28,Day 28,True,0.0870076149881992,0.3280128857907597,0.28788180055953866,0.09616397822689104,0.20093372043461147
Day 56,Day 56,True,0.15356273132606313,0.3076635550255119,0.36154813956204307,0.08224032360062772,0.09498525048575412
Day 28,Day 28,True,0.17700310308955633,0.4174171165485835,0.2134262313515282,0.13804555689433295,0.05410799211599913
Day 84,Day 28,False,0.13692537499211868,0.30645932356108924,0.14964404333613313,0.2505346894346169,0.156436568676042
Mature,Mature,True,0.31967464881237184,0.14129008956271175,0.042762697590082,0.1639318777868499,0.3323406862479845
Day 0,Day 0,True,0.3925684930973764,0.28456747031981694,0.033306936202306583,0.1946373080983358,0.09491979228216421
Day 0,Day 0,True,0.6060399301204021,0.15814337587873276,0.041741987780210134,0.1445074291214025,0.049567277099252335
Mature,Mature,True,0.27742163300175476,0.17551936609878815,0.17486539762891445,0.06441435748812026,0.3077792457824224
Day 56,Day 56,True,0.14615158172332218,0.09667081521238115,0.36606370381738995,0.2856569986899568,0.1054569005569499
Day 28,Day 28,True,0.2497276157089258,0.3196682618064429,0.1392950095700712,0.10707103119745628,0.18423808171710376
Day 56,Day 84,False,0.046003270884710706,0.1660747553406549,0.2484456205020626,0.2707398275667295,0.2687365257058424
Day 28,Day 0,False,0.3308086030898914,0.2601498787856765,0.2680036582955501,0.08878256336165423,0.05225529646722774
Day 0,Day 0,True,0.5315431926028973,0.16724649396433444,0.07420838422263036,0.11912858975941241,0.1078733394507254
Day 0,Day 84,False,0.3409752749397136,0.08969723266146638,0.05383195807144446,0.4275352491780996,0.08796028514927602
Mature,Day 56,False,0.10053859953691886,0.14595156618297916,0.41598796102461966,0.06764748138585795,0.26987439186962436
Mature,Mature,True,0.09993704487357166,0.0795160988882731,0.0571488852071305,0.2642949856377577,0.499102985393267
Mature,Day 84,False,0.13552504918073505,0.07194086389354716,0.08643857688436168,0.40426329434144137,0.3018322156999147
Day 0,Day 0,True,0.42040723572661715,0.22530537177091753,0.05390034253039421,0.19493473242460196,0.10545231754746917
Day 0,Day 0,True,0.2715476838111625,0.09764733868460386,0.172565342267597,0.21898961157015173,0.23925002366648496
Day 0,Day 0,True,0.48011288633520327,0.15442464146926463,0.11583153270068264,0.09830178425826057,0.15132915523658894
Day 84,Day 84,True,0.1662608947554063,0.13463900377816249,0.23010790124426123,0.34065245253860554,0.1283397476835646
Day 84,Day 84,True,0.12441942167077372,0.0809419571227512,0.11767892484971587,0.3964572973981444,0.28050239895861484
Day 84,Day 84,True,0.05517332712179885,0.09861743758185734,0.08484578596172457,0.5729411979100207,0.1884222514245984
Day 84,Day 84,True,0.15366535980836388,0.17748241428791278,0.09452363923780847,0.31365503974068787,0.260673546925227
Day 0,Day 0,True,0.4655374709619159,0.05712337177484197,0.11371034492969176,0.14841688498270597,0.21521192735084438
Mature,Mature,True,0.2627541119810816,0.13454679033973266,0.09179079112058079,0.11239435320122991,0.39851395335737505
Day 28,Day 28,True,0.24928088150217453,0.46910342111487346,0.08026757397156563,0.0967924098760146,0.10455571353537177
Day 28,Day 0,False,0.5985288215985,0.2771209145956207,0.05588033811999723,0.04348237534848994,0.02498755033739217
Day 0,Day 0,True,0.4222189310571608,0.09727013137537247,0.23121782415142111,0.057894104150626624,0.19139900926541895
Day 28,Day 28,True,0.1320246770822424,0.2756328373242164,0.22027317782660066,0.21183968736401032,0.16022962040293032
Day 28,Day 28,True,0.16655489145781902,0.47072545071584343,0.14853371314255917,0.1398155699738796,0.07437037470989874
Day 0,Day 0,True,0.32113101709388364,0.2342933560056444,0.166316354702743,0.11291981560469695,0.165339456593032
Day 84,Day 84,True,0.18556245116386638,0.12469652705583285,0.2346388420263013,0.28687759475823527,0.16822458499576412
Day 28,Day 28,True,0.23824505393271206,0.33775715166779813,0.16538498632421278,0.15297696259541152,0.10563584547986564
Mature,Day 84,False,0.17494772001544037,0.018202537428260748,0.07027433078461236,0.5227039630595252,0.21387144871216132
Day 56,Day 56,True,0.19502470611402667,0.1672832256459971,0.3394987342372569,0.16400102823175175,0.13419230577096752
Day 84,Mature,False,0.15603027937538544,0.04628989648493395,0.17022997065098525,0.30848120616852837,0.318968647320167
Mature,Mature,True,0.1074090379025637,0.09857239329800412,0.2687753717574213,0.10876777148540036,0.4164754255566106
Day 84,Day 84,True,0.27549082510825673,0.06340688744832244,0.14565800712598043,0.2931945624073525,0.22224971791008777
Day 84,Day 84,True,0.09750216898070908,0.20383393256870957,0.15641767961209102,0.42829209428252646,0.11395412455596395
Day 28,Day 28,True,0.06741082622092782,0.5039097709332615,0.08036074585827947,0.1877493826715168,0.16056927431601437
Day 28,Day 28,True,0.041690119045512994,0.34393905733597585,0.30131175253651016,0.2076325693196181,0.10542650176238301
Day 0,Day 0,True,0.4022694127068124,0.20065759213296808,0.10671562859128214,0.16466789004803822,0.12568947652089923
Day 56,Day 56,True,0.17133860242333115,0.09715526415298494,0.4642723302599567,0.16757029171935317,0.09966351144437419
Day 56,Day 84,False,0.051579065489299046,0.07155341542258221,0.3816164880107856,0.4169290421406763,0.0783219889366569
Day 84,Day 0,False,0.3400646769652656,0.236646955044433,0.18616225217225585,0.1535526270704011,0.08357348874764445
Day 56,Day 84,False,0.24987681346360488,0.10847958860458291,0.2005623383617009,0.2907270382602947,0.15035422130981665
Day 56,Day 28,False,0.11950847142881554,0.4395356281977927,0.3215181321078188,0.07141198358688303,0.04802578467868997
Day 28,Day 84,False,0.16679660474525115,0.2649270023328223,0.16037947437213343,0.2797095660377739,0.12818735251201924
Mature,Mature,True,0.21196999795392663,0.1127499717788138,0.1465075372924379,0.0711543783121963,0.45761811466262536
Day 0,Day 28,False,0.2723100703775497,0.3086943481159844,0.22143696847774075,0.061602203748491076,0.13595640928023411
Day 0,Day 0,True,0.5810679436887817,0.029375888689826497,0.2034697707934593,0.09967430169718658,0.08641209513074588
Day 28,Day 28,True,0.150240521218713,0.4206489518066047,0.1711579792959218,0.1696513446628662,0.0883012030158943
Day 56,Day 56,True,0.0911378018977812,0.3499395268782159,0.3560054861096097,0.11916870167632873,0.08374848343806447
Day 84,Mature,False,0.15524595097710528,0.09504111741017403,0.08056525099765849,0.3026330848519447,0.36651459576311746
Day 56,Day 56,True,0.23895604321083533,0.1879130206371099,0.2673860208792565,0.16420627490367173,0.1415386403691266
Day 28,Day 56,False,0.15063992046997962,0.25284801849005417,0.42174285878832596,0.1072707702766028,0.06749843197503747
Day 28,Day 28,True,0.09769713878887118,0.39374680442773624,0.07449210480727543,0.36683266947279025,0.06723128250332695
Day 28,Day 28,True,0.034334283491069525,0.6573697896784636,0.05318648506435493,0.11728772664554316,0.1378217151205688
Day 84,Day 84,True,0.1118404495876251,0.09028958973473877,0.10519629624494731,0.44481075461712305,0.24786290981556586
Day 56,Day 84,False,0.20044129371231928,0.06092886427309085,0.21539133213039827,0.296996765062468,0.22624174482172363
Day 28,Day 0,False,0.32633988042645184,0.25698238730240114,0.09096516375381831,0.0774853089962,0.24822725952112867
Day 84,Day 28,False,0.11053711378807499,0.3773934017927868,0.07411756085914602,0.30159930628575843,0.13635261727423373
Day 0,Day 28,False,0.24707467639542835,0.30408233232238324,0.16614319393142804,0.17446201114975163,0.10823778620100875
Day 84,Day 84,True,0.1255576571736529,0.04223517339497142,0.24941269891597312,0.3894744141872443,0.19332005632815813
Day 56,Day 84,False,0.14231449663739404,0.16194638928305038,0.27271949454489947,0.30297728236792193,0.12004233716673424
Day 0,Day 56,False,0.2676818423654779,0.0809865685320307,0.4465565084742571,0.15519707544083136,0.04957800518740284
Day 0,Day 0,True,0.39158844265896847,0.04865635364986822,0.1411292504362156,0.1411144329075509,0.2775115203473968
Day 0,Day 0,True,0.36870908771275007,0.13856431754718562,0.18321862746625575,0.16759775444633462,0.14191021282747385
Day 84,Day 28,False,0.12517467555348716,0.2871487870901803,0.11284712440784028,0.27541579277702233,0.19941362017146994
Mature,Day 56,False,0.14136144693469754,0.16809464508845715,0.2643734492402784,0.16394503109551417,0.2622254276410528
Day 84,Day 84,True,0.13319305009972127,0.11674486042882752,0.24450876226012339,0.35860004736054096,0.1469532798507869
Day 0,Day 0,True,0.49541985910123876,0.08566013005920071,0.13475288354376166,0.09129459219965792,0.19287253509614083
Day 84,Day 84,True,0.10429268481505763,0.16051290144560776,0.1274360301532696,0.48505698692526034,0.12270139666080464
Day 28,Day 28,True,0.2896046597499445,0.45414035596024677,0.06591127855983549,0.06217078433213038,0.12817292139784284
Day 56,Day 56,True,0.07244650473456912,0.2389865019751653,0.41751276693808703,0.19803494613684544,0.07301928021533305
Day 56,Day 56,True,0.13211559641087997,0.26063481120486853,0.35390484566901964,0.22194079275775414,0.03140395395747762
Day 0,Day 0,True,0.524716517664756,0.08397690143025771,0.10360084265443972,0.15945061801374885,0.12825512023679772
Day 84,Day 84,True,0.15983929264849955,0.0599065603351411,0.2546263828324734,0.3712577646074294,0.15436999957645645
Day 56,Day 56,True,0.10204126146458556,0.25304222138102883,0.27796978522819593,0.14103707757759867,0.22590965434859095
Mature,Mature,True,0.07437749586380489,0.17871702258797828,0.08793878077258319,0.22040995628867568,0.438556744486958
Mature,Mature,True,0.2983165548197626,0.1232007369703751,0.10365207926765624,0.110186005846832,0.36464462309537404
Mature,Mature,True,0.03611475859530213,0.21090495750170632,0.30378195086395526,0.12270832428344605,0.32649000875559026
Day 0,Day 0,True,0.3418641801587305,0.055916933000433745,0.032343594478255494,0.28571721465446404,0.2841580777081163
Mature,Mature,True,0.11826714845194626,0.1767929683650471,0.1347266446861727,0.20784224472956644,0.3623709937672676
Day 0,Day 56,False,0.29846509161299384,0.10698490239418698,0.3109749077606429,0.17760608092977337,0.10596901730240305
Day 28,Day 28,True,0.12123990584493666,0.3384472210040487,0.13737543160154492,0.13662633004376035,0.2663111115057094
Day 84,Day 28,False,0.14063943072483753,0.26517784348376666,0.16650569784205765,0.22309265371337944,0.20458437423595863
Day 0,Day 0,True,0.40578505444864055,0.15948941301613223,0.11059762560675984,0.19514330709136768,0.12898459983709978
Day 84,Day 28,False,0.15823440219441065,0.2775388191110177,0.11836654002493736,0.2708709340718966,0.1749893045977378
Day 28,Day 84,False,0.09831568747466285,0.23123815299547923,0.11870644635747334,0.33430967277340634,0.2174300403989782
Day 84,Day 84,True,0.0796834410875834,0.23054282808295434,0.20808200758444861,0.3900067257654849,0.0916849974795288
Day 0,Day 0,True,0.4708459399046818,0.12198312996827394,0.2854101015370514,0.046135405044598884,0.07562542354539395
Day 84,Day 84,True,0.21960746411494697,0.12467724956230417,0.24323585704704245,0.29795267760288074,0.11452675167282546
Mature,Mature,True,0.11598158443252321,0.14839439013320282,0.09329687517978114,0.266367756469672,0.37595939378482074
Day 28,Day 28,True,0.09108056294616185,0.3676763165026774,0.16372713376320644,0.34984720502613154,0.027668781761822636
Day 0,Day 0,True,0.4843869360391139,0.0850917085731598,0.11266478402907568,0.19112449153189418,0.12673207982675647
Mature,Mature,True,0.2357654371334636,0.11456429758805657,0.07082186678623943,0.23278807100145657,0.3460603274907839
Day 56,Day 56,True,0.11700163448760684,0.08036859932636536,0.3765027707630944,0.2090093850654095,0.21711761035752386
Day 56,Day 56,True,0.08722496221338824,0.09342550475834704,0.6600957094376249,0.09390226517305686,0.06535155841758321
Day 56,Day 56,True,0.17559940132717974,0.19016933185348497,0.31911398682513503,0.24244324761879524,0.07267403237540492
Day 0,Mature,False,0.28344159188709905,0.1816045834538721,0.10986103696950557,0.11075098453419546,0.3143418031553279
Mature,Mature,True,0.08669295290396224,0.12482435417912162,0.09047626216912157,0.14153496833659343,0.5564714624112012
Mature,Day 56,False,0.19936430173155267,0.19798002717972524,0.2980562762844287,0.09099812203492265,0.2136012727693708
Day 56,Day 56,True,0.05014639535379499,0.10272729183437174,0.5522232073078962,0.1505076341607692,0.14439547134316782
Day 84,Day 84,True,0.19072266308829816,0.2503596624226696,0.0669980559435951,0.32817265235089166,0.1637469661945454
Day 28,Day 28,True,0.30279362034678037,0.32383250385578705,0.11723838988218167,0.06009737119724513,0.1960381147180058
Mature,Mature,True,0.09153889516792096,0.14335980450837363,0.14143055896906243,0.16698350702013776,0.45668723433450525
Day 0,Mature,False,0.32628126792236123,0.03718137088709379,0.09694522014821838,0.14770576818498865,0.3918863728573379
Day 28,Day 28,True,0.22500856787116988,0.30660976165398723,0.20227373995171394,0.1664176106246602,0.09969031989846888
Day 28,Mature,False,0.02712046850794091,0.34130169205909244,0.060485709666971525,0.1872779093840776,0.3838142203819175
Day 0,Day 0,True,0.42017786137697827,0.16758925435984245,0.14509588844826624,0.16094473510711169,0.10619226070780131
Mature,Mature,True,0.23326063345029951,0.03446158181841273,0.15986403722232764,0.19019160980345567,0.3822221377055045
Day 0,Day 0,True,0.45144602476257184,0.07967589640399203,0.28088731903634906,0.12977782970663168,0.05821293009045532
Day 0,Day 56,False,0.30222897697302026,0.0844198152379167,0.4712786833779621,0.030784472307831812,0.11128805210326922
Day 0,Day 0,True,0.40917931382031886,0.06243978468643108,0.232213356686594,0.22913542143184115,0.06703212337481475
Day 84,Day 84,True,0.0494018598364565,0.08973443524826993,0.09317270329269385,0.43647718638089433,0.3312138152416854
Mature,Mature,True,0.0479112423720929,0.23094743769710935,0.21902630999395772,0.22003219422574444,0.2820828157110956
Day 28,Day 28,True,0.244900560996369,0.4746524186615135,0.06478984107253162,0.08100620524966637,0.13465097401991952
Mature,Mature,True,0.06540186556899653,0.23860973296341215,0.18943838401109836,0.16012873114445753,0.34642128631203556
Mature,Day 0,False,0.24900019402504858,0.15688267929886404,0.11809695383244238,0.24080136424611567,0.23521880859752928
Day 84,Day 28,False,0.10060297642396994,0.3244852013784797,0.14447290100187357,0.25361077662062026,0.1768281445750566
Day 28,Day 28,True,0.09456974462105629,0.4706773014229315,0.18058135050730925,0.17816369122788772,0.07600791222081524
Day 84,Day 84,True,0.11571112322165084,0.1615305036426167,0.12271106928801771,0.5041888024910386,0.09585850135667623
Day 56,Day 56,True,0.16043705293698485,0.12404766203692198,0.5113223506267465,0.04168772620091365,0.16250520819843312
Day 28,Day 28,True,0.09444281980952791,0.5376322429703558,0.11778532574191397,0.16096364411580735,0.08917596736239494
Mature,Mature,True,0.029307273361791487,0.29456046658220403,0.17543933507057385,0.08939247406769474,0.41130045091773587
Day 0,Day 0,True,0.4370886180473796,0.04347517225720698,0.17639581061225326,0.23290285569486047,0.1101375433882998
Mature,Mature,True,0.09692214627044106,0.11710625103273353,0.07613730401476786,0.09310374844846056,0.616730550233597
Mature,Mature,True,0.3996170924549265,0.07977319292061823,0.036399515583123904,0.06035041216919588,0.4238597868721356
Day 0,Day 0,True,0.4085983978020576,0.1318193060935323,0.09436096229594644,0.24550403119968545,0.11971730260877823
Day 0,Day 84,False,0.25314925353909834,0.09323756878799487,0.0532763716262616,0.30503760760750004,0.29529919843914504
Mature,Mature,True,0.1506671316847271,0.16880948944882734,0.10942931157213989,0.14119415518324632,0.4298999121110593
Day 84,Day 84,True,0.20272975157876508,0.2636671334999188,0.10147000527088353,0.28413860667068114,0.1479945029797515
Mature,Mature,True,0.19253817881227836,0.1710128548759008,0.14128303829048336,0.08617788628911108,0.4089880417322264
Day 28,Day 28,True,0.1944990636592329,0.38991790618205463,0.11576310875622205,0.14401707787660606,0.15580284352588425
Day 28,Day 28,True,0.18471564351973832,0.4690409931613721,0.027033732935525835,0.16977021727928943,0.1494394131040743
Day 84,Day 84,True,0.10858596436156435,0.27491963706940137,0.16933142930183304,0.30831657261855044,0.13884639664865078
Day 56,Day 56,True,0.12682397725739036,0.029391157656453885,0.5439825862306866,0.11647985932076338,0.1833224195347057
Day 0,Day 0,True,0.3835858592977913,0.053921445707275396,0.14661871481170086,0.29630936400839514,0.11956461617483712
Mature,Mature,True,0.23075900328409704,0.11194427217882894,0.06397809111460905,0.23309599066441866,0.36022264275804644
Day 0,Day 56,False,0.2818546828775869,0.11476898017499058,0.5454664680560136,0.030986947181665083,0.02692292170974378
Day 56,Day 84,False,0.03496217586335185,0.05818332751328958,0.38286765581369464,0.4543405340991423,0.06964630671052145
Mature,Mature,True,0.15620808367383557,0.20528493295933772,0.12875939666110342,0.1026399491261292,0.4071076375795941
Day 56,Day 56,True,0.0971228267656677,0.1749902376006095,0.4287214201683039,0.17206974262442953,0.12709577284098938
Day 84,Day 84,True,0.08035575658034728,0.08438485601047192,0.20238425773120644,0.48186837674534205,0.15100675293263233
Mature,Mature,True,0.19149371697701947,0.12190924159375248,0.22910561574158958,0.14375023440281962,0.3137411912848189
Day 56,Day 56,True,0.17833724967059095,0.10840336618829227,0.29225062572578087,0.16072060549507558,0.2602881529202604
Day 56,Day 56,True,0.06281938694625706,0.0856306766637921,0.5015474478810356,0.13447959508832327,0.21552289342059203
Day 28,Day 28,True,0.10918355823097534,0.5058320125678986,0.10089019101077533,0.09957375710833626,0.1845204810820144
Day 84,Day 84,True,0.10975976274028802,0.18744141684955992,0.22809209019049503,0.36489456651868774,0.10981216370096934
Day 28,Day 28,True,0.31611238926053187,0.42350322543565605,0.10965179649463216,0.05058568435416354,0.1001469044550165
Day 0,Day 0,True,0.47903940679963375,0.2612299435053361,0.05658449924212023,0.15258483856207553,0.05056131189083449
Day 28,Day 28,True,0.141111095561331,0.4687625745568674,0.13294557949483146,0.10050530581669043,0.15667544457027963
Mature,Mature,True,0.05940178349193969,0.3067750643873297,0.17642590607837277,0.13466010175419338,0.32273714428816463
Day 84,Day 84,True,0.0848857292420967,0.1742301125074067,0.2024206527187495,0.4246613462426789,0.11380215928906821
Mature,Mature,True,0.08520417961959709,0.031571474952542034,0.19858242381157634,0.325471917153087,0.3591700044631976
Day 0,Day 0,True,0.4285862039476042,0.10501263779988892,0.08868931915784753,0.30445657487942795,0.07325526421523126
Mature,Day 56,False,0.09980754160456924,0.08173322906129851,0.36077310672925833,0.09997074007680902,0.3577153825280649
Day 28,Day 28,True,0.1970675926962798,0.4042435087051987,0.15185161001110276,0.18622255947444508,0.06061472911297368
Day 28,Day 28,True,0.10337592998241912,0.47378766441881137,0.16365244328271544,0.1422117520600909,0.11697221025596317
Day 28,Day 28,True,0.17478063719624554,0.4913269360801288,0.201757768530593,0.07261776972909294,0.05951688846393959
Mature,Day 28,False,0.058935266077726,0.4614073114820598,0.07776132961405514,0.07347469932794279,0.32842139349821625
Day 28,Day 28,True,0.09533367089575444,0.45809049852985084,0.16943043308160438,0.15285212501054463,0.12429327248224559
Mature,Mature,True,0.22735251530955966,0.18811650386652976,0.15681884987508296,0.16227783832621112,0.26543429262261653
Day 28,Day 28,True,0.11031761531291472,0.3298455703974277,0.18300993984701516,0.08495473624800284,0.29187213819463953
Mature,Mature,True,0.08085205650064922,0.054770873761338615,0.09625346952787658,0.2140891030623124,0.5540344971478233
Day 84,Day 84,True,0.09374880050118733,0.15838134662315106,0.30123703634004856,0.35832607228830005,0.08830674424731301
Day 28,Day 0,False,0.37871048848259303,0.30641125299522753,0.09999058288518874,0.15658786755393972,0.05829980808305093
Day 0,Day 0,True,0.546111956926386,0.17287375258290502,0.10691522414121918,0.1035231890999649,0.07057587724952463
Day 56,Day 56,True,0.10620132840193938,0.3446905580675419,0.3529092932728962,0.07065061737495344,0.12554820288266902
Day 28,Day 0,False,0.4352206077957942,0.2802010957050631,0.07563066405706495,0.14455499759841536,0.06439263484366249
Mature,Mature,True,0.2626343153405737,0.08420777063676625,0.16763591954649154,0.1413097575228333,0.3442122369533352
Day 84,Day 84,True,0.1122439224741712,0.09620486232777058,0.2485369181350439,0.36938617797805967,0.1736281190849548
Mature,Mature,True,0.05826699781493332,0.22263345842901305,0.13127651476556415,0.2161168137537133,0.37170621523677616
Day 28,Day 28,True,0.15090044215478823,0.4042713323993196,0.13722830069483702,0.20204934233913635,0.10555058241191885
Day 56,Day 56,True,0.0540704160165252,0.14444824978681825,0.40305803440214466,0.09571433606908912,0.3027089637254228
Day 84,Day 84,True,0.10570511851641066,0.1704992185666029,0.1734587172511716,0.30793236070529295,0.24240458496052175
Day 56,Day 56,True,0.09412469760452505,0.19740996752973183,0.5007756388161012,0.05198712425389315,0.15570257179574867
Day 56,Day 56,True,0.08150074680104406,0.11637018472126243,0.33226168928745065,0.30408762671722167,0.16577975247302135
Day 0,Day 0,True,0.5103771425275534,0.07424303986140383,0.14613163167896034,0.14739659007541528,0.12185159585666701
Mature,Mature,True,0.05887293757106689,0.1311918500694729,0.3218520682494928,0.12789994355263445,0.3601832005573329
Day 84,Day 84,True,0.13175676105469625,0.09473119717112978,0.1666327636953691,0.4078315274835493,0.1990477505952555
Mature,Mature,True,0.21262900876887167,0.09499346228054496,0.1378835431262447,0.10139472091903672,0.45309926490530184
Mature,Mature,True,0.10151261813982716,0.10713065413091508,0.2331732284790539,0.12199930641366857,0.4361841928365353
Day 0,Day 0,True,0.296657052556818,0.11836249239628213,0.1540233638294994,0.2343339254916413,0.19662316572575922
Day 0,Day 0,True,0.3114585053589398,0.23861444967565765,0.11422164746302653,0.23458226194484952,0.1011231355575265
Day 28,Day 84,False,0.05856168587591125,0.2628947150775055,0.21695083102607182,0.3681129726376094,0.09347979538290206
Day 28,Day 28,True,0.10408249656896319,0.5819332360537547,0.11317883157237467,0.07836857227153227,0.12243686353337514
Day 28,Day 28,True,0.05355065750661201,0.4272426015267991,0.1453213006161423,0.336343705876557,0.037541734473889476
Day 0,Day 0,True,0.37986116299932693,0.1415064712055355,0.13263830957853928,0.2356682252415734,0.11032583097502484
Day 0,Day 28,False,0.2811823899995556,0.4511724610431735,0.06951290535148186,0.12747882058669377,0.07065342301909533
Day 28,Day 0,False,0.28862888762324856,0.2537137682426754,0.14880055617295007,0.203168278469766,0.10568850949136
Mature,Mature,True,0.060670358362140006,0.23435699562485712,0.07454824262832645,0.2839645126494422,0.34645989073523414
Day 56,Day 56,True,0.1935170472162893,0.04171026146163158,0.49057204740179555,0.19867406106638985,0.07552658285389369
Day 56,Day 84,False,0.12562381757371174,0.14236950027333248,0.22766840920617923,0.31620434003567455,0.18813393291110211
Day 0,Day 0,True,0.40220644326261,0.14318366762754534,0.14433054225847658,0.18000361164192163,0.1302757352094464
Day 28,Day 28,True,0.10429274132073636,0.32296931143959523,0.21822525330672832,0.16717746174410547,0.18733523218883466
Day 56,Day 56,True,0.13076507955454333,0.04395958611012325,0.3977805490137282,0.10149620505472877,0.3259985802668764
Day 84,Day 84,True,0.14097909138464487,0.15055860109160743,0.05049367941966994,0.554261690595722,0.10370693750835579
Day 28,Day 28,True,0.29393194174050613,0.32757614593006584,0.07905109228531054,0.14784781124547702,0.15159300879864043
Mature,Mature,True,0.09415155849989493,0.16215780272921967,0.04269779295522654,0.07638729847795837,0.6246055473377005
Mature,Mature,True,0.05991851929903649,0.19463866482968137,0.07036503879238175,0.2494869376898873,0.4255908393890131
Day 56,Day 56,True,0.10554168933273685,0.053460366202452037,0.5615405663080691,0.026146912791491027,0.25331046536525104
Day 84,Mature,False,0.14338175359869118,0.11074281909315167,0.05981664374894107,0.28328453063565984,0.40277425292355623
Mature,Mature,True,0.14421270673641307,0.09354232349416448,0.21249755632352652,0.17224004303539975,0.3775073704104961
Mature,Mature,True,0.1067281493620589,0.16729790046431256,0.07431615932784756,0.1319206451102836,0.5197371457354975
Day 0,Day 84,False,0.28761393133402974,0.13829963311862958,0.07207979546385893,0.43416604023374616,0.06784059984973564
Day 56,Day 56,True,0.17842658111416895,0.2496392956019349,0.33985316139414795,0.08189198227081294,0.15018897961893518
Day 28,Day 28,True,0.3023729812814135,0.31815763396073377,0.164506502008979,0.11514976947676907,0.09981311327210485
Day 84,Day 84,True,0.04283216115048067,0.09671569960135759,0.04769167144906776,0.4714297120564787,0.3413307557426153
Day 56,Day 28,False,0.07458169624032647,0.3879715126624795,0.2857478400842358,0.18618957135474784,0.06550937965821038
Day 28,Day 28,True,0.16333891329362027,0.4535500646896145,0.1957756114890505,0.07308615721664372,0.11424925331107096
Mature,Mature,True,0.30114975289534013,0.14569786419657524,0.08542536680097716,0.11513379238473209,0.35259322372237534
Day 0,Day 0,True,0.3964700776268908,0.16311739209600148,0.11299547761979631,0.16316691862359736,0.1642501340337141
Day 56,Day 56,True,0.038299896121589065,0.15571971334534174,0.44850397847328494,0.10848131700382452,0.24899509505595985
Mature,Mature,True,0.2665591258166574,0.15203206626418053,0.1986460566109306,0.0665969007401466,0.3161658505680848
Day 56,Day 56,True,0.06696645963484521,0.1593968869111376,0.43214553675571227,0.0645587448942487,0.27693237180405617
Day 0,Day 0,True,0.2472253518352951,0.18806545246369624,0.15791724950044247,0.16562451836263456,0.24116742783793166
Day 28,Day 28,True,0.1498024166949216,0.4629840785372052,0.2715407111056638,0.02658178999213097,0.08909100367007852
Mature,Mature,True,0.0828091172123787,0.12049264262069019,0.11377843439138388,0.19050173499617565,0.49241807077937155
Day 28,Day 28,True,0.18028238736166335,0.4546868568831553,0.12361661739284106,0.13975671738777354,0.10165742097456663
Day 56,Day 56,True,0.020989294831155428,0.20589974665790992,0.3534235394843881,0.1679252532958956,0.25176216573065086
Day 56,Day 56,True,0.24891276082793545,0.08236548293289046,0.4895423201409003,0.07391260892037796,0.10526682717789573
Day 84,Mature,False,0.12278879552511987,0.07549363918291316,0.10059474293806381,0.2703151007904425,0.4308077215634607
Day 56,Day 28,False,0.1798834002967063,0.3731426391372557,0.31278057293695505,0.05619627208202961,0.07799711554705321
Day 0,Day 0,True,0.37412871528455444,0.1645430001446627,0.09340575888542443,0.017767586836607452,0.35015493884875104
Mature,Mature,True,0.10000421312987201,0.2100103602494234,0.14446597352748097,0.06744758975198327,0.4780718633412404
Day 56,Day 0,False,0.389141514095185,0.194165005283062,0.2889663181212626,0.07856934083316874,0.049157821667321536
Day 84,Day 84,True,0.1934717088563415,0.13230552820170371,0.10826810575694251,0.3247483888531444,0.24120626833186787
Mature,Mature,True,0.09055170571102955,0.09113092596492092,0.2353014450180335,0.1496666429950489,0.4333492803109671
Day 56,Day 56,True,0.16678642359358914,0.06388561165551393,0.4792963985382897,0.0919121789638182,0.1981193872487891
Day 84,Day 84,True,0.08544577349497594,0.13299373048416313,0.10711966475460644,0.3823105049802778,0.2921303262859767
Day 0,Mature,False,0.2396514150769929,0.22109731163966842,0.029542656441170538,0.16213327775111164,0.3475753390910566
Day 56,Day 56,True,0.3014863009524841,0.17681830014971192,0.3130487741512314,0.04226341657465306,0.16638320817191965
Day 56,Day 56,True,0.07357011041628646,0.1280973344356328,0.42781729186103035,0.2705899996096814,0.09992526367736906
Day 84,Day 28,False,0.07388097754877203,0.379865488413038,0.06977006943309155,0.3068205614815303,0.16966290312356816
Mature,Day 28,False,0.12169493724311294,0.39254188785573246,0.08040889615524108,0.07545688271956155,0.329897396026352
Day 0,Day 0,True,0.43722854840541875,0.06495840149839092,0.14356117002131474,0.13184205826224693,0.22240982181262853
Day 28,Mature,False,0.06286745749075193,0.3204932404354428,0.10833827710061797,0.03556445619427949,0.47273656877890774
Day 56,Day 56,True,0.17134292871777057,0.28978369667346776,0.3682263659514628,0.1184256099618134,0.052221398695485595
Day 28,Day 28,True,0.09394367876873606,0.4435528841773733,0.14974981825968853,0.22349312188692028,0.08926049690728184
Day 84,Mature,False,0.14509511732326297,0.08438745280750573,0.024562009044498935,0.2888152006198526,0.4571402202048798
Mature,Mature,True,0.11587105180985402,0.04915885215170645,0.09025536773567011,0.3399045044897461,0.40481022381302334
Day 84,Day 84,True,0.07570865887529524,0.13449389783635288,0.2460240822714619,0.4028745435050442,0.14089881751184566
Day 84,Day 84,True,0.1363815408122907,0.24208300878507183,0.20183832872355273,0.31360931073728054,0.10608781094180403
Day 0,Day 0,True,0.48742061714393065,0.24095680373166706,0.06938573691062132,0.11525316620050474,0.08698367601327618
Day 56,Day 56,True,0.20560105034979356,0.05977237893848177,0.4364941526459203,0.10693815997813515,0.19119425808766932
Mature,Mature,True,0.15597738000265968,0.0759199902659685,0.16398776006424584,0.13465347779266512,0.4694613918744607
Day 84,Day 28,False,0.12061446510065316,0.37534668429120865,0.13598318425400407,0.23211839100683138,0.13593727534730266
Mature,Mature,True,0.059384923341725904,0.16187419242459306,0.35071573908702103,0.07536412615021366,0.35266101899644636
Day 0,Day 0,True,0.3625863928232545,0.16308439942003097,0.15744446650943694,0.2388330183319752,0.0780517229153023
Day 28,Day 84,False,0.10801914917035825,0.3505618980193377,0.08131232590344721,0.3633786385256637,0.09672798838119313
Mature,Mature,True,0.1297896781561167,0.10004456319817616,0.21647206045326825,0.16324203823478955,0.3904516599576494
Day 0,Day 0,True,0.30546871802572195,0.28974933472775427,0.11426585116454632,0.13152024767427156,0.15899584840770586
Day 56,Day 56,True,0.184559261914799,0.12159478764790022,0.5239562260435019,0.04116661054160037,0.12872311385219845
Day 84,Day 84,True,0.12127785967440156,0.04544069809271605,0.14801528845550896,0.5792780109649819,0.10598814281239165
Day 56,Day 56,True,0.22423977798796804,0.1172277293031585,0.30757254214779955,0.12657514950498722,0.2243848010560867
Day 84,Day 84,True,0.1509183923283205,0.21050673454947955,0.18531274061151587,0.372190813858586,0.0810713186520982
Day 0,Day 0,True,0.38217351914982767,0.09919667089356868,0.2830803011663405,0.08484692209879449,0.15070258669146883
Day 84,Day 84,True,0.09526741750859954,0.09852401795420031,0.11601500685726339,0.6015819404423932,0.08861161723754352
Day 56,Day 84,False,0.11920916550786508,0.054146185889727305,0.3747622129203682,0.4070752504311556,0.04480718525088369
Day 0,Day 0,True,0.38789275100993825,0.121093203492561,0.1506265177954436,0.11283645584546224,0.22755107185659493
Day 0,Day 28,False,0.21993574259799753,0.41297767758159803,0.19558025888897165,0.08018603547214359,0.0913202854592892
Day 0,Day 0,True,0.42436193659703014,0.2610322171664452,0.1230905281091004,0.092342254621969,0.09917306350545527
Day 0,Day 84,False,0.286953340802336,0.12430043262919721,0.19561725987825518,0.3535403892195963,0.03958857747061533
Mature,Mature,True,0.10732809829120522,0.2105037191665904,0.14124960306672252,0.11613226933697736,0.4247863101385046
Day 0,Day 0,True,0.4400960120949677,0.0576748507577974,0.0692793911874001,0.36252247348626787,0.07042727247356702
Mature,Day 0,False,0.4248814107559505,0.07503235260056412,0.17395663125188982,0.05978574055316629,0.26634386483842926
Day 28,Day 28,True,0.16897012087648774,0.37727830615584085,0.1329040370897703,0.2522506535204169,0.06859688235748411
Day 56,Day 56,True,0.22679839311493005,0.037562081609713076,0.41401943821302883,0.10531703744366426,0.21630304961866378
Day 28,Day 28,True,0.07342773336448806,0.37801484566533855,0.12689248202056122,0.23325503327797417,0.18840990567163807
Day 56,Day 56,True,0.09658563212324206,0.12783752355415715,0.3904672567436468,0.1510384624615744,0.23407112511737949
Day 28,Day 0,False,0.35091479091547356,0.2916574864274047,0.21901721008250782,0.03656370853358784,0.1018468040410261
Mature,Mature,True,0.05603583534746339,0.14298046306574408,0.19410180985338504,0.1045573464619479,0.5023245452714595
Day 56,Day 56,True,0.15927297666744214,0.0875001611203576,0.37952161742162266,0.17717013043794766,0.19653511435262985
Mature,Mature,True,0.2509777511307676,0.11242543371345028,0.08824240710036303,0.08539456562985946,0.4629598424255596
Day 28,Day 56,False,0.16647731537893365,0.278105650575052,0.2856235677184627,0.08434861579518707,0.18544485053236467
Day 28,Day 28,True,0.2023069469988845,0.4537403220616213,0.08123162335809914,0.16110362121461455,0.1016174863667806
Mature,Mature,True,0.1051631245550827,0.18431173725652467,0.1085382036710795,0.1403302590563533,0.4616566754609598
Day 56,Mature,False,0.22543530084465235,0.13022773089991382,0.2889692381026153,0.05377837484910263,0.30158935530371583
Mature,Mature,True,0.08550058451055174,0.24995730369267452,0.08224386385760872,0.11558565044090903,0.46671259749825605
Day 56,Day 56,True,0.2221351564263438,0.0829639667986257,0.4933073670621427,0.07200677563676455,0.1295867340761234
Day 28,Day 56,False,0.06840149716932217,0.18605294694869434,0.6857096086989218,0.023590462712780078,0.03624548447028156
Day 28,Day 28,True,0.1901993470480072,0.4680323305744441,0.1112934770841648,0.16766783009949013,0.06280701519389366
Day 56,Day 56,True,0.06823351020356218,0.23468688696556791,0.34784015969664633,0.32216666334844346,0.02707277978578011
Day 0,Day 0,True,0.32305367164587767,0.1676167010079759,0.1505452155833514,0.21686587020689385,0.1419185415559011
Day 0,Day 0,True,0.43131528936662683,0.1819645474037175,0.12644003934699322,0.22058326530572794,0.03969685857693446
Day 56,Day 56,True,0.19940164107389072,0.046141808300007504,0.39674573395051504,0.2249352085424299,0.13277560813315673
Day 0,Day 0,True,0.4180526941711654,0.167180541701539,0.25127709506922463,0.04670068886212697,0.11678898019594396
Mature,Mature,True,0.16164578055988232,0.11507022239793674,0.2549800131903506,0.05466414508398422,0.41363983876784616
Day 84,Day 84,True,0.10646011668154493,0.07532811438683415,0.3030248361792413,0.4029699813903856,0.11221695136199399
Day 28,Day 28,True,0.1257582735226533,0.4446818865307574,0.09669328598434392,0.04585999064212967,0.2870065633201157
Mature,Mature,True,0.11741672737140221,0.20827089628256634,0.16256932563241763,0.24407957778878897,0.26766347292482473
Mature,Day 84,False,0.08890467511931553,0.10861977540499304,0.08831523993180676,0.36287931280211405,0.3512809967417706
Mature,Mature,True,0.1367492156581027,0.1495518482568966,0.12694582569551408,0.20541429462789,0.3813388157615966
Day 28,Day 28,True,0.16886780858439504,0.38440711879542644,0.13469114230975374,0.1717559724476634,0.14027795786276134
Mature,Mature,True,0.19991857310930541,0.209028126949031,0.03960961748105975,0.06657187347553409,0.4848718089850699
Day 84,Day 84,True,0.16814405750448969,0.16073695497169097,0.16667231035230123,0.3607510781613636,0.1436955990101544
Day 28,Day 28,True,0.1268623905758681,0.39287175481481906,0.32469655039898493,0.0607977676063739,0.09477153660395399
Day 56,Day 56,True,0.2941050759111223,0.17240095776851866,0.29900450845541293,0.08984650996430268,0.14464294790064341
Day 28,Day 56,False,0.06722782774287188,0.35749363901852493,0.4363432134489275,0.08420252678972806,0.05473279299994765
Mature,Day 0,False,0.36011629920113974,0.2144141900099099,0.031444691020335494,0.07790254839597759,0.3161222713726372
Mature,Day 0,False,0.26257886574640665,0.09634124902032197,0.20740362215396974,0.2109415321662537,0.22273473091304805
Day 28,Day 28,True,0.21554878599580368,0.3127216966176332,0.130843387933416,0.1236738604274597,0.21721226902568744
Mature,Mature,True,0.14598528780843328,0.16569851469580743,0.21465543153554076,0.1392645840557773,0.3343961819044413
Day 56,Day 56,True,0.13574478243227386,0.12979806014340295,0.3964678917699199,0.2201713020774267,0.11781796357697663
Day 0,Day 0,True,0.38173987206633125,0.19393137509863462,0.2269833483234974,0.03684253343150096,0.16050287108003586
Day 0,Day 0,True,0.4130751336319369,0.1612631387545431,0.11056125883125603,0.11161910157462167,0.20348136720764218
Day 28,Day 28,True,0.06966552849978584,0.5464187092956386,0.11036278214033292,0.04048485849650647,0.23306812156773601
Mature,Mature,True,0.12054720851921283,0.09462893284174821,0.16572259732534955,0.17011283372411268,0.4489884275895767
Day 0,Day 0,True,0.4698128714583386,0.16476823329381576,0.1555158550189784,0.13237422706595225,0.07752881316291492
Day 0,Day 0,True,0.48919376551583155,0.11379318720445154,0.11008533436861855,0.18852471034171353,0.09840300256938488
Day 28,Day 28,True,0.12084981275064621,0.4389879074602975,0.26993561399891025,0.04510928890828925,0.12511737688185684
Day 28,Day 28,True,0.23736780349749365,0.5153237915080119,0.05968575194312958,0.07585694730916993,0.11176570574219497
Day 0,Day 0,True,0.4164426417223064,0.17439769373113573,0.18702464445212677,0.10353134750878361,0.11860367258564757
Mature,Day 0,False,0.33367198690347843,0.13575035701907967,0.10370454556864094,0.13943979792287395,0.287433312585927
Day 28,Day 28,True,0.11252504763335824,0.3451082430127172,0.23025130611893047,0.18449998836993325,0.1276154148650607
Day 56,Day 0,False,0.6077985119851996,0.05012041600006186,0.21913056071842074,0.07259744543625374,0.05035306586006394
Day 28,Day 28,True,0.13630668560009462,0.4312592012188739,0.0999672697533721,0.2780450055728012,0.05442183785485815
Day 84,Day 84,True,0.049423388382836234,0.28741128822096623,0.17345895781397352,0.3797395416100141,0.10996682397220997
Day 84,Day 84,True,0.10117343821615811,0.054640589411098,0.22213793664624853,0.5015384296081667,0.12050960611832875
Day 28,Day 56,False,0.13263213739754173,0.29649739413202597,0.3233784871213591,0.12060634842210045,0.12688563292697283
Day 28,Day 28,True,0.2033485943939078,0.48971356100966895,0.08291479384538375,0.12128917394376272,0.10273387680727684
Day 28,Mature,False,0.049573103867899114,0.34965693414160454,0.11804619112124683,0.12429335404077292,0.35843041682847654
Mature,Mature,True,0.07433238057247997,0.13136810314025268,0.13719046678347302,0.19239767509845762,0.4647113744053368
Day 56,Day 56,True,0.2613617233193318,0.04861551268300024,0.3598878818856349,0.2135123835479148,0.11662249856411823
Mature,Mature,True,0.13984819415178265,0.10177800539958698,0.1324190688118275,0.1334794348809772,0.4924752967558257
Day 28,Day 28,True,0.10361186041696768,0.38055594083295513,0.3753698989052054,0.06969553402995902,0.07076676581491276
Mature,Mature,True,0.13250703664878263,0.06501080352865923,0.19986065927994964,0.19937002596457884,0.4032514745780296
Day 56,Day 56,True,0.04739426006977635,0.09889506752021111,0.4379675417968231,0.2823684804089231,0.1333746502042663
Day 28,Day 0,False,0.3558491490954213,0.3043362623514682,0.12072613545611,0.055398697831769886,0.16368975526523055
Day 28,Day 28,True,0.1535693565657066,0.36898096515418455,0.12468898539793875,0.15395200004320395,0.19880869283896624
Day 28,Day 28,True,0.10348511749802725,0.5035087691090977,0.07663781672232184,0.2144260259030217,0.10194227076753151
Mature,Mature,True,0.119351704201836,0.237874804213138,0.11253963130684753,0.17126813277629385,0.3589657275018847
Mature,Day 56,False,0.15582948950431696,0.12875542980318178,0.3707341674009836,0.08116089964657969,0.26352001364493793
Day 28,Day 84,False,0.0937953682950964,0.17754504977455457,0.11777502038362017,0.5098139527756179,0.10107060877111096
Day 28,Day 28,True,0.19290733042774905,0.3051046378627751,0.17575560130983578,0.19293142579304512,0.13330100460659505
Day 0,Day 0,True,0.4234095120661355,0.12613280785186287,0.28453146105965627,0.04427349729282184,0.1216527217295234
Day 84,Day 0,False,0.34402738631828994,0.10622360251007415,0.14626015127848707,0.23664012317788383,0.16684873671526493
Day 84,Mature,False,0.14816451956680846,0.06446878925503505,0.24943901918702358,0.26479377393131437,0.27313389805981847
Day 28,Day 28,True,0.18922530001499785,0.40102323420399105,0.16654490174549053,0.17328670114346284,0.06991986289205769
Day 84,Day 84,True,0.15731187950957157,0.25291091734708476,0.12841144891623296,0.36605981467100335,0.09530593955610729
Day 84,Day 84,True,0.1260105975980788,0.2506912591675595,0.21059230854100844,0.35102783985831076,0.06167799483504239
Day 84,Day 56,False,0.09262372994250172,0.11423275072448215,0.2939675747063692,0.2730905884794179,0.22608535614722902
Day 56,Day 56,True,0.171368450519233,0.11749424694338179,0.42716012044342183,0.1701519351282354,0.1138252469657279
Mature,Mature,True,0.08355742769592464,0.24765529494530156,0.20101328360743076,0.18151366311742026,0.2862603306339228
Mature,Mature,True,0.09675891868137398,0.10676718453987122,0.2433405795877865,0.14935518263292605,0.4037781345580423
Day 56,Day 56,True,0.08598077519628289,0.12002252494353105,0.3960748430357596,0.33277788344784465,0.06514397337658188
Day 28,Day 28,True,0.05351609512362899,0.5204703372757203,0.2369884396847326,0.07039281810673836,0.11863230980917966
Day 84,Day 84,True,0.0415969062014089,0.21722437575606932,0.1737352578654431,0.47772398173225483,0.08971947844482389
Day 28,Day 56,False,0.14119021959395403,0.28687296568298637,0.4080150711894034,0.10460508909995374,0.05931665443370254
Day 0,Day 0,True,0.4905196038712838,0.15211230604962445,0.1180091650143755,0.15723991896474193,0.0821190060999744
Mature,Mature,True,0.14892669441316583,0.15287423013986082,0.0821380946916459,0.21292373999928255,0.40313724075604496
Day 28,Day 28,True,0.1960372522629809,0.3888659918255595,0.1587784955391571,0.13831274229179566,0.11800551808050688
Day 84,Day 84,True,0.23821400418903527,0.19236716593388986,0.12349139938372597,0.3141184733808883,0.13180895711246066
Mature,Mature,True,0.22409482700526553,0.13518381072059352,0.14575982649568772,0.09032395357074516,0.4046375822077081
Mature,Mature,True,0.31790905903319017,0.09196499357909992,0.02183465398768784,0.10760567392345828,0.4606856194765637
Day 84,Day 84,True,0.14705490643095462,0.13476061943057818,0.11902457848153698,0.36059914972477647,0.23856074593215384
Day 56,Day 56,True,0.23762096979656097,0.05515563847710816,0.5643056241415514,0.11722892584255178,0.025688841742227634
Day 56,Day 56,True,0.14102272496896545,0.2035851608847714,0.43262670478779336,0.06403798251315895,0.1587274268453108
Day 0,Day 0,True,0.3978030524380899,0.1161256591029452,0.06938354080457541,0.25190541177524106,0.16478233587914837
Day 28,Day 28,True,0.08846916138741623,0.5865815020673015,0.09799453567360925,0.16811417152683655,0.058840629344836456
Day 0,Day 0,True,0.3837560379611471,0.14165422488306995,0.26215273909033804,0.06505263174708067,0.14738436631836427
Mature,Day 56,False,0.06114188553335013,0.09542083722601048,0.46224071153942614,0.07896229130066976,0.3022342744005435
Day 84,Day 28,False,0.11106762338137069,0.3052260951107022,0.12183716491911335,0.30507730794359633,0.1567918086452174
Day 28,Day 28,True,0.16842931452925222,0.5028994507613788,0.05774742911501216,0.1954288574575551,0.07549494813680166
Day 28,Mature,False,0.07864529336392764,0.22562943180567424,0.12691454335023641,0.10600004035759591,0.4628106911225658
Day 84,Day 56,False,0.06028912657654789,0.04497299182233125,0.5095128151913216,0.30720395083632407,0.07802111557347505
Mature,Mature,True,0.09601604315406825,0.14822720798438657,0.12555522975296032,0.22507059996832782,0.40513091914025706
Day 56,Day 56,True,0.10893851889437854,0.1942904287252683,0.42487171140370955,0.12017726889580968,0.15172207208083388
Day 28,Day 28,True,0.09372652284786454,0.4376430296538661,0.09411887658501562,0.08730226675364229,0.28720930415961154
Day 0,Day 0,True,0.4748835963928886,0.11351497849282999,0.18908318865304466,0.06293615663025698,0.15958207983097977
Day 0,Day 0,True,0.4462277381527093,0.09668244968257106,0.15105182233749764,0.16133856719238984,0.14469942263483213
Day 84,Day 84,True,0.06080869491184481,0.21358186270085525,0.1484887856240071,0.5008070582452022,0.07631359851809075
Day 28,Day 28,True,0.09636650827218934,0.4503227240534761,0.23300939858871045,0.07335703877503195,0.14694433031059206
Day 0,Day 0,True,0.430222200526308,0.09909841076974821,0.12519725293825526,0.054586810586264495,0.29089532517942407
Day 84,Day 84,True,0.13802567398264234,0.06260524429539507,0.12494014080005805,0.42612023524521736,0.24830870567668714
Mature,Mature,True,0.09905850638086659,0.17820647326188993,0.16846252094123845,0.14612280640513314,0.40814969301087195
Mature,Mature,True,0.1290061218714012,0.3005045468007581,0.05863525483303316,0.18530778936448097,0.3265462871303266
Day 28,Day 84,False,0.11883634162802037,0.21670871350145998,0.15298271549117412,0.3625940981609498,0.14887813121839585
Day 84,Day 84,True,0.06322255124434162,0.19839159889596553,0.19349531002087075,0.344931117249288,0.19995942258953406
Day 28,Day 28,True,0.12859806448442915,0.3382772579079586,0.0876151358286873,0.26877690593800635,0.17673263584091864
Day 84,Day 0,False,0.3303500409766691,0.12421504391371564,0.053966250872541824,0.3277268196261113,0.16374184461096228
Day 28,Mature,False,0.03713258005105091,0.2932110181021832,0.06598183161658888,0.12279185227063791,0.4808827179595392
Day 28,Day 28,True,0.1036267280959846,0.4699437346342844,0.09710009248025467,0.13413407926615514,0.19519536552332126
Day 84,Day 84,True,0.17267195331858096,0.06023580346659984,0.051995470524200345,0.49075099596551897,0.22434577672509987
Day 56,Day 56,True,0.07578182500427555,0.3200801321666793,0.3353161385735469,0.09815495640186996,0.1706669478536282
Day 84,Day 84,True,0.23786075442625626,0.10146714662749672,0.13000898895224589,0.34983749268554826,0.18082561730845276
Day 56,Day 56,True,0.10320377934255687,0.09205138458261526,0.4366775907803376,0.1094329190390513,0.25863432625543886
Day 28,Day 0,False,0.35432880401089545,0.23063463306317786,0.16331452408416572,0.1836991312413821,0.06802290760037887
Day 56,Day 0,False,0.4033984079875002,0.1420935218240276,0.27957837120879,0.044666913492388244,0.13026278548729395
Mature,Mature,True,0.12078969508600698,0.08581479474458231,0.09043456972310795,0.3043891897050358,0.39857175074126694
Day 84,Day 84,True,0.07450665807412073,0.03991418190232252,0.20717354787340841,0.49019985232354873,0.1882057598265995
Day 0,Day 0,True,0.3840415469164034,0.06413720146887532,0.14385929598137354,0.3511859882764874,0.05677596735686038
Mature,Mature,True,0.11817665674059552,0.19638407251698559,0.2394288877285281,0.08876052062006824,0.3572498623938225
Mature,Day 28,False,0.10184662413053176,0.403531236742204,0.217933462389018,0.045867812813452244,0.23082086392479398
Day 84,Day 84,True,0.3044172390850081,0.09225356611815479,0.10818835510900297,0.38041863852496827,0.11472220116286604
Day 0,Day 0,True,0.3549038154575808,0.10304875891163116,0.15219839912738958,0.25107969061627333,0.13876933588712512
Day 56,Day 56,True,0.2155162888412059,0.16126947516497703,0.29576536456085334,0.2773538915687174,0.050094979864246256
Day 0,Day 0,True,0.3251594884230684,0.14274389286894168,0.18148411249771057,0.28878682297998953,0.06182568323028984
Day 56,Day 56,True,0.016238965648783642,0.07899340249169766,0.3283569094449331,0.2980791473017474,0.2783315751128381
Day 84,Mature,False,0.17912440073798272,0.10829255396977434,0.13241512276863232,0.27185937657362896,0.30830854594998164
Day 56,Day 56,True,0.20068830331338441,0.045631798148546295,0.4298607478406524,0.18314515282690005,0.14067399787051668
Day 84,Mature,False,0.14920848543170642,0.1339205955868899,0.05852267111326116,0.24080684565957733,0.4175414022085651
Day 56,Day 84,False,0.05955875839822851,0.20982269443224805,0.24222381058592982,0.2857118164672273,0.20268292011636635
Mature,Day 56,False,0.04260459777662429,0.07029848284503261,0.539969357750109,0.0969161166795355,0.2502114449486987
Day 56,Day 56,True,0.08596355120120606,0.19789578167453967,0.4329507845463674,0.05861523186960739,0.22457465070827942
Day 0,Day 0,True,0.38743171418326633,0.27358350082854166,0.14494741241014156,0.060324893807025624,0.1337124787710249
Day 56,Day 56,True,0.13194937035629445,0.20995062751011076,0.38060002094078327,0.15060140915377448,0.1268985720390371
Day 0,Mature,False,0.26979249976827696,0.08465271310805247,0.12140214876428972,0.24045738040685757,0.28369525795252337
Day 28,Day 28,True,0.1551552038126696,0.4650421643777973,0.13116090900087846,0.10518149651175664,0.14346022629689814
Day 0,Day 0,True,0.596486043488636,0.05042636070602117,0.11717048290436181,0.1618248756687736,0.07409223723220741
Day 84,Day 84,True,0.22513660928180224,0.1425648394885632,0.161785528727141,0.31714628561326486,0.1533667368892287
Day 28,Day 28,True,0.29243797299653396,0.4151983088622218,0.07471790423131258,0.11732658525139432,0.10031922865853732
Day 28,Mature,False,0.2550482487042274,0.30041183015551964,0.03160758691188644,0.09660980326061687,0.3163225309677497
Mature,Mature,True,0.19147196945271405,0.11299107017646136,0.06546234199689256,0.19748900984383153,0.4325856085301005
Day 28,Day 84,False,0.0439023809142324,0.28836316581465693,0.27974699691206534,0.3092672335861967,0.07872022277284849
Day 84,Day 84,True,0.12227205246994592,0.24985406535653298,0.08239948303409156,0.43674051046418866,0.10873388867524084
Day 56,Day 0,False,0.30356602124363496,0.1268737491258051,0.17915706486456834,0.26086057933843987,0.12954258542755162
Day 28,Day 28,True,0.126733465441422,0.4737756934938095,0.07706678017096569,0.16801339918276267,0.1544106617110402
Day 28,Day 28,True,0.04425156843147494,0.5143468199298824,0.18847301591244978,0.10292606686223478,0.15000252886395823
Day 84,Day 0,False,0.43071872452838383,0.0555800566796678,0.11499119082810776,0.3097742835342573,0.0889357444295835
Day 0,Day 0,True,0.36776441605036664,0.23379249697691212,0.19429566598301376,0.11397530781076175,0.0901721131789457
Day 56,Day 56,True,0.1997628919562032,0.07043183185050798,0.4661729637578393,0.12737308952779583,0.1362592229076537
Day 28,Day 56,False,0.12564187656738673,0.3395824033333165,0.34638983329374123,0.050535813094313514,0.13785007371124205
Mature,Mature,True,0.09481380854032134,0.08408287669603644,0.09723282573397247,0.21365634755294383,0.5102141414767257
Day 0,Mature,False,0.28039222627787974,0.15957793483591515,0.2145075878990196,0.05272099354449677,0.29280125744268864
Day 0,Day 0,True,0.38488406942582193,0.2136318428809054,0.10827269359364373,0.1152344243031901,0.17797696979643884
Day 56,Day 56,True,0.1710954077074688,0.18833988241431202,0.48821528861935076,0.05755338027612152,0.09479604098274694
Day 0,Day 0,True,0.5343764953067689,0.10685343305028967,0.09149196409592186,0.15664512666566213,0.11063298088135742
Day 56,Day 28,False,0.19716481389858254,0.2876695808304423,0.27335905404061434,0.05600659144901935,0.1857999597813415
Day 0,Day 0,True,0.40877532707046665,0.07604189080330544,0.1529938631168246,0.1349198853260683,0.22726903368333498
Day 28,Day 28,True,0.17040284612598372,0.2988591139071739,0.08742332265146668,0.2432487823923786,0.2000659349229971
Day 28,Day 28,True,0.25483777122371126,0.3616414545642843,0.037490188438899244,0.08864962610543875,0.2573809596676664
Day 0,Day 56,False,0.28546743425536925,0.21475748333815073,0.3527807477227473,0.05762257675692325,0.08937175792680929
Day 84,Day 84,True,0.2912693751747712,0.07293801644700593,0.11030714148533062,0.39704217424462973,0.1284432926482626
Day 56,Day 28,False,0.06738037285756221,0.3228671616240013,0.2989107737809148,0.22147027507389844,0.08937141666362337
Day 28,Day 28,True,0.11451637890222637,0.3935132686478371,0.3722213181899615,0.03397453264545803,0.08577450161451701
Day 28,Day 28,True,0.04515014997111485,0.471696293732974,0.29213084936342193,0.05788332595930318,0.133139380973186
Mature,Mature,True,0.18834112223398797,0.06297825630524777,0.18055752693622842,0.17867189561568406,0.38945119890885177
Day 0,Day 0,True,0.33150867075122703,0.1354429661505376,0.10507786416448459,0.2635060414715014,0.16446445746224927
Mature,Mature,True,0.13982542781630075,0.12694240617988678,0.13007003617390808,0.07284453818190635,0.530317591647998
Day 28,Day 0,False,0.43214548170406836,0.2825974478085846,0.14964017201623592,0.054266956606634977,0.08134994186447617
Day 56,Day 56,True,0.140288998417573,0.23840789856440162,0.3890935271171167,0.11816805517054135,0.11404152073036741
Day 28,Day 28,True,0.17917723140881722,0.38883993470255107,0.11695095818461963,0.12321309595730486,0.19181877974670716
Day 56,Day 56,True,0.16562334066398607,0.22864735764298189,0.3308325138634554,0.10680027262655084,0.1680965152030257
Day 0,Day 0,True,0.42198287326484796,0.18231571449469966,0.14641631614698042,0.09982810727267488,0.14945698882079714
Day 0,Day 0,True,0.34773615075088005,0.1322401664960622,0.14800811667286976,0.032553547459419116,0.33946201862076886
Day 28,Day 28,True,0.08115737137378372,0.3733827502024772,0.12169413152175357,0.22693082157722028,0.19683492532476524
Day 84,Day 84,True,0.2542098134763444,0.07664556681911262,0.15277793119820288,0.393525074606971,0.12284161389936904
Day 56,Day 28,False,0.2779628787385168,0.3171690124724406,0.23262938595443045,0.12694428078152725,0.04529444205308466
Day 0,Day 28,False,0.32185069481901096,0.49200853675371337,0.09175059976643475,0.02607694363412794,0.0683132250267129
Day 28,Day 28,True,0.1689340122997574,0.39830698834395845,0.061139475393318515,0.16893957521744418,0.20267994874552142
Day 28,Day 28,True,0.2091516235228345,0.4748019599048191,0.1253750762308498,0.06970359239492323,0.1209677479465732
Day 84,Day 28,False,0.11530675120606158,0.3318732471418978,0.21007581905964423,0.24625962235831864,0.09648456023407773
Mature,Mature,True,0.28233974054620237,0.09200546695225638,0.13034629798252034,0.08468284679104843,0.41062564772797244
Day 28,Day 56,False,0.11961042495991986,0.29377220616541927,0.32524293771401125,0.12784932385021044,0.13352510731043932
Day 84,Day 56,False,0.14248251732543005,0.1516726857292261,0.34183929505467314,0.2927637902765797,0.07124171161409111
Mature,Mature,True,0.25847037105111953,0.07028412233348186,0.16526650104840393,0.07512910639652609,0.43084989917046873
Day 28,Day 28,True,0.1394112612561239,0.4180607748254012,0.18830895802210496,0.14685644314286686,0.10736256275350307
Day 56,Day 56,True,0.07420304085712108,0.08910040152687056,0.4877359111993102,0.07947746595033311,0.26948318046636516
Mature,Mature,True,0.12510717965932386,0.18781109259545678,0.25759952618468507,0.056756589822764235,0.37272561173777
Day 56,Day 28,False,0.18601072338214397,0.2977637099475015,0.2313235895246411,0.251800447873924,0.0331015292717893
Day 0,Day 0,True,0.49273272401638896,0.1404877135372985,0.22380247996885888,0.0957212732751625,0.04725580920229109
Day 0,Day 0,True,0.28730223330988425,0.16342922056978604,0.27410280518183605,0.20385285578236897,0.0713128851561247
Day 84,Day 0,False,0.3110987646087064,0.08772360500303204,0.22682847308161808,0.26920551625185773,0.10514364105478574
Mature,Day 84,False,0.1014015552808836,0.07895218750243817,0.21624254408620447,0.3239312063440411,0.27947250678643265
Day 28,Day 56,False,0.08378330799324053,0.2914672066860815,0.32278393597500893,0.16996804598332851,0.1319975033623405
Day 84,Day 56,False,0.054837555898211585,0.09729143098120764,0.4320735672664937,0.3071985089173118,0.10859893693677529
Day 28,Day 28,True,0.17939527027931698,0.5518545778675631,0.03688157025305442,0.10621592984376686,0.12565265175629864
Day 56,Day 56,True,0.12635211641457808,0.14578314715521312,0.5339805018308462,0.037761555901116295,0.1561226786982462
Day 28,Day 28,True,0.3265408917161941,0.368897788419309,0.05924576233502533,0.1019205304071131,0.14339502712235855
Day 84,Day 84,True,0.18649058520664052,0.12295880422730701,0.08826746892259596,0.3606554587754879,0.24162768286796854
Day 84,Day 84,True,0.15526942457502965,0.12329040368613138,0.07637783941691169,0.42834744107255823,0.2167148912493691
Mature,Mature,True,0.30835053580381766,0.12860908399208518,0.08096257637827965,0.05959818476512376,0.4224796190606937
Day 84,Day 84,True,0.11617928703360239,0.1319627843838641,0.09286286774748762,0.5657095634192513,0.0932854974157946
Day 56,Day 56,True,0.11586435535904857,0.17556352918960264,0.35739601305078933,0.28506822121409825,0.06610788118646123
Day 0,Day 84,False,0.1942007698815063,0.0757337089233785,0.10150950971061956,0.3487475194259872,0.2798084920585085
Day 56,Day 84,False,0.07475902283086157,0.05631396336705192,0.2640083253177258,0.37276179858275504,0.23215688990160568
Day 56,Day 56,True,0.07554628714525158,0.10449168370859299,0.3182157872844252,0.2681480370463872,0.23359820481534305
Day 0,Day 0,True,0.43775851207484595,0.06742839139892154,0.09150676348750476,0.18377826101599687,0.21952807202273086
Day 56,Day 0,False,0.4632114181890903,0.07753535998864595,0.24660005003076746,0.05049162421741841,0.1621615475740779
Day 28,Day 28,True,0.11074957681321741,0.4692529176865637,0.05475903987931158,0.28946478478458426,0.0757736808363231
Day 56,Day 56,True,0.13845880342574635,0.15731026365604675,0.30426124921172487,0.12455165273335599,0.27541803097312617
Day 84,Day 56,False,0.055097250867721596,0.17632673790862574,0.3676452636620584,0.2862588517863837,0.11467189577521064
Day 56,Day 56,True,0.2112897196138429,0.06854094510950726,0.32664256725127117,0.22384556328672597,0.16968120473865278
Day 0,Day 0,True,0.4666405177869508,0.06822239408567214,0.25962513140043547,0.07520475921500001,0.1303071975119417
Mature,Day 56,False,0.12909268858040474,0.14969532550117495,0.2453575745822252,0.23763734833794348,0.23821706299825152
Mature,Day 84,False,0.12902728219275827,0.20051092764570955,0.09791389543361421,0.31821439651539013,0.25433349821252793
Day 28,Day 28,True,0.08217329169668613,0.445774036594445,0.056368414863142896,0.1618084875991939,0.2538757692465321
Day 84,Day 84,True,0.2043041584314472,0.05384165652290916,0.12522598093468712,0.40036636267582315,0.21626184143513325
Day 28,Day 28,True,0.15585383806021513,0.35705703670128364,0.1538882575694419,0.22481173203729138,0.10838913563176784
Mature,Mature,True,0.10740558347174459,0.23809830155552716,0.11082172568958029,0.0708039986873666,0.47287039059578145
Day 56,Day 84,False,0.0575437255925807,0.10120629251096186,0.2929154705609875,0.36140527683385865,0.1869292345016113
Day 0,Day 0,True,0.45720037420821974,0.23317148962127462,0.11551919529168385,0.11613753731594385,0.0779714035628778
Mature,Mature,True,0.19093468360935506,0.17262013599561205,0.13571907215747692,0.15260567245583304,0.34812043578172297
Day 84,Day 84,True,0.11291592067562822,0.1694875663043723,0.12536157933288453,0.3688304360396056,0.2234044976475093
Day 84,Day 84,True,0.04118905621928835,0.1474910412942645,0.18444384075426073,0.49809899645783634,0.12877706527435015
Day 0,Day 0,True,0.36265017893887996,0.13221809778893112,0.2901244964547055,0.1172113716453824,0.097795855172101
Day 56,Mature,False,0.20376341133907994,0.1100888332770556,0.2610537858597046,0.11426646773877998,0.31082750178537993
Day 28,Day 28,True,0.03757209430670172,0.38903528389636916,0.23033399465786297,0.12309678812502424,0.21996183901404193
Day 84,Day 84,True,0.1447518252126834,0.17436018223447355,0.09041048691599324,0.43309281670475763,0.15738468893209223
Mature,Mature,True,0.17424758352720932,0.17617722937396801,0.05977714267762257,0.08750023811013032,0.5022978063110698
Day 56,Day 56,True,0.24521132561283787,0.17274711388285188,0.4459007176803024,0.057238147220215245,0.07890269560379258
Mature,Mature,True,0.09920193097829007,0.19600093852856393,0.19263093391696653,0.2322593083490908,0.27990688822708865
Day 84,Day 84,True,0.14367763709431147,0.2060794879873368,0.2532803090521423,0.27085456004705777,0.12610800581915185
Day 28,Day 28,True,0.08192037939960939,0.4176917170032765,0.26720330244919493,0.12522080588897244,0.10796379525894678
Day 0,Day 0,True,0.38531508250067326,0.11231985824116153,0.10086676014901913,0.3246128277605601,0.07688547134858596
Mature,Mature,True,0.2258839729059372,0.18766413646333086,0.08038906210864126,0.22116275703473892,0.28490007148735175
Day 84,Day 28,False,0.09877287313699504,0.26442809654538924,0.1682230817836201,0.2441588286888678,0.22441711984512785
Day 0,Day 0,True,0.4574851955662249,0.11650660941039863,0.09059190437304626,0.10421009995101826,0.23120619069931195
Day 56,Day 56,True,0.08861214981011904,0.12555407462909432,0.37585145611494347,0.2462797439075213,0.16370257553832185
Day 0,Day 0,True,0.3864697475618426,0.19969023872575187,0.2074323352743509,0.04484314977462517,0.16156452866342944
Mature,Mature,True,0.1581187178299871,0.18672598370580473,0.09200925064536931,0.04673825857471942,0.5164077892441195
Day 0,Day 0,True,0.5288438842091809,0.15388859437523947,0.16799155790316805,0.07028310280936892,0.0789928607030427
Day 28,Day 84,False,0.1722651361644869,0.294125679277523,0.0644267429210187,0.3082927049925289,0.1608897366444425
Day 56,Mature,False,0.1762755787094795,0.09773966613917992,0.3184076656139063,0.04860754768950477,0.3589695418479296
Day 28,Day 56,False,0.10996179450907845,0.27583126994482793,0.3269070643756785,0.10539840706892255,0.1819014641014926
Day 28,Day 28,True,0.21784203009840672,0.3382362689156711,0.11467886227786726,0.1421078423185,0.18713499638955491
Day 56,Day 56,True,0.05311060705568283,0.2339024118984867,0.39826299172543855,0.2070753997379189,0.107648589582473
Day 84,Day 84,True,0.17955423657432687,0.16182321870949612,0.207030999811666,0.3326692115757793,0.11892233332873176
Mature,Day 0,False,0.37129749284236097,0.1645705428506027,0.12211387457046369,0.18380650181168565,0.15821158792488696
Day 28,Day 84,False,0.05017359434443387,0.33949355963510014,0.12137561083521356,0.3677147562330715,0.12124247895218097
Day 56,Day 56,True,0.20038758344600113,0.15291027727808557,0.4027226164749403,0.09039161799088687,0.1535879048100861
Day 0,Day 0,True,0.48166149391578106,0.21889718900060487,0.035264531270508916,0.039196613652764604,0.22498017216034055
Mature,Mature,True,0.08912433843817898,0.05583251776922517,0.07283072300030018,0.2536633843582698,0.528549036434026
Day 28,Day 28,True,0.3022121198431989,0.34030980712157727,0.2006633667233189,0.06441127701111603,0.09240342930078886
Day 0,Day 0,True,0.3849665290200405,0.11616303775438461,0.12435874723911038,0.22858571373177933,0.1459259722546852
Mature,Mature,True,0.06902997759797294,0.178305325800753,0.12128583243244641,0.2668350841400559,0.36454378002877164
Day 84,Day 84,True,0.0995434081245656,0.12967737025243398,0.19785886681201553,0.49513830374540996,0.07778205106557487
Mature,Mature,True,0.1168967137553184,0.08313638440686727,0.20744619102786666,0.07599186619711998,0.5165288446128278
Mature,Mature,True,0.22250593145239964,0.06044309648331894,0.14242656131908688,0.12575548048836596,0.44886893025682856
Day 56,Day 56,True,0.12599400903925437,0.23274811877291224,0.4066721552256627,0.13721599188710648,0.09736972507506413
Day 28,Day 28,True,0.1740465774828647,0.5958221657689896,0.10660619247734751,0.06717470834898628,0.05635035592181177
Day 0,Day 0,True,0.5363566251299384,0.11859765714209533,0.14119420286707443,0.06804944320966828,0.1358020716512236
Day 28,Day 28,True,0.16805347438942903,0.388290895764487,0.1454019083153045,0.23659431134019568,0.061659410190583845
Day 0,Mature,False,0.2838659341261332,0.07412360457718638,0.09597259400582067,0.23836188163079122,0.30767598566006854
Day 56,Day 28,False,0.2064088380679037,0.30854606532260054,0.23732575833614755,0.06152400297577456,0.18619533529757368
Day 28,Day 28,True,0.06200513233640864,0.4576126335597771,0.23388219394197174,0.1427122338431267,0.10378780631871574
Day 84,Day 84,True,0.04135983292521283,0.1027590371102103,0.27423922242855064,0.4374917232539055,0.1441501842821207
Mature,Mature,True,0.060831954700707395,0.09135031490955073,0.34799841680371524,0.06626465130200722,0.4335546622840194
Day 28,Day 28,True,0.18283426717953272,0.3766100617671848,0.03363157968660956,0.15596881503566262,0.25095527633101034
Day 28,Day 28,True,0.09468895484587443,0.2882375061274592,0.23596615791128822,0.1240258687082671,0.25708151240711113
Day 28,Day 28,True,0.30545632218891805,0.45968494474405475,0.08744342473034203,0.06601945529886229,0.08139585303782289
Day 28,Day 28,True,0.21390240853169137,0.3904070332704014,0.14937480607412582,0.18506383207792462,0.06125192004585674
Mature,Mature,True,0.11196959517813752,0.27577853777251266,0.1316306772948262,0.10607102391014633,0.3745501658443774
Mature,Mature,True,0.26242735013579954,0.09184999209351276,0.15072428580559685,0.19813564792109126,0.29686272404399955
